"year","latitude","longitude","elevation","avg_temp"
"1990",32.6058,-116.6089,714.8,69.4
"1990",32.6263,-116.4699,801.6,71.5666666666667
"1990",32.64,-117.0858,17.1,70.7
"1990",32.69219,-117.20983,4.4,69.8333333333333
"1990",32.7336,-117.1831,4.6,70.9333333333333
"1990",32.76654,-115.56638,-9.1,89.4
"1990",32.7675,-117.0233,161.5,73.7666666666667
"1990",32.8005,-116.928,150.9,74.9666666666667
"1990",32.8358,-116.7774,516.6,73.5
"1990",32.8488,-115.5666,-19.5,89.5
"1990",32.86667,-117.13333,145.4,73.1
"1990",32.88333,-114.86667,147.8,90.5
"1990",32.8856,-116.8149,182.9,74.95
"1990",32.9083,-114.4944,91.4,92.6333333333333
"1990",32.95,-114.7322,256,89.8333333333333
"1990",32.9544,-115.5581,-30.5,88.8666666666667
"1990",32.9897,-116.5872,1414.3,66.0666666666667
"1990",32.9903,-116.0669,231.6,93.0333333333333
"1990",33.0113,-116.908,448.1,73.65
"1990",33.0763,-116.5925,1284.7,71.2333333333333
"1990",33.0955,-116.9975,128,75.1
"1990",33.121,-117.09,182.9,74.3333333333333
"1990",33.2097,-117.395,3,66.7333333333333
"1990",33.2354,-117.2322,131.1,71.8666666666667
"1990",33.2372,-117.0086,452,72.4666666666667
"1990",33.2372,-116.7614,823,71.1333333333333
"1990",33.2559,-116.4036,246.9,91
"1990",33.30424,-117.35508,21.4,73.0333333333333
"1990",33.378,-116.84,1691.6,70.7666666666667
"1990",33.3861,-116.7916,838.2,72.4
"1990",33.5453,-117.7813,13.4,69.5
"1990",33.5697,-116.073,-55.8,91.2
"1990",33.6031,-117.8836,3,66.6666666666667
"1990",33.61388,-114.59813,81.7,90.7666666666667
"1990",33.61876,-114.71451,120.4,91.6
"1990",33.63166,-116.16412,-36,89.9
"1990",33.66667,-117.73333,117,72.7333333333333
"1990",33.6667,-116.7667,1499.6,70.6666666666667
"1990",33.686,-117.3458,386.5,78.4
"1990",33.7,-117.83333,17.1,74.5333333333333
"1990",33.7025,-117.75389,71.6,72
"1990",33.7044,-115.6289,417.6,87.6
"1990",33.7086,-116.2152,-6.4,90.6666666666667
"1990",33.7155,-117.19,432.8,78.05
"1990",33.7442,-117.8667,41.1,73.5333333333333
"1990",33.7572,-116.7066,1639.8,66.1333333333333
"1990",33.7781,-117.085,646.2,75.2333333333333
"1990",33.7965,-116.9753,464.8,78.5
"1990",33.8016,-118.3419,27.4,71.2666666666667
"1990",33.80807,-115.45138,296.6,89.7
"1990",33.81177,-118.14718,10.2,73.6333333333333
"1990",33.8275,-116.5097,129.5,90.5666666666667
"1990",33.8647,-117.8425,70.7,74.8333333333333
"1990",33.9255,-116.9903,789.7,76.9666666666667
"1990",33.93816,-118.3866,29.7,69.5
"1990",33.9511,-117.388,256,78.9333333333333
"1990",33.96694,-117.36139,300.5,76.9666666666667
"1990",33.9778,-120.0778,395.6,57.4666666666667
"1990",33.9958,-119.7222,76.2,60.5
"1990",34.005,-118.4139,28,72.8666666666667
"1990",34.0075,-118.49972,4.3,66.7333333333333
"1990",34.0191,-118.1052,75,77.4666666666667
"1990",34.037,-117.1948,429.8,78
"1990",34.0608,-114.7322,249.9,91.2
"1990",34.0678,-118.2417,115.2,75.2
"1990",34.0697,-118.4427,131.1,69.2333333333333
"1990",34.0816,-117.7658,304.5,72.55
"1990",34.0842,-118.1003,110.6,76.3666666666667
"1990",34.1233,-116.4078,993.6,75.2
"1990",34.12407,-119.12281,3.8,66.3333333333333
"1990",34.128,-116.0369,602,86.3
"1990",34.13444,-117.25389,347.5,77.9
"1990",34.1472,-115.1219,281,92.2
"1990",34.1483,-118.1447,263.3,74.8333333333333
"1990",34.1547,-114.2908,128,90.0666666666667
"1990",34.1819,-118.5744,240.8,77.0333333333333
"1990",34.19806,-119.17528,14.9,66.8
"1990",34.2069,-117.7606,792.5,72.4
"1990",34.2308,-118.0711,1740.4,71
"1990",34.243,-116.917,2058.3,62.4333333333333
"1990",34.2466,-117.1883,1586.5,66.9333333333333
"1990",34.28964,-114.17137,224.9,93.2333333333333
"1990",34.3119,-119.13306,72.2,68.6
"1990",34.3317,-118.0303,1661.2,69.8666666666667
"1990",34.36667,-118.56667,426.7,76.9666666666667
"1990",34.3903,-118.0825,1530.4,69.65
"1990",34.4167,-119.6844,4.9,67.1333333333333
"1990",34.4241,-119.84249,2.5,66.8666666666667
"1990",34.4477,-119.2275,227.1,72.65
"1990",34.4833,-118.6,323.1,74.4
"1990",34.5025,-117.8969,945.2,79.15
"1990",34.52527,-117.29638,850.1,77.6666666666667
"1990",34.58223,-119.98159,240.5,71.9
"1990",34.5883,-118.0938,796.1,80
"1990",34.5891,-117.6302,899.2,77.7666666666667
"1990",34.5958,-118.5786,1502.7,71.8
"1990",34.6538,-120.4513,22.9,65.5666666666667
"1990",34.705,-118.4297,932.7,76.1
"1990",34.74121,-118.21255,712.6,78.8
"1990",34.74361,-118.72528,1374.6,71.9333333333333
"1990",34.76783,-114.61842,270.6,93.1333333333333
"1990",34.8333,-119.3667,189,67.3
"1990",34.85371,-116.78702,584.8,86.0666666666667
"1990",34.8927,-117.0219,676.7,83.4333333333333
"1990",34.89403,-120.45216,74.2,63.5666666666667
"1990",34.9436,-115.5469,1325.9,84.2
"1990",34.9455,-119.6827,658.4,73.5
"1990",34.988,-120.3211,177.4,65.7
"1990",35.0233,-118.7497,434.3,79.3333333333333
"1990",35.0492,-118.1619,833.6,81.1666666666667
"1990",35.0531,-116.0794,289.6,90.5333333333333
"1990",35.08333,-119.38333,205.7,81.5666666666667
"1990",35.13333,-118.45,1224.4,70.1333333333333
"1990",35.1597,-120.683,11.9,62.6333333333333
"1990",35.3056,-120.6619,93.9,65.1
"1990",35.367,-120.8447,36,58.6666666666667
"1990",35.3692,-117.6525,1088.1,80.6333333333333
"1990",35.3811,-120.1875,496.8,72.1666666666667
"1990",35.4028,-119.47,68.6,79.9
"1990",35.43424,-119.05524,149.3,81.0666666666667
"1990",35.5892,-119.352,88.7,78.35
"1990",35.6277,-120.6855,222.5,72.4666666666667
"1990",35.6513,-117.8213,740.7,83.2
"1990",35.6564,-120.9242,303,69.9
"1990",35.66936,-120.62918,249.8,73.2
"1990",35.686254,-117.690911,680,82.0666666666667
"1990",35.7269,-118.7006,957.1,68.3666666666667
"1990",35.7636,-117.3908,516.6,88.1
"1990",35.7831,-118.4389,823.9,80.4
"1990",35.8922,-118.915,64,77.5333333333333
"1990",35.8989,-120.4319,467.9,73.1333333333333
"1990",36.0333,-120.0569,246.9,79.3666666666667
"1990",36.06778,-119.02,119.8,80.4333333333333
"1990",36.0975,-119.5817,61,81.9
"1990",36.1203,-117.0878,2097,71.0666666666667
"1990",36.1356,-120.3606,204.2,81.8333333333333
"1990",36.1388,-117.9527,1165.9,78.4666666666667
"1990",36.18833,-120.69528,701,70.2666666666667
"1990",36.2032,-119.0545,132.6,77.6333333333333
"1990",36.2069,-121.1377,97.5,68.7
"1990",36.26556,-117.18528,1249.7,77.8666666666667
"1990",36.3158,-119.637,72.2,78.2666666666667
"1990",36.32833,-119.2997,92.4,77.6333333333333
"1990",36.33333,-119.95,70.7,78.5333333333333
"1990",36.3469,-121.5108,682.8,68.4
"1990",36.3642,-120.1561,86.9,76.7
"1990",36.3817,-119.0264,156.4,77.9
"1990",36.3825,-120.8558,1137.8,67.7
"1990",36.46263,-116.8672,-59.1,98.5666666666667
"1990",36.465,-118.8619,347.5,79.5666666666667
"1990",36.4819,-121.1822,398.4,71.2
"1990",36.4914,-118.8253,520.6,80.2
"1990",36.5625,-117.4736,2097,68.1333333333333
"1990",36.5672,-118.9556,1240.2,72.0333333333333
"1990",36.5927,-121.8555,37.2,61.6333333333333
"1990",36.6044,-118.7325,2052.8,57.8
"1990",36.61667,-119.3,131.1,79.9
"1990",36.6594,-121.6663,13.7,62.7333333333333
"1990",36.66352,-121.60928,22.3,63.7333333333333
"1990",36.7269,-120.7658,619.4,77.0333333333333
"1990",36.73751,-118.96197,2005.6,61.3
"1990",36.77999,-119.72016,101.9,80.4666666666667
"1990",36.798,-118.2036,1204,78.8
"1990",36.8483,-121.4213,83.8,65.5333333333333
"1990",36.8839,-119.4658,280.4,82.7666666666667
"1990",36.9092,-119.0883,528.8,79.3666666666667
"1990",36.9308,-121.7691,29,62.8
"1990",36.9539,-120.0378,82.3,78.2666666666667
"1990",36.98785,-121.99952,21.3,64.5
"1990",36.98972,-120.92972,124.1,77.7666666666667
"1990",36.9911,-121.7978,137.2,57.7
"1990",36.99574,-119.70691,131.1,78.5666666666667
"1990",37.003,-121.5608,59.1,71.5333333333333
"1990",37.05333,-121.05778,84.4,77.1333333333333
"1990",37.0547,-121.0531,106.7,76.0666666666667
"1990",37.0563,-120.8666,36.6,77.5666666666667
"1990",37.08689,-122.08221,132.6,67.8666666666667
"1990",37.0919,-119.5128,637,78.3333333333333
"1990",37.2275,-119.22056,2139.7,60.2
"1990",37.2319,-121.9592,111.3,69.8
"1990",37.2329,-119.5097,806.2,72.1
"1990",37.2811,-121.0177,27.4,79.1
"1990",37.2888,-120.5158,46.9,77.7333333333333
"1990",37.3053,-122.255,265.8,61.2
"1990",37.31167,-122.36167,83.8,61.2666666666667
"1990",37.34336,-121.63473,1286.3,67.4333333333333
"1990",37.34972,-121.90333,20.4,70.3333333333333
"1990",37.37114,-118.35886,1252.8,74.2333333333333
"1990",37.3738,-117.9802,1592.6,73.1333333333333
"1990",37.4058,-122.0481,11.9,68.7333333333333
"1990",37.4094,-119.7681,937.9,74.4666666666667
"1990",37.4286,-122.2561,115.8,66.1
"1990",37.4436,-122.1402,7.6,66.95
"1990",37.4725,-122.4433,8.2,59.95
"1990",37.4767,-122.2386,9.4,68.7
"1990",37.50193,-120.84566,31.4,76.8666666666667
"1990",37.5042,-119.9869,680,69.2666666666667
"1990",37.5122,-119.6331,1538.3,61.1
"1990",37.5147,-122.0325,3,66.4666666666667
"1990",37.59167,-122.47167,144.8,62.9
"1990",37.61962,-122.36562,3.2,64.3333333333333
"1990",37.62544,-120.95492,26.5,76.3333333333333
"1990",37.6819,-121.3466,41.1,74.6
"1990",37.68194,-121.75139,161.2,72.0333333333333
"1990",37.7119,-121.8136,243.8,69.6
"1990",37.728,-122.5052,2.4,60.1
"1990",37.75027,-119.58972,1224.7,70.3
"1990",37.7705,-122.4269,45.7,63.4666666666667
"1990",37.78333,-122.31667,9.1,65.2
"1990",37.7983,-122.2642,9.1,66.75
"1990",37.8331,-120.5,310.9,75.4
"1990",37.8744,-122.2605,94.5,62.9
"1990",37.8792,-121.9303,661.4,70.0333333333333
"1990",37.88997,-121.22637,8.3,76.6
"1990",37.9191,-122.3772,6.1,65.0666666666667
"1990",37.95,-120.53333,236.2,75.7666666666667
"1990",37.9566,-122.5447,44.2,69.1333333333333
"1990",37.9567,-119.1194,2071.7,65.4333333333333
"1990",37.9613,-119.783,1179.6,68.9666666666667
"1990",37.9672,-120.3872,510.5,73.9
"1990",37.9747,-119.9161,1452.4,68.3333333333333
"1990",37.9833,-121.7525,18.3,75.2
"1990",37.9983,-122.5372,36.6,67.9
"1990",37.9994,-121.3177,3.7,73.8666666666667
"1990",38.0131,-122.1142,12.2,70.9
"1990",38.07,-119.23,2878.8,50.4333333333333
"1990",38.1061,-121.2877,12.2,72.2666666666667
"1990",38.2119,-119.0142,2551.2,54.5333333333333
"1990",38.2428,-120.515,780,68.05
"1990",38.2486,-120.8433,200.6,76.5666666666667
"1990",38.2575,-119.2286,1972.1,59
"1990",38.2577,-122.6077,6.1,67.25
"1990",38.2736,-122.0677,12.2,72.5333333333333
"1990",38.2769,-120.3113,1431,63.9333333333333
"1990",38.2777,-122.2647,10.7,68.4
"1990",38.28,-119.61,2931.3,49.0333333333333
"1990",38.2994,-122.4622,29.6,70.4666666666667
"1990",38.3,-119.55,2194,53.6666666666667
"1990",38.31,-119.6,2690.5,55.2
"1990",38.33056,-120.67056,217.9,75.9
"1990",38.3894,-120.6511,902.2,71.6
"1990",38.39556,-121.96083,33.5,76.3
"1990",38.4305,-122.8647,61,66.5666666666667
"1990",38.44,-119.37,2814.2,53.6333333333333
"1990",38.44611,-120.49917,717.8,70.3666666666667
"1990",38.45579,-122.71335,50.6,67.2333333333333
"1990",38.4916,-122.1241,146.3,74.3666666666667
"1990",38.492,-122.0039,57,76.0666666666667
"1990",38.50056,-120.21889,1127.8,71.8666666666667
"1990",38.50659,-121.49604,5.9,75.5666666666667
"1990",38.5066,-122.4713,68.6,71.3666666666667
"1990",38.51,-119.63,2357.9,56.1
"1990",38.515,-123.2447,34.1,57.2
"1990",38.5252,-121.9777,41.1,78.0333333333333
"1990",38.5349,-121.7761,18.3,74.4666666666667
"1990",38.55,-119.8,2671.6,53.7
"1990",38.5552,-121.4183,11.6,77.0333333333333
"1990",38.573,-122.4405,522.7,68.6333333333333
"1990",38.57682,-122.57811,106.7,72.7666666666667
"1990",38.5908,-120.9336,275.8,72.6333333333333
"1990",38.61,-119.92,2455.8,55.6
"1990",38.62935,-122.86646,53.9,69.8
"1990",38.67,-119.82,1863.9,63.15
"1990",38.67,-119.61,2532.9,56.7
"1990",38.6829,-121.794,20.4,76.7333333333333
"1990",38.6955,-120.8244,563.9,73.2333333333333
"1990",38.7,-121.16667,106.7,76.8
"1990",38.70861,-120.04028,2438.4,55.1
"1990",38.71611,-122.9975,68.3,69.2666666666667
"1990",38.7333,-120.245,1597.2,65.7
"1990",38.73333,-120.73333,839.7,74.7666666666667
"1990",38.7383,-122.1447,107.9,78.2
"1990",38.78333,-120.03333,2240.3,58.0333333333333
"1990",38.78333,-119.8,1722.1,64.7
"1990",38.85,-120.08,2337.8,59.5666666666667
"1990",38.85,-119.94,2370.1,54.2
"1990",38.8619,-122.4172,670.6,72.1
"1990",38.89838,-119.99617,1907,58.8333333333333
"1990",38.9056,-120.6972,1426.5,72.1333333333333
"1990",38.9072,-121.0838,393.8,73
"1990",38.9238,-122.5672,411.2,71.2666666666667
"1990",38.933,-120.8008,914.7,71.0333333333333
"1990",38.9875,-123.3486,196.3,68.4666666666667
"1990",39,-120.13,2343.6,58.7
"1990",39.0717,-120.4217,1597.2,66.1333333333333
"1990",39.0901,-120.947,723.3,74
"1990",39.1258,-123.0736,975.4,69.4
"1990",39.14,-120.22,2028.4,56.8
"1990",39.1458,-121.5852,17.4,78.3666666666667
"1990",39.1466,-123.2102,193.9,71.4333333333333
"1990",39.1678,-120.1428,1898.9,59.1
"1990",39.1875,-122.0269,15.2,74.2666666666667
"1990",39.2041,-121.068,731.5,69.1
"1990",39.2466,-121.0008,847.6,69.7
"1990",39.27617,-120.70927,1611.2,65.3
"1990",39.3,-120.83333,1357.9,69.2
"1990",39.3,-120.18,1983.9,61.7
"1990",39.3036,-121.1172,617.2,78.0333333333333
"1990",39.31833,-120.63917,1571.5,61.5
"1990",39.3239,-120.2331,1809.6,57.45
"1990",39.33,-120.37,2089.4,57.4333333333333
"1990",39.333,-120.173,1774.9,60.0666666666667
"1990",39.3528,-123.6011,180.7,62.5666666666667
"1990",39.3575,-121.2011,499.9,72.9
"1990",39.35917,-122.51778,367.3,75.1666666666667
"1990",39.3619,-123.1286,310.3,70.2333333333333
"1990",39.3886,-120.0936,1699.3,57.3666666666667
"1990",39.3975,-121.3861,244.8,73.9333333333333
"1990",39.4194,-123.3425,412.4,64.7666666666667
"1990",39.43167,-120.24056,1931.5,56.0333333333333
"1990",39.45,-120.29,2134.5,55.2
"1990",39.4539,-120.6556,1641.3,58.8
"1990",39.475,-121.2025,1132,66.8666666666667
"1990",39.51,-123.75639,37.5,59.1
"1990",39.5177,-121.553,52.1,74.2666666666667
"1990",39.52316,-122.3048,71.3,74.9
"1990",39.53194,-121.1611,1130.8,64.7333333333333
"1990",39.5633,-120.8238,888.5,66.7333333333333
"1990",39.56778,-120.62278,1292.4,66.7333333333333
"1990",39.5833,-120.3705,1516.4,64.4
"1990",39.5861,-122.5341,243.8,76.8666666666667
"1990",39.6911,-121.8211,56.4,76.4
"1990",39.7119,-121.7789,70.1,75.8
"1990",39.7458,-122.1997,77.4,77.2
"1990",39.7538,-121.6241,533.4,75.6333333333333
"1990",39.8053,-120.4719,1478.3,59.1
"1990",39.8158,-123.2444,430.7,71.0666666666667
"1990",39.8644,-122.6097,317,75.8333333333333
"1990",39.8716,-121.6108,826,69.1
"1990",39.8717,-121.7689,528.2,79.1
"1990",39.9366,-120.9475,1042.4,70.3
"1990",39.9717,-120.0828,1338.1,66.6333333333333
"1990",39.9733,-120.9419,1066.8,67.6333333333333
"1990",40.0222,-120.1056,1292.4,69.1333333333333
"1990",40.02611,-123.79306,153.3,68.6333333333333
"1990",40.03306,-124.07278,75,59.8
"1990",40.0789,-121.5039,1511.8,62.1666666666667
"1990",40.15186,-122.25478,108,80.0666666666667
"1990",40.1705,-121.0886,1389.9,59.2666666666667
"1990",40.2461,-120.6422,1737.4,63.2666666666667
"1990",40.2569,-124.2661,899.2,63.2666666666667
"1990",40.2789,-122.4869,213.4,73.25
"1990",40.30209,-121.24391,1387.1,62.7
"1990",40.3067,-120.9,1767.8,57.7
"1990",40.3442,-121.7136,1267.7,67.7
"1990",40.3458,-121.6091,1485.9,59.3333333333333
"1990",40.3636,-122.965,838.2,70.1
"1990",40.4167,-120.6631,1283.8,65
"1990",40.4833,-124.1038,41.5,61.7333333333333
"1990",40.4863,-123.9088,125.9,63.3
"1990",40.51462,-122.29773,152.6,79.4333333333333
"1990",40.54,-121.5803,1725.2,59.9
"1990",40.5411,-121.5766,1752.6,57.7666666666667
"1990",40.6116,-122.528,394.7,76.9
"1990",40.6194,-121.8994,736.7,74.5666666666667
"1990",40.7141,-122.4161,327.7,78.2666666666667
"1990",40.7263,-122.7947,567.2,69.5666666666667
"1990",40.7333,-123.2333,457.2,72.7333333333333
"1990",40.73529,-122.9441,627.3,69.6666666666667
"1990",40.7817,-120.7844,1877,58.3
"1990",40.8072,-121.2967,1752.6,63.5666666666667
"1990",40.8097,-124.1602,6.1,59.4666666666667
"1990",40.86667,-120.43333,1615.4,61.3
"1990",40.8802,-121.6547,974.8,62.5
"1990",40.9258,-121.5856,1130.8,67.8666666666667
"1990",40.9316,-121.5433,919,67.1666666666667
"1990",40.9466,-123.6363,141.4,72.5
"1990",41.075,-122.3733,731.5,74.0333333333333
"1990",41.14167,-123.13917,704.1,70
"1990",41.1831,-122.28167,661.1,69.0666666666667
"1990",41.24,-120.79,1886.7,56.6
"1990",41.25171,-122.13827,985.4,65.6333333333333
"1990",41.2706,-120.29845,1621.2,62.2666666666667
"1990",41.2769,-121.9794,975.4,63.7
"1990",41.3003,-123.1322,668.1,70.7
"1990",41.30206,-123.53851,122.8,69.8
"1990",41.3075,-122.7958,955.9,67.9333333333333
"1990",41.32175,-122.31725,1101.2,64.1333333333333
"1990",41.3322,-120.4725,1332.6,65.4333333333333
"1990",41.3378,-122.82484,940.3,64.8
"1990",41.3619,-124.0191,48.8,59.3
"1990",41.39,-123.4958,280.4,72.6
"1990",41.4219,-120.9016,1313.7,64.8333333333333
"1990",41.4789,-122.4539,893.1,68.1
"1990",41.49021,-120.54376,1332.9,63.5
"1990",41.5301,-120.1791,1428.9,66.9666666666667
"1990",41.57861,-124.07472,8.5,60.9333333333333
"1990",41.58,-120.3,2142.7,60
"1990",41.5992,-122.9336,1287.8,67.2666666666667
"1990",41.6853,-122.5942,914.4,72.6
"1990",41.70237,-122.64169,826.6,68.0666666666667
"1990",41.71171,-121.5067,1455.4,63.7
"1990",41.78339,-122.0446,1300,59.25
"1990",41.7861,-122.0056,1645.9,64.1666666666667
"1990",41.7958,-124.2147,13.1,59.0666666666667
"1990",41.79612,-123.37469,348.1,68.9666666666667
"1990",41.8386,-122.85,591.3,70
"1990",41.8586,-123.3525,1423.4,62.9
"1990",41.8715,-120.1574,1444.4,65.1
"1990",41.99,-120.18,2243.3,55.7
"1990",41.9919,-123.6036,1210.1,62.3333333333333
"1991",32.6058,-116.6089,714.8,69.2
"1991",32.6263,-116.4699,801.6,67.3666666666667
"1991",32.64,-117.0858,17.1,67.2666666666667
"1991",32.69219,-117.20983,4.4,66.1333333333333
"1991",32.7336,-117.1831,4.6,66.8
"1991",32.76654,-115.56638,-9.1,90.2
"1991",32.7675,-117.0233,161.5,68.2
"1991",32.8005,-116.928,150.9,71.0333333333333
"1991",32.8358,-116.7774,516.6,69.4
"1991",32.8488,-115.5666,-19.5,87.2333333333333
"1991",32.86667,-117.13333,145.4,68.9666666666667
"1991",32.88333,-114.86667,147.8,89.7
"1991",32.8856,-116.8149,182.9,72.4666666666667
"1991",32.9083,-114.4944,91.4,90.7666666666667
"1991",32.95,-114.7322,256,87.5333333333333
"1991",32.9544,-115.5581,-30.5,85.8666666666667
"1991",32.9897,-116.5872,1414.3,64.5666666666667
"1991",32.9903,-116.0669,231.6,90.9333333333333
"1991",33.0113,-116.908,448.1,66.9
"1991",33.0763,-116.5925,1284.7,67.0333333333333
"1991",33.0955,-116.9975,128,71.3333333333333
"1991",33.121,-117.09,182.9,70.1
"1991",33.2097,-117.395,3,63.05
"1991",33.2354,-117.2322,131.1,69.0333333333333
"1991",33.2372,-117.0086,452,70
"1991",33.2372,-116.7614,823,68.7333333333333
"1991",33.2559,-116.4036,246.9,87.8
"1991",33.30424,-117.35508,21.4,69.7
"1991",33.378,-116.84,1691.6,67.8666666666667
"1991",33.3861,-116.7916,838.2,72.4
"1991",33.5453,-117.7813,13.4,66.6666666666667
"1991",33.5697,-116.073,-55.8,87.6333333333333
"1991",33.6031,-117.8836,3,63.4666666666667
"1991",33.61388,-114.59813,81.7,88.1666666666667
"1991",33.61876,-114.71451,120.4,89.4666666666667
"1991",33.63166,-116.16412,-36,86.8333333333333
"1991",33.66667,-117.73333,117,71.4333333333333
"1991",33.6667,-116.7667,1499.6,68.5333333333333
"1991",33.686,-117.3458,386.5,75.8333333333333
"1991",33.7,-117.83333,17.1,70.7
"1991",33.7025,-117.75389,71.6,68.7333333333333
"1991",33.7044,-115.6289,417.6,84.6333333333333
"1991",33.7086,-116.2152,-6.4,86.65
"1991",33.7155,-117.19,432.8,75.4
"1991",33.7442,-117.8667,41.1,69.5
"1991",33.7572,-116.7066,1639.8,63.7
"1991",33.7781,-117.085,646.2,71.5
"1991",33.7965,-116.9753,464.8,75.3333333333333
"1991",33.8016,-118.3419,27.4,66.4666666666667
"1991",33.80807,-115.45138,296.6,89.3666666666667
"1991",33.81177,-118.14718,10.2,69.4666666666667
"1991",33.8275,-116.5097,129.5,88
"1991",33.8647,-117.8425,70.7,70.7333333333333
"1991",33.9255,-116.9903,789.7,72.4
"1991",33.93816,-118.3866,29.7,66.6
"1991",33.9511,-117.388,256,74.8
"1991",33.96694,-117.36139,300.5,73.2333333333333
"1991",33.9778,-120.0778,395.6,54.6333333333333
"1991",33.9958,-119.7222,76.2,57.8
"1991",34.005,-118.4139,28,69.5333333333333
"1991",34.0075,-118.49972,4.3,63.3
"1991",34.0191,-118.1052,75,75.6
"1991",34.037,-117.1948,429.8,74.1666666666667
"1991",34.0608,-114.7322,249.9,89.4333333333333
"1991",34.0678,-118.2417,115.2,70.4
"1991",34.0697,-118.4427,131.1,65.6333333333333
"1991",34.0816,-117.7658,304.5,69.95
"1991",34.0842,-118.1003,110.6,72.6333333333333
"1991",34.1233,-116.4078,993.6,78.55
"1991",34.12407,-119.12281,3.8,63.8333333333333
"1991",34.128,-116.0369,602,84.1
"1991",34.13444,-117.25389,347.5,73.3333333333333
"1991",34.1472,-115.1219,281,89.2
"1991",34.1483,-118.1447,263.3,72.3
"1991",34.1547,-114.2908,128,88.4666666666667
"1991",34.1819,-118.5744,240.8,72.8
"1991",34.1866,-118.348,199.6,73.9
"1991",34.19806,-119.17528,14.9,64.2
"1991",34.2069,-117.7606,792.5,68.9666666666667
"1991",34.2211,-117.4044,627,71.2
"1991",34.2308,-118.0711,1740.4,66.85
"1991",34.243,-116.917,2058.3,60.3
"1991",34.2466,-117.1883,1586.5,64.3333333333333
"1991",34.28964,-114.17137,224.9,91.3
"1991",34.3317,-118.0303,1661.2,66.9333333333333
"1991",34.36667,-118.56667,426.7,71.2666666666667
"1991",34.3903,-118.0825,1530.4,73.2
"1991",34.4167,-119.6844,4.9,63.2333333333333
"1991",34.4241,-119.84249,2.5,63.3
"1991",34.4477,-119.2275,227.1,68.2333333333333
"1991",34.4833,-118.6,323.1,69.7666666666667
"1991",34.52527,-117.29638,850.1,75.5333333333333
"1991",34.58223,-119.98159,240.5,65.5666666666667
"1991",34.5883,-118.0938,796.1,78.1666666666667
"1991",34.5891,-117.6302,899.2,75.6666666666667
"1991",34.5958,-118.5786,1502.7,69.8
"1991",34.6538,-120.4513,22.9,63.6666666666667
"1991",34.705,-118.4297,932.7,74.0666666666667
"1991",34.74121,-118.21255,712.6,76.9666666666667
"1991",34.74361,-118.72528,1374.6,70
"1991",34.76783,-114.61842,270.6,91.9666666666667
"1991",34.8333,-119.3667,189,66.7
"1991",34.85371,-116.78702,584.8,85.0666666666667
"1991",34.8927,-117.0219,676.7,83.85
"1991",34.89403,-120.45216,74.2,61.7666666666667
"1991",34.9436,-115.5469,1325.9,77.6333333333333
"1991",34.9455,-119.6827,658.4,71.4333333333333
"1991",34.988,-120.3211,177.4,64.2666666666667
"1991",35.0233,-118.7497,434.3,77.6666666666667
"1991",35.0492,-118.1619,833.6,80
"1991",35.0531,-116.0794,289.6,89.5
"1991",35.08333,-119.38333,205.7,81.2666666666667
"1991",35.13333,-118.45,1224.4,68.7333333333333
"1991",35.1597,-120.683,11.9,60.6333333333333
"1991",35.3056,-120.6619,93.9,63.7666666666667
"1991",35.367,-120.8447,36,56.2
"1991",35.3692,-117.6525,1088.1,78.9333333333333
"1991",35.3811,-120.1875,496.8,68.4
"1991",35.4028,-119.47,68.6,78.5666666666667
"1991",35.43424,-119.05524,149.3,80.0333333333333
"1991",35.5892,-119.352,88.7,78.8333333333333
"1991",35.6277,-120.6855,222.5,69.1
"1991",35.6513,-117.8213,740.7,79.85
"1991",35.6564,-120.9242,303,67.1
"1991",35.66936,-120.62918,249.8,70.4333333333333
"1991",35.686254,-117.690911,680,82.3333333333333
"1991",35.7269,-118.7006,957.1,67.4666666666667
"1991",35.7636,-117.3908,516.6,86.1666666666667
"1991",35.7831,-118.4389,823.9,77.8
"1991",35.8922,-118.915,64,77.2333333333333
"1991",35.8989,-120.4319,467.9,71.7
"1991",36.0333,-120.0569,246.9,79.1666666666667
"1991",36.06778,-119.02,119.8,79.1666666666667
"1991",36.0975,-119.5817,61,73.3
"1991",36.1203,-117.0878,2097,69.4
"1991",36.1356,-120.3606,204.2,80.7333333333333
"1991",36.1388,-117.9527,1165.9,76.7333333333333
"1991",36.18833,-120.69528,701,67.5666666666667
"1991",36.2032,-119.0545,132.6,76.75
"1991",36.2069,-121.1377,97.5,66.8666666666667
"1991",36.26556,-117.18528,1249.7,76.7
"1991",36.3158,-119.637,72.2,75.5
"1991",36.32833,-119.2997,92.4,77.2333333333333
"1991",36.33333,-119.95,70.7,78.7
"1991",36.3469,-121.5108,682.8,66.1
"1991",36.3642,-120.1561,86.9,76.8
"1991",36.3817,-119.0264,156.4,77.7333333333333
"1991",36.3825,-120.8558,1137.8,70.2
"1991",36.46263,-116.8672,-59.1,96.0333333333333
"1991",36.465,-118.8619,347.5,78.5
"1991",36.4819,-121.1822,398.4,69.6333333333333
"1991",36.4914,-118.8253,520.6,79.3333333333333
"1991",36.5625,-117.4736,2097,66.6
"1991",36.5672,-118.9556,1240.2,74.6
"1991",36.5927,-121.8555,37.2,59.4
"1991",36.6044,-118.7325,2052.8,57.0333333333333
"1991",36.6594,-121.6663,13.7,61.1
"1991",36.66352,-121.60928,22.3,61.6
"1991",36.73751,-118.96197,2005.6,60
"1991",36.77999,-119.72016,101.9,79
"1991",36.798,-118.2036,1204,78.0333333333333
"1991",36.8483,-121.4213,83.8,64.0333333333333
"1991",36.8839,-119.4658,280.4,82.15
"1991",36.9092,-119.0883,528.8,77.8666666666667
"1991",36.9308,-121.7691,29,58.5666666666667
"1991",36.9539,-120.0378,82.3,76.4666666666667
"1991",36.98785,-121.99952,21.3,62.5666666666667
"1991",36.98972,-120.92972,124.1,75.6
"1991",36.9911,-121.7978,137.2,61.3666666666667
"1991",36.99574,-119.70691,131.1,76.5333333333333
"1991",37.003,-121.5608,59.1,68.4
"1991",37.05333,-121.05778,84.4,74.0333333333333
"1991",37.0563,-120.8666,36.6,74.7
"1991",37.08689,-122.08221,132.6,65
"1991",37.0919,-119.5128,637,77.3333333333333
"1991",37.2275,-119.22056,2139.7,59.1666666666667
"1991",37.2319,-121.9592,111.3,67.7333333333333
"1991",37.2329,-119.5097,806.2,71
"1991",37.2811,-121.0177,27.4,74.1666666666667
"1991",37.2888,-120.5158,46.9,75.8666666666667
"1991",37.3053,-122.255,265.8,59.2333333333333
"1991",37.31167,-122.36167,83.8,59.2666666666667
"1991",37.34336,-121.63473,1286.3,66.5666666666667
"1991",37.34972,-121.90333,20.4,68.1
"1991",37.37114,-118.35886,1252.8,73.5666666666667
"1991",37.3738,-117.9802,1592.6,70.9
"1991",37.4058,-122.0481,11.9,66.8
"1991",37.4094,-119.7681,937.9,76.5
"1991",37.4286,-122.2561,115.8,63.2
"1991",37.4436,-122.1402,7.6,64.2
"1991",37.4725,-122.4433,8.2,55.9666666666667
"1991",37.4767,-122.2386,9.4,66.6
"1991",37.50193,-120.84566,31.4,74.8
"1991",37.5042,-119.9869,680,71.6666666666667
"1991",37.5122,-119.6331,1538.3,60.6666666666667
"1991",37.5128,-119.6047,1950.7,65.0333333333333
"1991",37.5147,-122.0325,3,63.7666666666667
"1991",37.59167,-122.47167,144.8,59.05
"1991",37.61962,-122.36562,3.2,62.4333333333333
"1991",37.62544,-120.95492,26.5,74.3333333333333
"1991",37.6819,-121.3466,41.1,72.8333333333333
"1991",37.68194,-121.75139,161.2,69.4666666666667
"1991",37.7119,-121.8136,243.8,66.6
"1991",37.728,-122.5052,2.4,58
"1991",37.75027,-119.58972,1224.7,73.1
"1991",37.7705,-122.4269,45.7,60.9666666666667
"1991",37.78333,-122.31667,9.1,62.5333333333333
"1991",37.7983,-122.2642,9.1,62.15
"1991",37.8511,-119.65,2446,56.8666666666667
"1991",37.8683,-119.3183,2825.5,51.2
"1991",37.8792,-121.9303,661.4,67.3
"1991",37.88997,-121.22637,8.3,73.9
"1991",37.9191,-122.3772,6.1,61.9333333333333
"1991",37.95,-120.53333,236.2,74.7666666666667
"1991",37.9566,-122.5447,44.2,67.1666666666667
"1991",37.9567,-119.1194,2071.7,64.35
"1991",37.9613,-119.783,1179.6,67.7333333333333
"1991",37.9672,-120.3872,510.5,73.1
"1991",37.9747,-119.9161,1452.4,68.0333333333333
"1991",37.9833,-121.7525,18.3,73.7
"1991",37.9983,-122.5372,36.6,65.3333333333333
"1991",37.9994,-121.3177,3.7,71.9666666666667
"1991",38.0131,-122.1142,12.2,68.8
"1991",38.07,-119.23,2878.8,51.6
"1991",38.1061,-121.2877,12.2,70.95
"1991",38.2119,-119.0142,2551.2,54.5666666666667
"1991",38.2428,-120.515,780,71.4
"1991",38.2486,-120.8433,200.6,74.5
"1991",38.2575,-119.2286,1972.1,61.1666666666667
"1991",38.2577,-122.6077,6.1,62.9
"1991",38.2736,-122.0677,12.2,69.8666666666667
"1991",38.2769,-120.3113,1431,63.2
"1991",38.2777,-122.2647,10.7,66.2333333333333
"1991",38.28,-119.61,2931.3,48.0333333333333
"1991",38.2994,-122.4622,29.6,67.9333333333333
"1991",38.3,-119.55,2194,52.8
"1991",38.31,-119.6,2690.5,54.2666666666667
"1991",38.33056,-120.67056,217.9,72.4666666666667
"1991",38.3894,-120.6511,902.2,73.2333333333333
"1991",38.39556,-121.96083,33.5,74.0333333333333
"1991",38.4305,-122.8647,61,64.2
"1991",38.44,-119.37,2814.2,52.7666666666667
"1991",38.44611,-120.49917,717.8,69.3666666666667
"1991",38.45579,-122.71335,50.6,64.3666666666667
"1991",38.4786,-122.7119,175.6,63.3333333333333
"1991",38.4916,-122.1241,146.3,72.1333333333333
"1991",38.492,-122.0039,57,73.8
"1991",38.50056,-120.21889,1127.8,68.55
"1991",38.50659,-121.49604,5.9,73.4333333333333
"1991",38.5066,-122.4713,68.6,69.4666666666667
"1991",38.51,-119.63,2357.9,53.5333333333333
"1991",38.515,-123.2447,34.1,55.6
"1991",38.5252,-121.9777,41.1,75.6
"1991",38.5349,-121.7761,18.3,72.7333333333333
"1991",38.55,-119.8,2671.6,53.2
"1991",38.5552,-121.4183,11.6,74.3333333333333
"1991",38.573,-122.4405,522.7,66.3333333333333
"1991",38.57682,-122.57811,106.7,71.95
"1991",38.5908,-120.9336,275.8,73.7
"1991",38.61,-119.92,2455.8,53.7666666666667
"1991",38.62935,-122.86646,53.9,67.3
"1991",38.67,-119.82,1863.9,63.6
"1991",38.67,-119.61,2532.9,55.7
"1991",38.6829,-121.794,20.4,74.4
"1991",38.69194,-119.78028,1685.5,60.7666666666667
"1991",38.6955,-120.8244,563.9,69.05
"1991",38.7,-121.16667,106.7,74.9
"1991",38.70861,-120.04028,2438.4,48.1
"1991",38.71611,-122.9975,68.3,67.4
"1991",38.7333,-120.245,1597.2,61.6
"1991",38.73333,-120.73333,839.7,74.4666666666667
"1991",38.7383,-122.1447,107.9,73.2
"1991",38.78333,-120.03333,2240.3,57.8
"1991",38.85,-120.08,2337.8,55.8
"1991",38.85,-119.94,2370.1,49.7
"1991",38.8619,-122.4172,670.6,70.4666666666667
"1991",38.89838,-119.99617,1907,56.9
"1991",38.9056,-120.6972,1426.5,74.45
"1991",38.9072,-121.0838,393.8,67.8
"1991",38.92,-119.92,2615.8,51.5
"1991",38.9238,-122.5672,411.2,69.9333333333333
"1991",38.93,-120.05,1900.7,56.1666666666667
"1991",38.933,-120.8008,914.7,71.2
"1991",38.9875,-123.3486,196.3,66.1333333333333
"1991",39,-120.13,2343.6,55.35
"1991",39.0717,-120.4217,1597.2,69
"1991",39.0901,-120.947,723.3,69.2
"1991",39.1258,-123.0736,975.4,69.8
"1991",39.14,-120.22,2028.4,58.4
"1991",39.1458,-121.5852,17.4,76.6333333333333
"1991",39.1466,-123.2102,193.9,70.5666666666667
"1991",39.1678,-120.1428,1898.9,59.2333333333333
"1991",39.17,-120.15,2071.7,57.7333333333333
"1991",39.1875,-122.0269,15.2,73.55
"1991",39.19,-120.26,2447.2,54.7
"1991",39.2041,-121.068,731.5,68.2
"1991",39.2466,-121.0008,847.6,68.8333333333333
"1991",39.3,-120.83333,1357.9,67.4
"1991",39.3,-120.18,1983.9,60.7333333333333
"1991",39.3036,-121.1172,617.2,73.4
"1991",39.31833,-120.63917,1571.5,58.3
"1991",39.3239,-120.2331,1809.6,58.1666666666667
"1991",39.33,-120.37,2089.4,56.3
"1991",39.333,-120.173,1774.9,58.55
"1991",39.3528,-123.6011,180.7,57.7
"1991",39.35917,-122.51778,367.3,73.1
"1991",39.3619,-123.1286,310.3,69.7
"1991",39.3886,-120.0936,1699.3,57.7333333333333
"1991",39.4194,-123.3425,412.4,61
"1991",39.43167,-120.24056,1931.5,55.4666666666667
"1991",39.475,-121.2025,1132,69.9
"1991",39.4833,-120.075,2093.1,61.7
"1991",39.49,-120.28,1967.8,55.8
"1991",39.51,-123.75639,37.5,57.7
"1991",39.5177,-121.553,52.1,73.3666666666667
"1991",39.52316,-122.3048,71.3,73.8333333333333
"1991",39.53194,-121.1611,1130.8,64.0333333333333
"1991",39.5633,-120.8238,888.5,65.7666666666667
"1991",39.56778,-120.62278,1292.4,65.7333333333333
"1991",39.5833,-120.3705,1516.4,62.6
"1991",39.5861,-122.5341,243.8,75.2
"1991",39.6911,-121.8211,56.4,74.2333333333333
"1991",39.7119,-121.7789,70.1,73.2333333333333
"1991",39.7458,-122.1997,77.4,75.5666666666667
"1991",39.7538,-121.6241,533.4,74.8666666666667
"1991",39.8053,-120.4719,1478.3,61.1
"1991",39.8158,-123.2444,430.7,70.4666666666667
"1991",39.8644,-122.6097,317,77.4
"1991",39.8716,-121.6108,826,68.3
"1991",39.8717,-121.7689,528.2,72.25
"1991",39.9366,-120.9475,1042.4,64.95
"1991",39.9717,-120.0828,1338.1,65.7
"1991",39.9733,-120.9419,1066.8,66.7666666666667
"1991",40.0222,-120.1056,1292.4,67.8333333333333
"1991",40.02611,-123.79306,153.3,66.9666666666667
"1991",40.03306,-124.07278,75,59.9
"1991",40.0789,-121.5039,1511.8,61.3333333333333
"1991",40.15186,-122.25478,108,77.9333333333333
"1991",40.1705,-121.0886,1389.9,62.9333333333333
"1991",40.1867,-123.5903,281.3,69.9
"1991",40.2461,-120.6422,1737.4,63.0333333333333
"1991",40.2569,-124.2661,899.2,61.0333333333333
"1991",40.2789,-122.4869,213.4,78.4
"1991",40.295,-122.8667,1066.8,70.3
"1991",40.30209,-121.24391,1387.1,62.5666666666667
"1991",40.3067,-120.9,1767.8,60
"1991",40.3375,-123.0656,1378.8,68.6
"1991",40.3442,-121.7136,1267.7,73.5
"1991",40.3458,-121.6091,1485.9,58.6
"1991",40.4833,-124.1038,41.5,59.0666666666667
"1991",40.4863,-123.9088,125.9,60.6
"1991",40.505,-123.3417,1219.2,66.5
"1991",40.51462,-122.29773,152.6,78.7
"1991",40.54,-121.5803,1725.2,57.3666666666667
"1991",40.5411,-121.5766,1752.6,58.4
"1991",40.6116,-122.528,394.7,77.2
"1991",40.6194,-121.8994,736.7,75.3666666666667
"1991",40.7141,-122.4161,327.7,77.9
"1991",40.7263,-122.7947,567.2,69.5
"1991",40.7333,-123.2333,457.2,72.9333333333333
"1991",40.73529,-122.9441,627.3,69.6666666666667
"1991",40.7817,-120.7844,1877,56.35
"1991",40.8072,-121.2967,1752.6,63.4666666666667
"1991",40.8097,-124.1602,6.1,56.9666666666667
"1991",40.86667,-120.43333,1615.4,60.2666666666667
"1991",40.8802,-121.6547,974.8,62.5333333333333
"1991",40.8892,-123.1422,1219.2,65.2
"1991",40.9316,-121.5433,919,67.1
"1991",40.9466,-123.6363,141.4,72.0666666666667
"1991",41.075,-122.3733,731.5,74.0666666666667
"1991",41.1117,-122.6967,1341.1,70.8
"1991",41.14167,-123.13917,704.1,70.5333333333333
"1991",41.1831,-122.28167,661.1,68.9333333333333
"1991",41.24,-120.79,1886.7,57.9
"1991",41.25171,-122.13827,985.4,65.7
"1991",41.2706,-120.29845,1621.2,62.3
"1991",41.2769,-121.9794,975.4,64.3
"1991",41.3003,-123.1322,668.1,72
"1991",41.30206,-123.53851,122.8,71.4333333333333
"1991",41.3075,-122.7958,955.9,67.6666666666667
"1991",41.32175,-122.31725,1101.2,64.0666666666667
"1991",41.3322,-120.4725,1332.6,64.3
"1991",41.3378,-122.82484,940.3,64.7333333333333
"1991",41.3619,-124.0191,48.8,56.1666666666667
"1991",41.39,-123.4958,280.4,72.6
"1991",41.4219,-120.9016,1313.7,64.1666666666667
"1991",41.4272,-121.4639,1602.6,63.9666666666667
"1991",41.4789,-122.4539,893.1,66.8
"1991",41.49021,-120.54376,1332.9,61.6
"1991",41.5301,-120.1791,1428.9,66.6666666666667
"1991",41.57861,-124.07472,8.5,59.5
"1991",41.58,-120.3,2142.7,53.6
"1991",41.5992,-122.9336,1287.8,67.7666666666667
"1991",41.60104,-122.84775,831.8,68.3
"1991",41.6853,-122.5942,914.4,68.1333333333333
"1991",41.70237,-122.64169,826.6,68.6
"1991",41.71171,-121.5067,1455.4,68.9
"1991",41.775,-122.9503,1674.3,66
"1991",41.7861,-122.0056,1645.9,63.8333333333333
"1991",41.7958,-124.2147,13.1,57.3
"1991",41.79612,-123.37469,348.1,70.5333333333333
"1991",41.8386,-122.85,591.3,70.1333333333333
"1991",41.8586,-123.3525,1423.4,66.2
"1991",41.8715,-120.1574,1444.4,64
"1991",41.99,-120.18,2243.3,52.9333333333333
"1991",41.9919,-123.6036,1210.1,62.2333333333333
"1992",32.6263,-116.4699,801.6,73.7
"1992",32.64,-117.0858,17.1,71.5666666666667
"1992",32.69219,-117.20983,4.4,71.5333333333333
"1992",32.7336,-117.1831,4.6,71.6
"1992",32.76654,-115.56638,-9.1,92.5
"1992",32.7675,-117.0233,161.5,74.4333333333333
"1992",32.8005,-116.928,150.9,77.3
"1992",32.8358,-116.7774,516.6,74.9
"1992",32.8488,-115.5666,-19.5,88.7
"1992",32.86667,-117.13333,145.4,72.9666666666667
"1992",32.88333,-114.86667,147.8,91
"1992",32.8856,-116.8149,182.9,74.8
"1992",32.9083,-114.4944,91.4,92.7666666666667
"1992",32.95,-114.7322,256,89.2
"1992",32.9544,-115.5581,-30.5,88.1333333333333
"1992",32.9897,-116.5872,1414.3,66.0333333333333
"1992",32.9903,-116.0669,231.6,92.0333333333333
"1992",33.0113,-116.908,448.1,67.7
"1992",33.0763,-116.5925,1284.7,68.5666666666667
"1992",33.0955,-116.9975,128,79.7
"1992",33.121,-117.09,182.9,75.8666666666667
"1992",33.2097,-117.395,3,66.8666666666667
"1992",33.2354,-117.2322,131.1,73.2333333333333
"1992",33.2372,-116.7614,823,71.2666666666667
"1992",33.2559,-116.4036,246.9,87.9
"1992",33.30424,-117.35508,21.4,73.5
"1992",33.378,-116.84,1691.6,67.8
"1992",33.3861,-116.7916,838.2,73.5
"1992",33.5697,-116.073,-55.8,90.1666666666667
"1992",33.6031,-117.8836,3,66.8666666666667
"1992",33.61388,-114.59813,81.7,89.7
"1992",33.61876,-114.71451,120.4,91.4
"1992",33.63166,-116.16412,-36,87.4
"1992",33.66667,-117.73333,117,74.5
"1992",33.6667,-116.7667,1499.6,69.7666666666667
"1992",33.686,-117.3458,386.5,77.9
"1992",33.7,-117.83333,17.1,74.9
"1992",33.7025,-117.75389,71.6,71.9
"1992",33.7044,-115.6289,417.6,85.9666666666667
"1992",33.7086,-116.2152,-6.4,90.7333333333333
"1992",33.7155,-117.19,432.8,71.3
"1992",33.7442,-117.8667,41.1,73.6
"1992",33.7572,-116.7066,1639.8,64.2
"1992",33.7781,-117.085,646.2,74.1
"1992",33.8016,-118.3419,27.4,70.2333333333333
"1992",33.80807,-115.45138,296.6,90.1
"1992",33.8081,-117.7111,542.8,72.8333333333333
"1992",33.81177,-118.14718,10.2,73.8666666666667
"1992",33.8275,-116.5097,129.5,92.4
"1992",33.8647,-117.8425,70.7,75.0666666666667
"1992",33.9255,-116.9903,789.7,75.6333333333333
"1992",33.93816,-118.3866,29.7,70.1
"1992",33.9511,-117.388,256,78.7
"1992",33.96694,-117.36139,300.5,76.7
"1992",33.9778,-120.0778,395.6,59.8333333333333
"1992",33.9958,-119.7222,76.2,63.9333333333333
"1992",34.005,-118.4139,28,75
"1992",34.0075,-118.49972,4.3,66.1666666666667
"1992",34.0178,-116.1878,1280.2,74.4333333333333
"1992",34.0191,-118.1052,75,76.8333333333333
"1992",34.037,-117.1948,429.8,77.4666666666667
"1992",34.0608,-114.7322,249.9,91.0333333333333
"1992",34.0678,-118.2417,115.2,75.0333333333333
"1992",34.0697,-118.4427,131.1,69.8666666666667
"1992",34.0816,-117.7658,304.5,69.75
"1992",34.0842,-118.1003,110.6,76.3333333333333
"1992",34.1233,-116.4078,993.6,77.8
"1992",34.12407,-119.12281,3.8,66.3
"1992",34.128,-116.0369,602,87.7
"1992",34.13444,-117.25389,347.5,77.2
"1992",34.1472,-115.1219,281,91.3333333333333
"1992",34.1483,-118.1447,263.3,75.4
"1992",34.1547,-114.2908,128,89.8666666666667
"1992",34.1819,-118.5744,240.8,77.0333333333333
"1992",34.1866,-118.348,199.6,70.9
"1992",34.19806,-119.17528,14.9,67.1333333333333
"1992",34.2069,-117.7606,792.5,71.3666666666667
"1992",34.2103,-116.6339,1828.8,70.6
"1992",34.2211,-117.4044,627,74.1666666666667
"1992",34.2308,-118.0711,1740.4,69.2
"1992",34.243,-116.917,2058.3,60.6333333333333
"1992",34.2466,-117.1883,1586.5,65.9
"1992",34.28964,-114.17137,224.9,92
"1992",34.3317,-118.0303,1661.2,67.2333333333333
"1992",34.36667,-118.56667,426.7,77
"1992",34.3903,-118.0825,1530.4,75.8333333333333
"1992",34.4167,-119.6844,4.9,68.2
"1992",34.4241,-119.84249,2.5,68.7
"1992",34.4477,-119.2275,227.1,74.65
"1992",34.5025,-117.8969,945.2,77.5333333333333
"1992",34.52527,-117.29638,850.1,75.6333333333333
"1992",34.5356,-117.0258,1438.7,73.8666666666667
"1992",34.58223,-119.98159,240.5,71.9333333333333
"1992",34.5883,-118.0938,796.1,78.8666666666667
"1992",34.5891,-117.6302,899.2,76.1
"1992",34.5958,-118.5786,1502.7,71.6333333333333
"1992",34.6538,-120.4513,22.9,66.8
"1992",34.705,-118.4297,932.7,75.1333333333333
"1992",34.74121,-118.21255,712.6,77.4666666666667
"1992",34.74361,-118.72528,1374.6,71.1
"1992",34.76783,-114.61842,270.6,92.8
"1992",34.85371,-116.78702,584.8,85.5666666666667
"1992",34.8927,-117.0219,676.7,81.5333333333333
"1992",34.89403,-120.45216,74.2,63.6666666666667
"1992",34.9436,-115.5469,1325.9,80.9
"1992",34.9455,-119.6827,658.4,75.5
"1992",34.988,-120.3211,177.4,68.2
"1992",35.0233,-118.7497,434.3,75.7
"1992",35.0492,-118.1619,833.6,80.1333333333333
"1992",35.0531,-116.0794,289.6,90.2
"1992",35.0767,-117.585,881.8,79.2
"1992",35.08333,-119.38333,205.7,81.8666666666667
"1992",35.0964,-119.7728,759,76
"1992",35.1231,-115.4114,1649.9,71.3333333333333
"1992",35.13333,-118.45,1224.4,71.65
"1992",35.1542,-117.1756,987.6,79.0333333333333
"1992",35.1597,-120.683,11.9,62.9666666666667
"1992",35.3056,-120.6619,93.9,65.7
"1992",35.367,-120.8447,36,56.9
"1992",35.3692,-117.6525,1088.1,79.1666666666667
"1992",35.37,-117.5683,1103.4,79.5
"1992",35.3811,-120.1875,496.8,71.7
"1992",35.4028,-119.47,68.6,78.9
"1992",35.43424,-119.05524,149.3,80.9333333333333
"1992",35.5892,-119.352,88.7,80
"1992",35.6277,-120.6855,222.5,71.1
"1992",35.6513,-117.8213,740.7,81.9666666666667
"1992",35.6564,-120.9242,303,70.5333333333333
"1992",35.6647,-118.0569,1698.3,73.3
"1992",35.66936,-120.62918,249.8,72.4
"1992",35.686254,-117.690911,680,88.05
"1992",35.7269,-118.7006,957.1,70.45
"1992",35.7636,-117.3908,516.6,88.8
"1992",35.7706,-115.9092,1524,76.6333333333333
"1992",35.7831,-118.4389,823.9,78.25
"1992",35.8842,-118.0517,2507.9,61.3333333333333
"1992",35.8922,-118.915,64,78.4333333333333
"1992",35.8989,-120.4319,467.9,72.2333333333333
"1992",36.0333,-120.0569,246.9,80.4666666666667
"1992",36.06778,-119.02,119.8,79.0333333333333
"1992",36.0975,-119.5817,61,78.8
"1992",36.1203,-117.0878,2097,69.7333333333333
"1992",36.1356,-120.3606,204.2,81.4
"1992",36.1388,-117.9527,1165.9,76.8333333333333
"1992",36.18833,-120.69528,701,70
"1992",36.2032,-119.0545,132.6,78.7666666666667
"1992",36.2069,-121.1377,97.5,69.1333333333333
"1992",36.26556,-117.18528,1249.7,76.8333333333333
"1992",36.3158,-119.637,72.2,78.9
"1992",36.32833,-119.2997,92.4,77.8666666666667
"1992",36.33333,-119.95,70.7,79.4
"1992",36.3469,-121.5108,682.8,67.8
"1992",36.3478,-120.5978,1524,68.2666666666667
"1992",36.3642,-120.1561,86.9,74.5
"1992",36.3817,-119.0264,156.4,79.2
"1992",36.3825,-120.8558,1137.8,71
"1992",36.4069,-118.4217,2621.3,63.1
"1992",36.46263,-116.8672,-59.1,97.4333333333333
"1992",36.465,-118.8619,347.5,79.9
"1992",36.4819,-121.1822,398.4,70.8333333333333
"1992",36.4914,-118.8253,520.6,80.7
"1992",36.5625,-117.4736,2097,66.7333333333333
"1992",36.5672,-118.9556,1240.2,72.5333333333333
"1992",36.5927,-121.8555,37.2,61.9666666666667
"1992",36.6044,-118.7325,2052.8,57.5333333333333
"1992",36.6594,-121.6663,13.7,64.1
"1992",36.66352,-121.60928,22.3,64.3666666666667
"1992",36.7267,-118.675,2475,64.2
"1992",36.7269,-120.7658,619.4,78.4666666666667
"1992",36.73751,-118.96197,2005.6,60.5666666666667
"1992",36.77999,-119.72016,101.9,80.4333333333333
"1992",36.798,-118.2036,1204,78.1333333333333
"1992",36.8483,-121.4213,83.8,66.7666666666667
"1992",36.8839,-119.4658,280.4,76.6
"1992",36.9092,-119.0883,528.8,78.1333333333333
"1992",36.9308,-121.7691,29,63.7666666666667
"1992",36.9539,-120.0378,82.3,77.8333333333333
"1992",36.98785,-121.99952,21.3,64.9666666666667
"1992",36.98972,-120.92972,124.1,77.5333333333333
"1992",36.9911,-121.7978,137.2,66.0333333333333
"1992",36.99574,-119.70691,131.1,78.3666666666667
"1992",37.003,-121.5608,59.1,73.05
"1992",37.05333,-121.05778,84.4,77.1
"1992",37.0547,-121.0531,106.7,77.1333333333333
"1992",37.0563,-120.8666,36.6,77.3
"1992",37.08689,-122.08221,132.6,67.5
"1992",37.0919,-119.5128,637,77.7666666666667
"1992",37.2275,-119.22056,2139.7,59.7333333333333
"1992",37.2319,-121.9592,111.3,69.5
"1992",37.2329,-119.5097,806.2,72
"1992",37.2811,-121.0177,27.4,75.9
"1992",37.2888,-120.5158,46.9,76.6333333333333
"1992",37.3053,-122.255,265.8,62.8
"1992",37.31167,-122.36167,83.8,61.5
"1992",37.34336,-121.63473,1286.3,67.2
"1992",37.34972,-121.90333,20.4,69.95
"1992",37.37114,-118.35886,1252.8,73.2
"1992",37.3738,-117.9802,1592.6,71.3666666666667
"1992",37.4058,-122.0481,11.9,69.2
"1992",37.4094,-119.7681,937.9,76.3666666666667
"1992",37.4286,-122.2561,115.8,68.8
"1992",37.4436,-122.1402,7.6,65.3666666666667
"1992",37.4725,-122.4433,8.2,59.3333333333333
"1992",37.4767,-122.2386,9.4,68.4333333333333
"1992",37.50193,-120.84566,31.4,76.6666666666667
"1992",37.5042,-119.9869,680,73.8333333333333
"1992",37.5122,-119.6331,1538.3,60.6333333333333
"1992",37.5128,-119.6047,1950.7,65.3
"1992",37.5147,-122.0325,3,65.9
"1992",37.59167,-122.47167,144.8,61.0333333333333
"1992",37.61962,-122.36562,3.2,64.3666666666667
"1992",37.62544,-120.95492,26.5,76.6333333333333
"1992",37.6528,-120.0883,792.5,76.8333333333333
"1992",37.6819,-121.3466,41.1,74.1333333333333
"1992",37.68194,-121.75139,161.2,71.9
"1992",37.728,-122.5052,2.4,61
"1992",37.75027,-119.58972,1224.7,72.15
"1992",37.7617,-119.8247,2025.1,63.0666666666667
"1992",37.7705,-122.4269,45.7,63.8
"1992",37.78333,-122.31667,9.1,64.9
"1992",37.7983,-122.2642,9.1,67.5666666666667
"1992",37.8331,-120.5,310.9,75.7
"1992",37.8511,-119.65,2446,55.9
"1992",37.865,-122.2208,427.6,65.25
"1992",37.8683,-119.3183,2825.5,50.3666666666667
"1992",37.8792,-121.9303,661.4,69.7
"1992",37.88997,-121.22637,8.3,76
"1992",37.9191,-122.3772,6.1,64.1
"1992",37.9566,-122.5447,44.2,68.6333333333333
"1992",37.9567,-119.1194,2071.7,62.55
"1992",37.9613,-119.783,1179.6,69.1
"1992",37.9672,-120.3872,510.5,72.15
"1992",37.9747,-119.9161,1452.4,68.1333333333333
"1992",37.9833,-122.0692,12.2,72
"1992",37.9833,-121.7525,18.3,74.6
"1992",37.9983,-122.5372,36.6,66.5
"1992",37.9994,-121.3177,3.7,74.6
"1992",38.0047,-120.4863,292.6,76.7666666666667
"1992",38.0131,-122.1142,12.2,70.8666666666667
"1992",38.07,-119.23,2878.8,54.7666666666667
"1992",38.1061,-121.2877,12.2,70.2
"1992",38.2119,-119.0142,2551.2,53.9
"1992",38.2428,-120.515,780,71.9
"1992",38.2486,-120.8433,200.6,76.8333333333333
"1992",38.2575,-119.2286,1972.1,60.4333333333333
"1992",38.2577,-122.6077,6.1,65.8333333333333
"1992",38.2736,-122.0677,12.2,72.5
"1992",38.2769,-120.3113,1431,63.9
"1992",38.2777,-122.2647,10.7,67.9666666666667
"1992",38.28,-119.61,2931.3,47.75
"1992",38.2994,-122.4622,29.6,69.7
"1992",38.3,-119.55,2194,54.8
"1992",38.31,-119.6,2690.5,55.95
"1992",38.33056,-120.67056,217.9,73.05
"1992",38.3894,-120.6511,902.2,74.7333333333333
"1992",38.39556,-121.96083,33.5,75.8333333333333
"1992",38.4305,-122.8647,61,65.7666666666667
"1992",38.44,-119.37,2814.2,52.2666666666667
"1992",38.44611,-120.49917,717.8,70.8
"1992",38.45579,-122.71335,50.6,66.2666666666667
"1992",38.4786,-122.7119,175.6,65.0666666666667
"1992",38.4883,-120.325,1524,71.5
"1992",38.4916,-122.1241,146.3,73.1
"1992",38.492,-122.0039,57,76.35
"1992",38.50056,-120.21889,1127.8,74.8
"1992",38.50659,-121.49604,5.9,74.4
"1992",38.5066,-122.4713,68.6,70.3
"1992",38.51,-119.63,2357.9,53.2666666666667
"1992",38.515,-123.2447,34.1,58.05
"1992",38.5252,-121.9777,41.1,77.5
"1992",38.5349,-121.7761,18.3,74.1666666666667
"1992",38.55,-119.8,2671.6,53.0333333333333
"1992",38.5552,-121.4183,11.6,76.6666666666667
"1992",38.573,-122.4405,522.7,68.2333333333333
"1992",38.57682,-122.57811,106.7,71.8
"1992",38.5908,-120.9336,275.8,72.7
"1992",38.61,-119.92,2455.8,54.0666666666667
"1992",38.62935,-122.86646,53.9,69
"1992",38.67,-119.82,1863.9,60.5
"1992",38.67,-119.61,2532.9,54.9666666666667
"1992",38.6829,-121.794,20.4,76.4
"1992",38.69194,-119.78028,1685.5,61.1333333333333
"1992",38.6955,-120.8244,563.9,76.4
"1992",38.7,-121.16667,106.7,76.7
"1992",38.70861,-120.04028,2438.4,54.6
"1992",38.71611,-122.9975,68.3,69.5
"1992",38.7333,-120.245,1597.2,65.1
"1992",38.7383,-122.1447,107.9,78.7666666666667
"1992",38.78333,-120.03333,2240.3,57.9666666666667
"1992",38.79296,-123.0263,121.9,80.4
"1992",38.85,-120.08,2337.8,57.3
"1992",38.85,-119.94,2370.1,53.1333333333333
"1992",38.8619,-122.4172,670.6,72.2
"1992",38.8825,-121.2683,61,76.8333333333333
"1992",38.89838,-119.99617,1907,57.6666666666667
"1992",38.9056,-120.6972,1426.5,71.8
"1992",38.9072,-121.0838,393.8,75.8666666666667
"1992",38.92,-119.92,2615.8,51.6333333333333
"1992",38.9238,-122.5672,411.2,71.1
"1992",38.93,-120.05,1900.7,52.8
"1992",38.933,-120.8008,914.7,73.0333333333333
"1992",38.9875,-123.3486,196.3,68.3
"1992",39,-120.13,2343.6,57.5333333333333
"1992",39.0717,-120.4217,1597.2,66
"1992",39.0901,-120.947,723.3,72.5666666666667
"1992",39.1258,-123.0736,975.4,71.3
"1992",39.14,-120.22,2028.4,55.6
"1992",39.1458,-121.5852,17.4,78.3
"1992",39.1466,-123.2102,193.9,72.1666666666667
"1992",39.1678,-120.1428,1898.9,59.5
"1992",39.17,-120.15,2071.7,55.95
"1992",39.1836,-120.8847,861.4,70.9333333333333
"1992",39.1875,-122.0269,15.2,75.0666666666667
"1992",39.19,-120.26,2447.2,54.8
"1992",39.2041,-121.068,731.5,69.7666666666667
"1992",39.2466,-121.0008,847.6,70.2333333333333
"1992",39.3,-120.83333,1357.9,68.7333333333333
"1992",39.3,-120.18,1983.9,61.3
"1992",39.3036,-121.1172,617.2,77.4
"1992",39.31833,-120.63917,1571.5,61.7666666666667
"1992",39.3239,-120.2331,1809.6,59.1666666666667
"1992",39.33,-120.37,2089.4,57.3666666666667
"1992",39.333,-120.173,1774.9,62.3
"1992",39.3575,-121.2011,499.9,76.3
"1992",39.35917,-122.51778,367.3,75
"1992",39.3886,-120.0936,1699.3,58.0333333333333
"1992",39.3975,-121.3861,244.8,75.35
"1992",39.4194,-123.3425,412.4,64.5
"1992",39.425,-122.9772,540.4,70.5333333333333
"1992",39.43167,-120.24056,1931.5,55.7666666666667
"1992",39.45,-120.29,2134.5,56.0666666666667
"1992",39.4539,-120.6556,1641.3,63.75
"1992",39.475,-121.2025,1132,70.8
"1992",39.4833,-120.075,2093.1,60.4666666666667
"1992",39.49,-120.28,1967.8,54.9
"1992",39.51,-123.75639,37.5,60.4
"1992",39.5177,-121.553,52.1,74.7666666666667
"1992",39.52316,-122.3048,71.3,75.1
"1992",39.53194,-121.1611,1130.8,65.5333333333333
"1992",39.5633,-120.8238,888.5,67.5333333333333
"1992",39.56778,-120.62278,1292.4,67.4666666666667
"1992",39.5833,-120.3705,1516.4,59.6
"1992",39.5861,-122.5341,243.8,75.9333333333333
"1992",39.6911,-121.8211,56.4,75.4333333333333
"1992",39.7119,-121.7789,70.1,76.0333333333333
"1992",39.7458,-122.1997,77.4,77.4666666666667
"1992",39.7538,-121.6241,533.4,74.4
"1992",39.8053,-120.4719,1478.3,63
"1992",39.8158,-123.2444,430.7,71.4
"1992",39.8333,-123.0833,457.2,74.5333333333333
"1992",39.8644,-122.6097,317,80.2333333333333
"1992",39.8716,-121.6108,826,69.3666666666667
"1992",39.8717,-121.7689,528.2,77.2
"1992",39.9366,-120.9475,1042.4,72.4
"1992",39.9717,-120.0828,1338.1,67.4333333333333
"1992",39.9733,-120.9419,1066.8,70.4
"1992",40.0222,-120.1056,1292.4,69.3666666666667
"1992",40.02611,-123.79306,153.3,68.05
"1992",40.03306,-124.07278,75,60.3
"1992",40.0789,-121.5039,1511.8,62.8
"1992",40.15186,-122.25478,108,78.9
"1992",40.1705,-121.0886,1389.9,64.7333333333333
"1992",40.1867,-123.5903,281.3,70.2
"1992",40.2461,-120.6422,1737.4,62.5
"1992",40.2569,-124.2661,899.2,65.5
"1992",40.2789,-122.4869,213.4,76.6
"1992",40.295,-122.8667,1066.8,71.4666666666667
"1992",40.30209,-121.24391,1387.1,63.8333333333333
"1992",40.3067,-120.9,1767.8,63.1666666666667
"1992",40.3375,-123.0656,1378.8,70.85
"1992",40.3458,-121.6091,1485.9,59.5333333333333
"1992",40.4167,-120.6631,1283.8,66.1666666666667
"1992",40.4808,-120.1139,1339.6,66.8333333333333
"1992",40.4833,-124.1038,41.5,61.6666666666667
"1992",40.4863,-123.9088,125.9,62.8666666666667
"1992",40.505,-123.3417,1219.2,68.3333333333333
"1992",40.51462,-122.29773,152.6,79.3333333333333
"1992",40.5411,-121.5766,1752.6,60.0333333333333
"1992",40.5981,-121.0831,1722.1,60.4
"1992",40.6116,-122.528,394.7,76.4666666666667
"1992",40.6194,-121.8994,736.7,74.7
"1992",40.6306,-120.5028,1554.5,65.1666666666667
"1992",40.7141,-122.4161,327.7,79.1
"1992",40.7263,-122.7947,567.2,71.3333333333333
"1992",40.7333,-123.2333,457.2,75.1666666666667
"1992",40.73529,-122.9441,627.3,70.95
"1992",40.7817,-120.7844,1877,62.0333333333333
"1992",40.8072,-121.2967,1752.6,65.2
"1992",40.8097,-124.1602,6.1,59.3
"1992",40.86667,-120.43333,1615.4,62.4666666666667
"1992",40.8802,-121.6547,974.8,63.55
"1992",40.8892,-123.1422,1219.2,78.2
"1992",40.9258,-121.5856,1130.8,69.9
"1992",40.9316,-121.5433,919,67.6333333333333
"1992",40.9466,-123.6363,141.4,73.2
"1992",40.97844,-124.10479,64.5,57.5666666666667
"1992",41.0064,-121.9833,518.2,76.3
"1992",41.0519,-120.6861,1554.5,62.3333333333333
"1992",41.0547,-120.3375,1711.5,63
"1992",41.075,-122.3733,731.5,74.8
"1992",41.1117,-122.6967,1341.1,72.2666666666667
"1992",41.14167,-123.13917,704.1,72.0666666666667
"1992",41.1831,-122.28167,661.1,69.8333333333333
"1992",41.24,-120.79,1886.7,58.5
"1992",41.25171,-122.13827,985.4,66.3666666666667
"1992",41.2706,-120.29845,1621.2,63.0666666666667
"1992",41.2769,-121.9794,975.4,62.4333333333333
"1992",41.3003,-123.1322,668.1,73.55
"1992",41.30206,-123.53851,122.8,72.1666666666667
"1992",41.3075,-122.7958,955.9,70.0666666666667
"1992",41.32175,-122.31725,1101.2,65.4666666666667
"1992",41.3322,-120.4725,1332.6,67
"1992",41.3378,-122.82484,940.3,66.3333333333333
"1992",41.3619,-124.0191,48.8,59.0333333333333
"1992",41.39,-123.4958,280.4,74.2333333333333
"1992",41.4219,-120.9016,1313.7,65.6
"1992",41.4272,-121.4639,1602.6,66.1666666666667
"1992",41.4789,-122.4539,893.1,70.6333333333333
"1992",41.49021,-120.54376,1332.9,64.7666666666667
"1992",41.53,-120.6714,1530.7,65.9
"1992",41.5301,-120.1791,1428.9,67.5666666666667
"1992",41.57861,-124.07472,8.5,60.0666666666667
"1992",41.58,-120.3,2142.7,61.85
"1992",41.5992,-122.9336,1287.8,70
"1992",41.6853,-122.5942,914.4,72.3666666666667
"1992",41.70237,-122.64169,826.6,69.9666666666667
"1992",41.71171,-121.5067,1455.4,67.0666666666667
"1992",41.775,-122.9503,1674.3,65.4
"1992",41.78339,-122.0446,1300,65.8
"1992",41.7861,-122.0056,1645.9,66.5666666666667
"1992",41.7958,-124.2147,13.1,58.8
"1992",41.79612,-123.37469,348.1,71.9333333333333
"1992",41.8386,-122.85,591.3,72.7333333333333
"1992",41.8586,-123.3525,1423.4,68.7
"1992",41.8715,-120.1574,1444.4,65.9333333333333
"1992",41.99,-120.18,2243.3,52.9
"1992",41.9919,-123.6036,1210.1,65
"1993",32.6263,-116.4699,801.6,66.95
"1993",32.64,-117.0858,17.1,69.6333333333333
"1993",32.69219,-117.20983,4.4,68.2
"1993",32.7336,-117.1831,4.6,69.4666666666667
"1993",32.76654,-115.56638,-9.1,87.8
"1993",32.7675,-117.0233,161.5,71.7666666666667
"1993",32.8005,-116.928,150.9,73.2
"1993",32.8358,-116.7774,516.6,69.6
"1993",32.8488,-115.5666,-19.5,88.8666666666667
"1993",32.86667,-117.13333,145.4,70.8333333333333
"1993",32.88333,-114.86667,147.8,91.6
"1993",32.8856,-116.8149,182.9,71.5
"1993",32.9083,-114.4944,91.4,92.3333333333333
"1993",32.95,-114.7322,256,89.3333333333333
"1993",32.9544,-115.5581,-30.5,86.9333333333333
"1993",32.9897,-116.5872,1414.3,64.7333333333333
"1993",32.9903,-116.0669,231.6,92.1666666666667
"1993",33.0113,-116.908,448.1,70.2666666666667
"1993",33.0758,-116.5908,1292.4,68.6
"1993",33.0955,-116.9975,128,71.35
"1993",33.121,-117.09,182.9,73.3
"1993",33.2097,-117.395,3,66.0333333333333
"1993",33.2354,-117.2322,131.1,70.7333333333333
"1993",33.2372,-116.7614,823,67.5
"1993",33.2559,-116.4036,246.9,85.7666666666667
"1993",33.2889,-117.4389,30.5,69.3
"1993",33.30424,-117.35508,21.4,70.9333333333333
"1993",33.3722,-117.3589,279.8,68.2333333333333
"1993",33.378,-116.84,1691.6,68.1666666666667
"1993",33.3861,-116.7916,838.2,71.9333333333333
"1993",33.445,-117.4181,707.1,68.5333333333333
"1993",33.5286,-117.2306,603.5,67.35
"1993",33.5417,-117.5917,213.4,69.8333333333333
"1993",33.5453,-117.7813,13.4,69.3
"1993",33.5697,-116.073,-55.8,88.65
"1993",33.6031,-117.8836,3,66.4
"1993",33.61388,-114.59813,81.7,89.6
"1993",33.61876,-114.71451,120.4,90.4333333333333
"1993",33.63166,-116.16412,-36,86.2333333333333
"1993",33.66667,-117.73333,117,71.7
"1993",33.6667,-116.7667,1499.6,66.3
"1993",33.686,-117.3458,386.5,76.7
"1993",33.7,-117.83333,17.1,73.1
"1993",33.7025,-117.75389,71.6,71.0666666666667
"1993",33.7044,-115.6289,417.6,84.2333333333333
"1993",33.7086,-116.2152,-6.4,90.0333333333333
"1993",33.7155,-117.19,432.8,73.4333333333333
"1993",33.7442,-117.8667,41.1,71.9333333333333
"1993",33.7572,-116.7066,1639.8,62.7666666666667
"1993",33.7781,-117.085,646.2,72.0333333333333
"1993",33.7965,-116.9753,464.8,73.6
"1993",33.8016,-118.3419,27.4,68.8333333333333
"1993",33.80807,-115.45138,296.6,89.7333333333333
"1993",33.8081,-117.7111,542.8,70.6666666666667
"1993",33.81177,-118.14718,10.2,71.8333333333333
"1993",33.8275,-116.5097,129.5,88.4333333333333
"1993",33.8647,-117.8425,70.7,72.8333333333333
"1993",33.9255,-116.9903,789.7,73.4333333333333
"1993",33.93816,-118.3866,29.7,69.0333333333333
"1993",33.9511,-117.388,256,76.2333333333333
"1993",33.96694,-117.36139,300.5,74.4
"1993",33.9778,-120.0778,395.6,58.2666666666667
"1993",33.9958,-119.7222,76.2,61.3666666666667
"1993",34.005,-118.4139,28,72.5
"1993",34.0075,-118.49972,4.3,65.2666666666667
"1993",34.0178,-116.1878,1280.2,73.3
"1993",34.0191,-118.1052,75,74.95
"1993",34.037,-117.1948,429.8,75.5666666666667
"1993",34.0608,-114.7322,249.9,89.9333333333333
"1993",34.0678,-118.2417,115.2,73.2
"1993",34.0697,-118.4427,131.1,68.1
"1993",34.0816,-117.7658,304.5,72.4
"1993",34.0842,-118.1003,110.6,74.5666666666667
"1993",34.1208,-117.9458,152.4,73.8
"1993",34.1233,-116.4078,993.6,75.6333333333333
"1993",34.12407,-119.12281,3.8,67.5
"1993",34.128,-116.0369,602,84.9333333333333
"1993",34.13444,-117.25389,347.5,76.0333333333333
"1993",34.1472,-115.1219,281,91
"1993",34.1483,-118.1447,263.3,73.4
"1993",34.1547,-114.2908,128,88.5333333333333
"1993",34.1819,-118.5744,240.8,75.15
"1993",34.1866,-118.348,199.6,73.4666666666667
"1993",34.19806,-119.17528,14.9,67.2333333333333
"1993",34.2069,-117.7606,792.5,69
"1993",34.2103,-116.6339,1828.8,71.1333333333333
"1993",34.2211,-117.4044,627,73.3
"1993",34.2308,-118.0711,1740.4,69.3666666666667
"1993",34.243,-116.917,2058.3,60.4333333333333
"1993",34.2466,-117.1883,1586.5,64.7333333333333
"1993",34.28964,-114.17137,224.9,92.7
"1993",34.3119,-119.13306,72.2,68.6666666666667
"1993",34.3317,-118.0303,1661.2,67.1666666666667
"1993",34.36667,-118.56667,426.7,72.5666666666667
"1993",34.3903,-118.0825,1530.4,77.35
"1993",34.4167,-119.6844,4.9,65.3666666666667
"1993",34.4241,-119.84249,2.5,67.4
"1993",34.4477,-119.2275,227.1,69.9666666666667
"1993",34.5025,-117.8969,945.2,76.35
"1993",34.52527,-117.29638,850.1,73.5
"1993",34.5356,-117.0258,1438.7,73.7
"1993",34.58223,-119.98159,240.5,70.6666666666667
"1993",34.5883,-118.0938,796.1,77.3666666666667
"1993",34.5891,-117.6302,899.2,74.5333333333333
"1993",34.5958,-118.5786,1502.7,70.1666666666667
"1993",34.6538,-120.4513,22.9,66.55
"1993",34.705,-118.4297,932.7,73.4333333333333
"1993",34.74121,-118.21255,712.6,76.3333333333333
"1993",34.74361,-118.72528,1374.6,71.4333333333333
"1993",34.76783,-114.61842,270.6,91.7666666666667
"1993",34.85371,-116.78702,584.8,84.3666666666667
"1993",34.8927,-117.0219,676.7,80
"1993",34.89403,-120.45216,74.2,63.9333333333333
"1993",34.9436,-115.5469,1325.9,72.6
"1993",34.9455,-119.6827,658.4,70.15
"1993",34.988,-120.3211,177.4,72.3
"1993",35.0233,-118.7497,434.3,78.1
"1993",35.0492,-118.1619,833.6,78.4666666666667
"1993",35.0531,-116.0794,289.6,89.1333333333333
"1993",35.0767,-117.585,881.8,78.3
"1993",35.08333,-119.38333,205.7,81.7
"1993",35.0964,-119.7728,759,75.3333333333333
"1993",35.1231,-115.4114,1649.9,70.6666666666667
"1993",35.13333,-118.45,1224.4,68.1
"1993",35.1542,-117.1756,987.6,78.0333333333333
"1993",35.1597,-120.683,11.9,63.1333333333333
"1993",35.3056,-120.6619,93.9,65.8666666666667
"1993",35.367,-120.8447,36,59.9
"1993",35.3692,-117.6525,1088.1,78.0333333333333
"1993",35.37,-117.5683,1103.4,79.3333333333333
"1993",35.3811,-120.1875,496.8,68.9666666666667
"1993",35.4028,-119.47,68.6,77.5
"1993",35.43424,-119.05524,149.3,79.7333333333333
"1993",35.6277,-120.6855,222.5,69.0333333333333
"1993",35.6513,-117.8213,740.7,80.3666666666667
"1993",35.6564,-120.9242,303,71.7
"1993",35.6647,-118.0569,1698.3,72.1
"1993",35.66936,-120.62918,249.8,71.1666666666667
"1993",35.686254,-117.690911,680,83.45
"1993",35.7269,-118.7006,957.1,67.4
"1993",35.7706,-115.9092,1524,76.1
"1993",35.7831,-118.4389,823.9,76.7
"1993",35.8842,-118.0517,2507.9,61.3
"1993",35.8922,-118.915,64,76.1
"1993",35.8989,-120.4319,467.9,70.1666666666667
"1993",36.0333,-120.0569,246.9,79.1333333333333
"1993",36.06778,-119.02,119.8,77.1333333333333
"1993",36.1203,-117.0878,2097,69.7666666666667
"1993",36.1356,-120.3606,204.2,79.4333333333333
"1993",36.1388,-117.9527,1165.9,75.6333333333333
"1993",36.18833,-120.69528,701,68.2333333333333
"1993",36.2032,-119.0545,132.6,78.25
"1993",36.2069,-121.1377,97.5,68.8666666666667
"1993",36.26556,-117.18528,1249.7,75.7
"1993",36.3158,-119.637,72.2,77.0666666666667
"1993",36.32833,-119.2997,92.4,76.2666666666667
"1993",36.33333,-119.95,70.7,76.4
"1993",36.3469,-121.5108,682.8,66.4333333333333
"1993",36.3478,-120.5978,1524,66.8666666666667
"1993",36.3642,-120.1561,86.9,75.15
"1993",36.3817,-119.0264,156.4,77.8666666666667
"1993",36.3825,-120.8558,1137.8,70.2333333333333
"1993",36.4069,-118.4217,2621.3,60.7
"1993",36.46263,-116.8672,-59.1,96.2666666666667
"1993",36.465,-118.8619,347.5,77.6666666666667
"1993",36.4819,-121.1822,398.4,68.9666666666667
"1993",36.4914,-118.8253,520.6,77.7666666666667
"1993",36.5672,-118.9556,1240.2,71.1
"1993",36.5927,-121.8555,37.2,62.2666666666667
"1993",36.6044,-118.7325,2052.8,55.1333333333333
"1993",36.6594,-121.6663,13.7,64.2333333333333
"1993",36.66352,-121.60928,22.3,63.7333333333333
"1993",36.7267,-118.675,2475,61.25
"1993",36.7269,-120.7658,619.4,76.8333333333333
"1993",36.73751,-118.96197,2005.6,58.6
"1993",36.77999,-119.72016,101.9,78.5333333333333
"1993",36.798,-118.2036,1204,77.2666666666667
"1993",36.8483,-121.4213,83.8,66.6
"1993",36.8839,-119.4658,280.4,78.05
"1993",36.9092,-119.0883,528.8,73.1
"1993",36.9308,-121.7691,29,63.4666666666667
"1993",36.9539,-120.0378,82.3,75.9666666666667
"1993",36.98785,-121.99952,21.3,63.9333333333333
"1993",36.98972,-120.92972,124.1,76.3
"1993",36.9911,-121.7978,137.2,65.25
"1993",36.99574,-119.70691,131.1,75.3333333333333
"1993",37.003,-121.5608,59.1,70.5333333333333
"1993",37.05333,-121.05778,84.4,75.1666666666667
"1993",37.0547,-121.0531,106.7,74.6
"1993",37.0563,-120.8666,36.6,75.8333333333333
"1993",37.08689,-122.08221,132.6,67.1333333333333
"1993",37.0919,-119.5128,637,76.4333333333333
"1993",37.2275,-119.22056,2139.7,57.5333333333333
"1993",37.2319,-121.9592,111.3,69.3333333333333
"1993",37.2329,-119.5097,806.2,69.6666666666667
"1993",37.2811,-121.0177,27.4,74.9333333333333
"1993",37.2888,-120.5158,46.9,77.5
"1993",37.3053,-122.255,265.8,62.7
"1993",37.31167,-122.36167,83.8,60.4
"1993",37.34336,-121.63473,1286.3,65.8666666666667
"1993",37.34972,-121.90333,20.4,71.0333333333333
"1993",37.37114,-118.35886,1252.8,72.4333333333333
"1993",37.3738,-117.9802,1592.6,74.2
"1993",37.39,-118.5506,1414.3,74.7333333333333
"1993",37.4058,-122.0481,11.9,70.3333333333333
"1993",37.4094,-119.7681,937.9,73.5
"1993",37.4286,-122.2561,115.8,69.85
"1993",37.4436,-122.1402,7.6,65.55
"1993",37.4725,-122.4433,8.2,55.4
"1993",37.4767,-122.2386,9.4,70
"1993",37.50193,-120.84566,31.4,75.8333333333333
"1993",37.5042,-119.9869,680,71.9333333333333
"1993",37.5122,-119.6331,1538.3,59
"1993",37.5128,-119.6047,1950.7,63.9333333333333
"1993",37.5147,-122.0325,3,67.3
"1993",37.59167,-122.47167,144.8,62.1
"1993",37.61962,-122.36562,3.2,65.5
"1993",37.62544,-120.95492,26.5,75.7
"1993",37.6528,-120.0883,792.5,75.4
"1993",37.6819,-121.3466,41.1,73.6666666666667
"1993",37.68194,-121.75139,161.2,71.5666666666667
"1993",37.7119,-121.8136,243.8,69.2333333333333
"1993",37.75027,-119.58972,1224.7,70.85
"1993",37.7617,-119.8247,2025.1,64.4
"1993",37.7705,-122.4269,45.7,64.7333333333333
"1993",37.78333,-122.31667,9.1,67
"1993",37.7861,-122.1447,333.8,64.3
"1993",37.79589,-121.58319,18.6,75.75
"1993",37.7983,-122.2642,9.1,66.7
"1993",37.8331,-120.5,310.9,74.6666666666667
"1993",37.8511,-119.65,2446,58.1
"1993",37.865,-122.2208,427.6,64.45
"1993",37.8683,-119.3183,2825.5,49.5333333333333
"1993",37.8792,-121.9303,661.4,69.2
"1993",37.88997,-121.22637,8.3,75.9333333333333
"1993",37.9191,-122.3772,6.1,65.1
"1993",37.9567,-119.1194,2071.7,66.3
"1993",37.9613,-119.783,1179.6,66.2
"1993",37.9672,-120.3872,510.5,71.5333333333333
"1993",37.9747,-119.9161,1452.4,66.1333333333333
"1993",37.9833,-122.0692,12.2,72.6333333333333
"1993",37.9833,-121.7525,18.3,76.55
"1993",37.9983,-122.5372,36.6,67.85
"1993",37.9994,-121.3177,3.7,73.7333333333333
"1993",38.0047,-120.4863,292.6,75.3666666666667
"1993",38.0131,-122.1142,12.2,72
"1993",38.07,-119.23,2878.8,53.2333333333333
"1993",38.1061,-121.2877,12.2,72.7333333333333
"1993",38.2119,-119.0142,2551.2,51.9333333333333
"1993",38.2428,-120.515,780,70.0666666666667
"1993",38.2486,-120.8433,200.6,75.0666666666667
"1993",38.2575,-119.2286,1972.1,59.3
"1993",38.2577,-122.6077,6.1,66.6333333333333
"1993",38.2736,-122.0677,12.2,72.7666666666667
"1993",38.2769,-120.3113,1431,61.5333333333333
"1993",38.2777,-122.2647,10.7,68.9333333333333
"1993",38.28,-119.61,2931.3,47.3666666666667
"1993",38.2994,-122.4622,29.6,69
"1993",38.3,-119.55,2194,50.85
"1993",38.31,-119.6,2690.5,52.0333333333333
"1993",38.33056,-120.67056,217.9,71.3666666666667
"1993",38.3894,-120.6511,902.2,72.15
"1993",38.39556,-121.96083,33.5,74.9
"1993",38.4305,-122.8647,61,66.8
"1993",38.44,-119.37,2814.2,48.95
"1993",38.44611,-120.49917,717.8,67.9
"1993",38.45579,-122.71335,50.6,68.7666666666667
"1993",38.4786,-122.7119,175.6,67.5666666666667
"1993",38.4883,-120.325,1524,69.9333333333333
"1993",38.4916,-122.1241,146.3,73.0666666666667
"1993",38.492,-122.0039,57,76.7333333333333
"1993",38.50056,-120.21889,1127.8,68.7
"1993",38.50659,-121.49604,5.9,73.3333333333333
"1993",38.5066,-122.4713,68.6,72.0666666666667
"1993",38.51,-119.63,2357.9,46.9
"1993",38.515,-123.2447,34.1,56.9
"1993",38.5252,-121.9777,41.1,77
"1993",38.5349,-121.7761,18.3,73.6
"1993",38.55,-119.8,2671.6,50.6
"1993",38.5552,-121.4183,11.6,76.2666666666667
"1993",38.573,-122.4405,522.7,67.9
"1993",38.5908,-120.9336,275.8,71.9333333333333
"1993",38.61,-119.92,2455.8,52
"1993",38.62935,-122.86646,53.9,72.2666666666667
"1993",38.67,-119.82,1863.9,53.2
"1993",38.67,-119.61,2532.9,52.7333333333333
"1993",38.6829,-121.794,20.4,75.7
"1993",38.69194,-119.78028,1685.5,58.1666666666667
"1993",38.6955,-120.8244,563.9,71.7
"1993",38.70861,-120.04028,2438.4,52.0666666666667
"1993",38.71611,-122.9975,68.3,70.2
"1993",38.7333,-120.245,1597.2,62.8666666666667
"1993",38.7383,-122.1447,107.9,75.9666666666667
"1993",38.78333,-120.03333,2240.3,50.2
"1993",38.8325,-121.0086,365.8,71.1666666666667
"1993",38.85,-120.08,2337.8,55.1333333333333
"1993",38.85,-119.94,2370.1,49.8
"1993",38.8619,-122.4172,670.6,70.4
"1993",38.8825,-121.2683,61,74.6333333333333
"1993",38.89838,-119.99617,1907,55.0666666666667
"1993",38.9056,-120.6972,1426.5,70.2666666666667
"1993",38.9072,-121.0838,393.8,72.75
"1993",38.92,-119.92,2615.8,48.05
"1993",38.9238,-122.5672,411.2,71
"1993",38.93,-120.05,1900.7,53.6666666666667
"1993",38.933,-120.8008,914.7,71.4666666666667
"1993",38.9875,-123.3486,196.3,68.2
"1993",39,-120.13,2343.6,55.1
"1993",39.0717,-120.4217,1597.2,64.2333333333333
"1993",39.0901,-120.947,723.3,70.5
"1993",39.1258,-123.0736,975.4,67.7666666666667
"1993",39.14,-120.22,2028.4,54.65
"1993",39.1458,-121.5852,17.4,77
"1993",39.1466,-123.2102,193.9,69.6666666666667
"1993",39.1678,-120.1428,1898.9,56.8
"1993",39.1836,-120.8847,861.4,68.9
"1993",39.1875,-122.0269,15.2,74.1
"1993",39.19,-120.26,2447.2,51.6333333333333
"1993",39.2041,-121.068,731.5,67.4666666666667
"1993",39.2466,-121.0008,847.6,67.7333333333333
"1993",39.3,-120.83333,1357.9,63.1
"1993",39.3,-120.18,1983.9,58.3
"1993",39.3036,-121.1172,617.2,72.5
"1993",39.3167,-120.8375,1316.7,67.2666666666667
"1993",39.31833,-120.63917,1571.5,59.6666666666667
"1993",39.3239,-120.2331,1809.6,57.1
"1993",39.33,-120.37,2089.4,54.2
"1993",39.333,-120.173,1774.9,56.9666666666667
"1993",39.3575,-121.2011,499.9,68.95
"1993",39.35917,-122.51778,367.3,72.2666666666667
"1993",39.3619,-123.1286,310.3,67.8333333333333
"1993",39.3886,-120.0936,1699.3,55.0666666666667
"1993",39.3975,-121.3861,244.8,73.6
"1993",39.4194,-123.3425,412.4,63.2333333333333
"1993",39.425,-122.9772,540.4,67.3
"1993",39.43167,-120.24056,1931.5,53
"1993",39.45,-120.29,2134.5,54.65
"1993",39.4539,-120.6556,1641.3,55.1
"1993",39.475,-121.2025,1132,68.7333333333333
"1993",39.4833,-120.075,2093.1,57.9333333333333
"1993",39.49,-120.28,1967.8,53.3666666666667
"1993",39.51,-123.75639,37.5,60.55
"1993",39.5177,-121.553,52.1,75.2333333333333
"1993",39.52316,-122.3048,71.3,75
"1993",39.53194,-121.1611,1130.8,62.9666666666667
"1993",39.5633,-120.8238,888.5,64.7
"1993",39.56778,-120.62278,1292.4,67.4
"1993",39.5833,-120.3705,1516.4,59.1
"1993",39.5861,-122.5341,243.8,72.9
"1993",39.6681,-123.3211,740.1,69.3
"1993",39.6911,-121.8211,56.4,74.2666666666667
"1993",39.7119,-121.7789,70.1,74
"1993",39.7458,-122.1997,77.4,76.4333333333333
"1993",39.7538,-121.6241,533.4,74.7
"1993",39.8053,-120.4719,1478.3,59.2333333333333
"1993",39.8158,-123.2444,430.7,68.2
"1993",39.8333,-123.0833,457.2,70.2
"1993",39.8644,-122.6097,317,78.5333333333333
"1993",39.8716,-121.6108,826,67.3666666666667
"1993",39.8717,-121.7689,528.2,75.4
"1993",39.9366,-120.9475,1042.4,65.35
"1993",39.9717,-120.0828,1338.1,61.85
"1993",39.9733,-120.9419,1066.8,64.75
"1993",40.0222,-120.1056,1292.4,64.8333333333333
"1993",40.02611,-123.79306,153.3,65.7666666666667
"1993",40.0789,-121.5039,1511.8,60.9333333333333
"1993",40.15186,-122.25478,108,76.6666666666667
"1993",40.1705,-121.0886,1389.9,60.6666666666667
"1993",40.1867,-123.5903,281.3,67.6
"1993",40.2461,-120.6422,1737.4,60.8
"1993",40.2569,-124.2661,899.2,60.2
"1993",40.2789,-122.4869,213.4,75.1666666666667
"1993",40.295,-122.8667,1066.8,69.6666666666667
"1993",40.30209,-121.24391,1387.1,59.65
"1993",40.3067,-120.9,1767.8,59.3
"1993",40.3458,-121.6091,1485.9,56.2333333333333
"1993",40.3636,-122.965,838.2,66.3666666666667
"1993",40.4167,-120.6631,1283.8,60.8333333333333
"1993",40.4808,-120.1139,1339.6,61.9666666666667
"1993",40.4833,-124.1038,41.5,59.8
"1993",40.4863,-123.9088,125.9,61
"1993",40.505,-123.3417,1219.2,65.7
"1993",40.51462,-122.29773,152.6,77.6333333333333
"1993",40.5411,-121.5766,1752.6,57.1666666666667
"1993",40.5981,-121.0831,1722.1,54.1
"1993",40.6116,-122.528,394.7,74.2333333333333
"1993",40.6194,-121.8994,736.7,72.2
"1993",40.6306,-120.5028,1554.5,60.6
"1993",40.7141,-122.4161,327.7,76.2
"1993",40.7263,-122.7947,567.2,67.4333333333333
"1993",40.7333,-123.2333,457.2,69.9333333333333
"1993",40.73529,-122.9441,627.3,65.9333333333333
"1993",40.7817,-120.7844,1877,57.2333333333333
"1993",40.8072,-121.2967,1752.6,60.4
"1993",40.8097,-124.1602,6.1,58.3666666666667
"1993",40.86667,-120.43333,1615.4,56.2333333333333
"1993",40.9258,-121.5856,1130.8,65.8333333333333
"1993",40.9316,-121.5433,919,64.4
"1993",40.9466,-123.6363,141.4,69.3
"1993",40.97844,-124.10479,64.5,56.3666666666667
"1993",41.0064,-121.9833,518.2,75.35
"1993",41.0519,-120.6861,1554.5,58.0333333333333
"1993",41.0547,-120.3375,1711.5,57.8666666666667
"1993",41.075,-122.3733,731.5,73
"1993",41.14167,-123.13917,704.1,69.4
"1993",41.1831,-122.28167,661.1,67.1666666666667
"1993",41.24,-120.79,1886.7,51.3
"1993",41.25171,-122.13827,985.4,62.8666666666667
"1993",41.2706,-120.29845,1621.2,58.2666666666667
"1993",41.2769,-121.9794,975.4,59.2666666666667
"1993",41.3003,-123.1322,668.1,69.8666666666667
"1993",41.30206,-123.53851,122.8,65.2
"1993",41.3075,-122.7958,955.9,64.3666666666667
"1993",41.32175,-122.31725,1101.2,61.05
"1993",41.3322,-120.4725,1332.6,60.6666666666667
"1993",41.3378,-122.82484,940.3,61.5333333333333
"1993",41.3619,-124.0191,48.8,55.5666666666667
"1993",41.39,-123.4958,280.4,70.1333333333333
"1993",41.4219,-120.9016,1313.7,61.2666666666667
"1993",41.4272,-121.4639,1602.6,60.4333333333333
"1993",41.4789,-122.4539,893.1,66.6
"1993",41.49021,-120.54376,1332.9,58.7333333333333
"1993",41.53,-120.6714,1530.7,60.3333333333333
"1993",41.5301,-120.1791,1428.9,62.1666666666667
"1993",41.57861,-124.07472,8.5,59.2666666666667
"1993",41.58,-120.3,2142.7,55.25
"1993",41.5992,-122.9336,1287.8,63.8
"1993",41.6431,-121.7939,1502.1,60.8666666666667
"1993",41.6853,-122.5942,914.4,66.1333333333333
"1993",41.70237,-122.64169,826.6,63.5333333333333
"1993",41.71171,-121.5067,1455.4,59.7666666666667
"1993",41.775,-122.9503,1674.3,58.6666666666667
"1993",41.7861,-122.0056,1645.9,59.6333333333333
"1993",41.7958,-124.2147,13.1,58.4
"1993",41.79612,-123.37469,348.1,66.3
"1993",41.8386,-122.85,591.3,66.4333333333333
"1993",41.8586,-123.3525,1423.4,62.5666666666667
"1993",41.8715,-120.1574,1444.4,59.7
"1993",41.99,-120.18,2243.3,52
"1994",32.6263,-116.4699,801.6,72.6333333333333
"1994",32.64,-117.0858,17.1,70.1333333333333
"1994",32.69219,-117.20983,4.4,68.9333333333333
"1994",32.7336,-117.1831,4.6,70.5333333333333
"1994",32.76654,-115.56638,-9.1,92.2
"1994",32.7675,-117.0233,161.5,74.7
"1994",32.8005,-116.928,150.9,76.35
"1994",32.8358,-116.7774,516.6,72.75
"1994",32.8488,-115.5666,-19.5,91.5
"1994",32.86667,-117.13333,145.4,72.1666666666667
"1994",32.88333,-114.86667,147.8,95.0666666666667
"1994",32.8856,-116.8149,182.9,76.2333333333333
"1994",32.9083,-114.4944,91.4,95.3666666666667
"1994",32.95,-114.7322,256,92.4666666666667
"1994",32.9544,-115.5581,-30.5,91
"1994",32.9897,-116.5872,1414.3,69.95
"1994",32.9903,-116.0669,231.6,95.8333333333333
"1994",33.0113,-116.908,448.1,73
"1994",33.0758,-116.5908,1292.4,74.3666666666667
"1994",33.0955,-116.9975,128,77.05
"1994",33.121,-117.09,182.9,75.7333333333333
"1994",33.2097,-117.395,3,66.6666666666667
"1994",33.2354,-117.2322,131.1,72.4333333333333
"1994",33.2372,-116.7614,823,72.3333333333333
"1994",33.2559,-116.4036,246.9,90.9666666666667
"1994",33.2889,-117.4389,30.5,67.2
"1994",33.30424,-117.35508,21.4,71.1333333333333
"1994",33.3722,-117.3589,279.8,72.05
"1994",33.378,-116.84,1691.6,74.5333333333333
"1994",33.445,-117.4181,707.1,74.65
"1994",33.5286,-117.2306,603.5,74.25
"1994",33.5417,-117.5917,213.4,72.7666666666667
"1994",33.5453,-117.7813,13.4,70.3
"1994",33.5697,-116.073,-55.8,91.6333333333333
"1994",33.6031,-117.8836,3,66.8333333333333
"1994",33.61388,-114.59813,81.7,93.2
"1994",33.61876,-114.71451,120.4,94.8333333333333
"1994",33.63166,-116.16412,-36,88.7666666666667
"1994",33.66667,-117.73333,117,74.1333333333333
"1994",33.6667,-116.7667,1499.6,74.0666666666667
"1994",33.686,-117.3458,386.5,85.2
"1994",33.7,-117.83333,17.1,74.2666666666667
"1994",33.7025,-117.75389,71.6,73.6666666666667
"1994",33.7044,-115.6289,417.6,90.0333333333333
"1994",33.7086,-116.2152,-6.4,93.6333333333333
"1994",33.7155,-117.19,432.8,79.15
"1994",33.7442,-117.8667,41.1,73
"1994",33.7572,-116.7066,1639.8,68.3333333333333
"1994",33.7781,-117.085,646.2,77.6
"1994",33.7965,-116.9753,464.8,79.95
"1994",33.8016,-118.3419,27.4,69.6666666666667
"1994",33.80807,-115.45138,296.6,94.1
"1994",33.8081,-117.7111,542.8,74
"1994",33.81177,-118.14718,10.2,73.7
"1994",33.8275,-116.5097,129.5,93.2666666666667
"1994",33.8647,-117.8425,70.7,74.2
"1994",33.9255,-116.9903,789.7,77.6
"1994",33.93816,-118.3866,29.7,70.2666666666667
"1994",33.9511,-117.388,256,79.2666666666667
"1994",33.96694,-117.36139,300.5,77.5666666666667
"1994",33.9778,-120.0778,395.6,56.8666666666667
"1994",33.9958,-119.7222,76.2,61.5666666666667
"1994",34.005,-118.4139,28,71.9333333333333
"1994",34.0075,-118.49972,4.3,65.8
"1994",34.0178,-116.1878,1280.2,80
"1994",34.0191,-118.1052,75,76.7333333333333
"1994",34.037,-117.1948,429.8,77.8333333333333
"1994",34.0608,-114.7322,249.9,94.1333333333333
"1994",34.0678,-118.2417,115.2,76.1
"1994",34.0697,-118.4427,131.1,69.6
"1994",34.0842,-118.1003,110.6,76.0333333333333
"1994",34.1208,-117.9458,152.4,75.0666666666667
"1994",34.1233,-116.4078,993.6,81.8666666666667
"1994",34.12407,-119.12281,3.8,67.1333333333333
"1994",34.128,-116.0369,602,89.4666666666667
"1994",34.13444,-117.25389,347.5,79.2333333333333
"1994",34.1472,-115.1219,281,94.6666666666667
"1994",34.1483,-118.1447,263.3,75.4333333333333
"1994",34.1819,-118.5744,240.8,75.2666666666667
"1994",34.1866,-118.348,199.6,76.3333333333333
"1994",34.19806,-119.17528,14.9,66.4333333333333
"1994",34.2069,-117.7606,792.5,74.3666666666667
"1994",34.2103,-116.6339,1828.8,76
"1994",34.2308,-118.0711,1740.4,74.6666666666667
"1994",34.243,-116.917,2058.3,64.7666666666667
"1994",34.2466,-117.1883,1586.5,70.1666666666667
"1994",34.28964,-114.17137,224.9,95.8
"1994",34.3119,-119.13306,72.2,68.1666666666667
"1994",34.3317,-118.0303,1661.2,72.9666666666667
"1994",34.36667,-118.56667,426.7,76.7333333333333
"1994",34.3903,-118.0825,1530.4,71.7
"1994",34.4167,-119.6844,4.9,66.6333333333333
"1994",34.4241,-119.84249,2.5,65.9333333333333
"1994",34.4477,-119.2275,227.1,73.15
"1994",34.5025,-117.8969,945.2,83.45
"1994",34.52527,-117.29638,850.1,80.6
"1994",34.5356,-117.0258,1438.7,78.9
"1994",34.5431,-119.1842,1015.3,67.8333333333333
"1994",34.58223,-119.98159,240.5,70.9666666666667
"1994",34.5883,-118.0938,796.1,82.2666666666667
"1994",34.5891,-117.6302,899.2,80
"1994",34.5958,-118.5786,1502.7,76.1666666666667
"1994",34.6538,-120.4513,22.9,63.4
"1994",34.705,-118.4297,932.7,78.05
"1994",34.74121,-118.21255,712.6,81.5
"1994",34.74361,-118.72528,1374.6,76.45
"1994",34.76783,-114.61842,270.6,96.8
"1994",34.85371,-116.78702,584.8,89.7333333333333
"1994",34.8927,-117.0219,676.7,85.05
"1994",34.89403,-120.45216,74.2,61.7
"1994",34.9436,-115.5469,1325.9,83
"1994",34.9455,-119.6827,658.4,74.6
"1994",35.0233,-118.7497,434.3,80.8333333333333
"1994",35.0492,-118.1619,833.6,84.3666666666667
"1994",35.0531,-116.0794,289.6,89.6
"1994",35.0767,-117.585,881.8,83.2333333333333
"1994",35.0964,-119.7728,759,79.4666666666667
"1994",35.1231,-115.4114,1649.9,76.2333333333333
"1994",35.13333,-118.45,1224.4,71.05
"1994",35.1542,-117.1756,987.6,82.05
"1994",35.1597,-120.683,11.9,61.7666666666667
"1994",35.3056,-120.6619,93.9,64.7333333333333
"1994",35.367,-120.8447,36,57.3333333333333
"1994",35.3692,-117.6525,1088.1,83.7666666666667
"1994",35.37,-117.5683,1103.4,83.8
"1994",35.3811,-120.1875,496.8,72.7
"1994",35.4028,-119.47,68.6,79.7
"1994",35.43424,-119.05524,149.3,82.1333333333333
"1994",35.5892,-119.352,88.7,80.2
"1994",35.6277,-120.6855,222.5,70.6333333333333
"1994",35.6513,-117.8213,740.7,85.6
"1994",35.6564,-120.9242,303,70.8666666666667
"1994",35.6647,-118.0569,1698.3,77.1
"1994",35.66936,-120.62918,249.8,73.1333333333333
"1994",35.686254,-117.690911,680,87.55
"1994",35.7269,-118.7006,957.1,69.0666666666667
"1994",35.7636,-117.3908,516.6,93.5333333333333
"1994",35.7706,-115.9092,1524,81.9
"1994",35.7831,-118.4389,823.9,81.2666666666667
"1994",35.8842,-118.0517,2507.9,66.8
"1994",35.8922,-118.915,64,79.5333333333333
"1994",35.8989,-120.4319,467.9,73.2333333333333
"1994",36.0333,-120.0569,246.9,81.2666666666667
"1994",36.06778,-119.02,119.8,81.2
"1994",36.1203,-117.0878,2097,75.95
"1994",36.1356,-120.3606,204.2,82.0666666666667
"1994",36.1388,-117.9527,1165.9,81.0666666666667
"1994",36.18833,-120.69528,701,71.3666666666667
"1994",36.2032,-119.0545,132.6,77.5666666666667
"1994",36.2069,-121.1377,97.5,67.15
"1994",36.2472,-121.7802,61,62.1666666666667
"1994",36.26556,-117.18528,1249.7,80.9333333333333
"1994",36.3158,-119.637,72.2,79.3
"1994",36.32833,-119.2997,92.4,78.2666666666667
"1994",36.33333,-119.95,70.7,79.7
"1994",36.3469,-121.5108,682.8,68.1333333333333
"1994",36.3478,-120.5978,1524,72.1666666666667
"1994",36.3817,-119.0264,156.4,79.9666666666667
"1994",36.3825,-120.8558,1137.8,74.2
"1994",36.4069,-118.4217,2621.3,65.7
"1994",36.46263,-116.8672,-59.1,101.933333333333
"1994",36.465,-118.8619,347.5,81.2
"1994",36.4819,-121.1822,398.4,70.7333333333333
"1994",36.4914,-118.8253,520.6,82.4666666666667
"1994",36.5625,-117.4736,2097,72.1666666666667
"1994",36.5927,-121.8555,37.2,59.1
"1994",36.6044,-118.7325,2052.8,59.7333333333333
"1994",36.6594,-121.6663,13.7,62.5333333333333
"1994",36.66352,-121.60928,22.3,61.1666666666667
"1994",36.715,-121.34917,275.8,64.3
"1994",36.7267,-118.675,2475,66.9
"1994",36.7269,-120.7658,619.4,78.6
"1994",36.73751,-118.96197,2005.6,63.9
"1994",36.77999,-119.72016,101.9,81.1
"1994",36.798,-118.2036,1204,83
"1994",36.8483,-121.4213,83.8,65.1666666666667
"1994",36.8839,-119.4658,280.4,84.5333333333333
"1994",36.9092,-119.0883,528.8,82.5
"1994",36.9308,-121.7691,29,61
"1994",36.9539,-120.0378,82.3,78.0333333333333
"1994",36.98785,-121.99952,21.3,61.9666666666667
"1994",36.98972,-120.92972,124.1,78.2333333333333
"1994",36.9911,-121.7978,137.2,64.4333333333333
"1994",36.99574,-119.70691,131.1,78.8333333333333
"1994",37.003,-121.5608,59.1,69.7
"1994",37.05333,-121.05778,84.4,75.8666666666667
"1994",37.0547,-121.0531,106.7,77.3666666666667
"1994",37.0563,-120.8666,36.6,77.5
"1994",37.08689,-122.08221,132.6,65.4666666666667
"1994",37.0919,-119.5128,637,80.5666666666667
"1994",37.2275,-119.22056,2139.7,62.4666666666667
"1994",37.2319,-121.9592,111.3,67.8333333333333
"1994",37.2329,-119.5097,806.2,73.7666666666667
"1994",37.2811,-121.0177,27.4,76.0666666666667
"1994",37.2888,-120.5158,46.9,77.5333333333333
"1994",37.3053,-122.255,265.8,60.75
"1994",37.31167,-122.36167,83.8,58.1666666666667
"1994",37.34336,-121.63473,1286.3,69.5333333333333
"1994",37.34972,-121.90333,20.4,69.0333333333333
"1994",37.37114,-118.35886,1252.8,76.7666666666667
"1994",37.39,-118.5506,1414.3,80.2
"1994",37.4058,-122.0481,11.9,66.4
"1994",37.4094,-119.7681,937.9,79.2333333333333
"1994",37.4286,-122.2561,115.8,68.0666666666667
"1994",37.4436,-122.1402,7.6,62.8666666666667
"1994",37.4725,-122.4433,8.2,57
"1994",37.4767,-122.2386,9.4,67.5333333333333
"1994",37.50193,-120.84566,31.4,78.3666666666667
"1994",37.5122,-119.6331,1538.3,63.3333333333333
"1994",37.5128,-119.6047,1950.7,69.1
"1994",37.5147,-122.0325,3,66.2333333333333
"1994",37.59167,-122.47167,144.8,59.55
"1994",37.61962,-122.36562,3.2,62.6666666666667
"1994",37.62544,-120.95492,26.5,76.4333333333333
"1994",37.63,-119.0933,2304.3,58.7
"1994",37.6478,-118.9617,2378.7,62.1
"1994",37.6528,-120.0883,792.5,79.3333333333333
"1994",37.6819,-121.3466,41.1,74
"1994",37.68194,-121.75139,161.2,70.3333333333333
"1994",37.7119,-121.8136,243.8,68.4
"1994",37.728,-122.5052,2.4,56.8
"1994",37.745,-118.9833,2316.5,59.9
"1994",37.75027,-119.58972,1224.7,74.65
"1994",37.7617,-119.8247,2025.1,66.15
"1994",37.7705,-122.4269,45.7,61.2
"1994",37.78333,-122.31667,9.1,64
"1994",37.7861,-122.1447,333.8,63.3
"1994",37.79589,-121.58319,18.6,74.7
"1994",37.7983,-122.2642,9.1,63.1666666666667
"1994",37.8331,-120.5,310.9,77.1
"1994",37.8339,-122.0669,536.4,67.4333333333333
"1994",37.8431,-118.4778,1661.2,72.9666666666667
"1994",37.8511,-119.65,2446,59.8666666666667
"1994",37.865,-122.2208,427.6,59.8333333333333
"1994",37.8683,-119.3183,2825.5,53.4
"1994",37.8744,-122.2605,94.5,64.1
"1994",37.8792,-121.9303,661.4,70.3
"1994",37.88997,-121.22637,8.3,76.5666666666667
"1994",37.9442,-122.1178,442,66.9333333333333
"1994",37.9566,-122.5447,44.2,67.3
"1994",37.9567,-119.1194,2071.7,68.6
"1994",37.9613,-119.783,1179.6,71.6
"1994",37.9672,-120.3872,510.5,76.6
"1994",37.9747,-119.9161,1452.4,70.8
"1994",37.9833,-122.0692,12.2,71.6
"1994",37.9833,-121.7525,18.3,73.9333333333333
"1994",37.9983,-122.5372,36.6,65.4666666666667
"1994",37.9994,-121.3177,3.7,71.3666666666667
"1994",38.0047,-120.4863,292.6,77.2666666666667
"1994",38.0131,-122.1142,12.2,70.3
"1994",38.07,-119.23,2878.8,60.0333333333333
"1994",38.1061,-121.2877,12.2,72.7
"1994",38.2119,-119.0142,2551.2,56.3666666666667
"1994",38.2428,-120.515,780,72.9333333333333
"1994",38.2486,-120.8433,200.6,76.4333333333333
"1994",38.2575,-119.2286,1972.1,63.5333333333333
"1994",38.2577,-122.6077,6.1,64.3666666666667
"1994",38.2736,-122.0677,12.2,72.2333333333333
"1994",38.2769,-120.3113,1431,66.3666666666667
"1994",38.2777,-122.2647,10.7,67.6333333333333
"1994",38.28,-119.61,2931.3,53.7
"1994",38.2994,-122.4622,29.6,68.7
"1994",38.3,-119.55,2194,58.7
"1994",38.31,-119.6,2690.5,58.8
"1994",38.33056,-120.67056,217.9,68
"1994",38.3894,-120.6511,902.2,77.8666666666667
"1994",38.39556,-121.96083,33.5,74.2666666666667
"1994",38.4305,-122.8647,61,64.8666666666667
"1994",38.44,-119.37,2814.2,56.6333333333333
"1994",38.44611,-120.49917,717.8,71.5333333333333
"1994",38.45579,-122.71335,50.6,66.1
"1994",38.4786,-122.7119,175.6,65.1
"1994",38.4883,-120.325,1524,74.8333333333333
"1994",38.4916,-122.1241,146.3,73.9
"1994",38.492,-122.0039,57,76.0666666666667
"1994",38.50056,-120.21889,1127.8,73.8
"1994",38.50659,-121.49604,5.9,73.5666666666667
"1994",38.5066,-122.4713,68.6,70.2666666666667
"1994",38.515,-123.2447,34.1,55.5666666666667
"1994",38.5252,-121.9777,41.1,76.0333333333333
"1994",38.5349,-121.7761,18.3,72.2666666666667
"1994",38.55,-119.8,2671.6,57.0666666666667
"1994",38.5552,-121.4183,11.6,76.4
"1994",38.573,-122.4405,522.7,68.1666666666667
"1994",38.57682,-122.57811,106.7,70.6666666666667
"1994",38.5908,-120.9336,275.8,72.7333333333333
"1994",38.61,-119.92,2455.8,57.8
"1994",38.62935,-122.86646,53.9,70.6333333333333
"1994",38.67,-119.82,1863.9,64.1333333333333
"1994",38.67,-119.61,2532.9,59.1666666666667
"1994",38.6829,-121.794,20.4,75.0666666666667
"1994",38.69194,-119.78028,1685.5,63.9
"1994",38.6955,-120.8244,563.9,75.2333333333333
"1994",38.70861,-120.04028,2438.4,57.15
"1994",38.71611,-122.9975,68.3,68.9333333333333
"1994",38.7333,-120.245,1597.2,67.6
"1994",38.7383,-122.1447,107.9,76.8
"1994",38.7817,-122.9169,609.6,69.4666666666667
"1994",38.8325,-121.0086,365.8,73.3333333333333
"1994",38.85,-120.08,2337.8,61.5333333333333
"1994",38.85,-119.94,2370.1,55.9666666666667
"1994",38.8619,-122.4172,670.6,72.9
"1994",38.8825,-121.2683,61,76.5333333333333
"1994",38.89838,-119.99617,1907,59.0333333333333
"1994",38.9056,-120.6972,1426.5,74.8333333333333
"1994",38.9072,-121.0838,393.8,76.2666666666667
"1994",38.92,-119.92,2615.8,54.4
"1994",38.9238,-122.5672,411.2,70.8666666666667
"1994",38.93,-120.05,1900.7,58.3
"1994",38.933,-120.8008,914.7,75.6333333333333
"1994",38.9875,-123.3486,196.3,66.9
"1994",39,-120.13,2343.6,55.7
"1994",39.0901,-120.947,723.3,74.5666666666667
"1994",39.1258,-123.0736,975.4,72.1333333333333
"1994",39.14,-120.22,2028.4,58.2
"1994",39.1458,-121.5852,17.4,77.9
"1994",39.1466,-123.2102,193.9,70.9
"1994",39.1678,-120.1428,1898.9,61.0666666666667
"1994",39.17,-120.15,2071.7,60.05
"1994",39.1836,-120.8847,861.4,72.6666666666667
"1994",39.1875,-122.0269,15.2,73.1
"1994",39.19,-120.26,2447.2,58.2
"1994",39.2041,-121.068,731.5,69.9666666666667
"1994",39.2466,-121.0008,847.6,71.3
"1994",39.3,-120.18,1983.9,64.3
"1994",39.3036,-121.1172,617.2,76.1333333333333
"1994",39.3167,-120.8375,1316.7,72.3666666666667
"1994",39.31833,-120.63917,1571.5,62.7
"1994",39.3239,-120.2331,1809.6,59.4666666666667
"1994",39.33,-120.37,2089.4,59.0333333333333
"1994",39.333,-120.173,1774.9,62.6333333333333
"1994",39.3575,-121.2011,499.9,72
"1994",39.35917,-122.51778,367.3,74.2666666666667
"1994",39.3619,-123.1286,310.3,69.8
"1994",39.3669,-122.575,365.8,75.5
"1994",39.3886,-120.0936,1699.3,58.0333333333333
"1994",39.3975,-121.3861,244.8,75.8
"1994",39.4194,-123.3425,412.4,62.6
"1994",39.425,-122.9772,540.4,69.5666666666667
"1994",39.43167,-120.24056,1931.5,56.8666666666667
"1994",39.45,-120.29,2134.5,58.1
"1994",39.4539,-120.6556,1641.3,68.2
"1994",39.475,-121.2025,1132,73
"1994",39.4833,-120.075,2093.1,62.5
"1994",39.49,-120.28,1967.8,55.4
"1994",39.51,-123.75639,37.5,59.2666666666667
"1994",39.5177,-121.553,52.1,75.4333333333333
"1994",39.52316,-122.3048,71.3,74.0666666666667
"1994",39.53194,-121.1611,1130.8,65.9
"1994",39.5633,-120.8238,888.5,68.2666666666667
"1994",39.5833,-120.3705,1516.4,61.5
"1994",39.5861,-122.5341,243.8,75.2333333333333
"1994",39.6514,-122.7236,1310.6,69.6
"1994",39.6681,-123.3211,740.1,68.5666666666667
"1994",39.6911,-121.8211,56.4,74.7333333333333
"1994",39.7119,-121.7789,70.1,75
"1994",39.7458,-122.1997,77.4,76.6333333333333
"1994",39.7538,-121.6241,533.4,77.6
"1994",39.8053,-120.4719,1478.3,62.3666666666667
"1994",39.8158,-123.2444,430.7,70.3333333333333
"1994",39.8333,-123.0833,457.2,72.7333333333333
"1994",39.8644,-122.6097,317,80.9
"1994",39.8716,-121.6108,826,70.6
"1994",39.8717,-121.7689,528.2,78.2333333333333
"1994",39.9366,-120.9475,1042.4,69.3333333333333
"1994",39.9717,-120.0828,1338.1,67.9666666666667
"1994",39.9733,-120.9419,1066.8,68.5666666666667
"1994",40.0222,-120.1056,1292.4,70.5666666666667
"1994",40.02611,-123.79306,153.3,67.1666666666667
"1994",40.0789,-121.5039,1511.8,63.3
"1994",40.15186,-122.25478,108,78.3666666666667
"1994",40.1705,-121.0886,1389.9,64.6333333333333
"1994",40.1867,-123.5903,281.3,67.7666666666667
"1994",40.2461,-120.6422,1737.4,69.45
"1994",40.2569,-124.2661,899.2,60.7333333333333
"1994",40.2789,-122.4869,213.4,77.0333333333333
"1994",40.295,-122.8667,1066.8,72.3
"1994",40.30209,-121.24391,1387.1,61.45
"1994",40.3067,-120.9,1767.8,65.1666666666667
"1994",40.3375,-123.0656,1378.8,71.7
"1994",40.3458,-121.6091,1485.9,59.9333333333333
"1994",40.3636,-122.965,838.2,71.2
"1994",40.4167,-120.6631,1283.8,65.1
"1994",40.4808,-120.1139,1339.6,66.8
"1994",40.4833,-124.1038,41.5,59.7
"1994",40.4863,-123.9088,125.9,61.5333333333333
"1994",40.505,-123.3417,1219.2,70.7
"1994",40.51462,-122.29773,152.6,78.9666666666667
"1994",40.54,-121.5803,1725.2,58.3333333333333
"1994",40.5411,-121.5766,1752.6,60.5333333333333
"1994",40.5981,-121.0831,1722.1,57.1
"1994",40.6116,-122.528,394.7,77.9666666666667
"1994",40.6194,-121.8994,736.7,77.4666666666667
"1994",40.6306,-120.5028,1554.5,65.1
"1994",40.7141,-122.4161,327.7,79.8333333333333
"1994",40.7263,-122.7947,567.2,71.1333333333333
"1994",40.7333,-123.2333,457.2,73.6666666666667
"1994",40.73529,-122.9441,627.3,70.5
"1994",40.7817,-120.7844,1877,63.0333333333333
"1994",40.8072,-121.2967,1752.6,66.6666666666667
"1994",40.8097,-124.1602,6.1,58.4333333333333
"1994",40.86667,-120.43333,1615.4,62.0333333333333
"1994",40.9258,-121.5856,1130.8,70.2
"1994",40.9316,-121.5433,919,67.1666666666667
"1994",40.9466,-123.6363,141.4,71.4666666666667
"1994",40.97844,-124.10479,64.5,56.1666666666667
"1994",41.0519,-120.6861,1554.5,62
"1994",41.0547,-120.3375,1711.5,63.9333333333333
"1994",41.075,-122.3733,731.5,75.4333333333333
"1994",41.1117,-122.6967,1341.1,72.2666666666667
"1994",41.14167,-123.13917,704.1,70.9
"1994",41.1831,-122.28167,661.1,69.6
"1994",41.24,-120.79,1886.7,55.7333333333333
"1994",41.25171,-122.13827,985.4,66.3
"1994",41.2706,-120.29845,1621.2,63.3666666666667
"1994",41.2769,-121.9794,975.4,61.3
"1994",41.3003,-123.1322,668.1,73.4666666666667
"1994",41.30206,-123.53851,122.8,68.2
"1994",41.3075,-122.7958,955.9,68.9666666666667
"1994",41.32175,-122.31725,1101.2,65.1
"1994",41.3322,-120.4725,1332.6,66.1
"1994",41.3378,-122.82484,940.3,65.6666666666667
"1994",41.3619,-124.0191,48.8,57.0333333333333
"1994",41.39,-123.4958,280.4,71.6333333333333
"1994",41.4272,-121.4639,1602.6,70.4
"1994",41.4342,-120.8678,1314.3,65.9333333333333
"1994",41.4789,-122.4539,893.1,69.7333333333333
"1994",41.49021,-120.54376,1332.9,64.3333333333333
"1994",41.53,-120.6714,1530.7,66.3
"1994",41.5301,-120.1791,1428.9,69.1
"1994",41.57861,-124.07472,8.5,57.9
"1994",41.58,-120.3,2142.7,60.3
"1994",41.5992,-122.9336,1287.8,69.7
"1994",41.6431,-121.7939,1502.1,65.9666666666667
"1994",41.6853,-122.5942,914.4,72.3
"1994",41.70237,-122.64169,826.6,69.3666666666667
"1994",41.71171,-121.5067,1455.4,66.7666666666667
"1994",41.775,-122.9503,1674.3,64.7
"1994",41.7861,-122.0056,1645.9,66.1333333333333
"1994",41.7958,-124.2147,13.1,58.6333333333333
"1994",41.79612,-123.37469,348.1,69.4
"1994",41.8386,-122.85,591.3,71.3333333333333
"1994",41.8458,-123.9792,152.4,65
"1994",41.8586,-123.3525,1423.4,68.4
"1994",41.8715,-120.1574,1444.4,66.4333333333333
"1994",41.99,-120.18,2243.3,55.9666666666667
"1994",41.9919,-123.6036,1210.1,63.6
"1995",32.6058,-116.6089,714.8,71.9333333333333
"1995",32.6263,-116.4699,801.6,71.8
"1995",32.64,-117.0858,17.1,69
"1995",32.69219,-117.20983,4.4,67
"1995",32.7214,-116.4631,1049.4,70.1333333333333
"1995",32.7336,-117.1831,4.6,68.5666666666667
"1995",32.76654,-115.56638,-9.1,90.1
"1995",32.7675,-117.0233,161.5,72.5666666666667
"1995",32.8005,-116.928,150.9,70.9
"1995",32.8358,-116.7774,516.6,74.8
"1995",32.8488,-115.5666,-19.5,89.4
"1995",32.86667,-117.13333,145.4,71.6666666666667
"1995",32.88333,-114.86667,147.8,94.2
"1995",32.8856,-116.8149,182.9,74.3666666666667
"1995",32.9083,-114.4944,91.4,93.6666666666667
"1995",32.95,-114.7322,256,90.9666666666667
"1995",32.9544,-115.5581,-30.5,88.3333333333333
"1995",32.96667,-115.18333,64,92.1666666666667
"1995",32.9897,-116.5872,1414.3,67.2666666666667
"1995",32.9903,-116.0669,231.6,93.9333333333333
"1995",33.0113,-116.908,448.1,71.4666666666667
"1995",33.0758,-116.5908,1292.4,70.7333333333333
"1995",33.0955,-116.9975,128,77.45
"1995",33.121,-117.09,182.9,73.3666666666667
"1995",33.2097,-117.395,3,64.0333333333333
"1995",33.2222,-116.4975,1345.7,76
"1995",33.2354,-117.2322,131.1,70.3
"1995",33.2372,-117.0086,452,74
"1995",33.2372,-116.7614,823,70.4666666666667
"1995",33.2559,-116.4036,246.9,90
"1995",33.30424,-117.35508,21.4,69.4666666666667
"1995",33.3722,-117.3589,279.8,69.5666666666667
"1995",33.378,-116.84,1691.6,70.5333333333333
"1995",33.3933,-116.795,838.8,75
"1995",33.5286,-117.2306,603.5,73.4
"1995",33.5417,-117.5917,213.4,71.2666666666667
"1995",33.5453,-117.7813,13.4,68.45
"1995",33.555,-116.673,1194.8,70.3
"1995",33.5697,-116.073,-55.8,89.6666666666667
"1995",33.6031,-117.8836,3,64.2
"1995",33.61388,-114.59813,81.7,91.1
"1995",33.61876,-114.71451,120.4,92.0333333333333
"1995",33.63166,-116.16412,-36,88.4
"1995",33.6472,-117.4111,926,77.3666666666667
"1995",33.66667,-117.73333,117,69.6666666666667
"1995",33.6667,-116.7667,1499.6,71.1
"1995",33.686,-117.3458,386.5,78.1666666666667
"1995",33.7,-117.83333,17.1,70.7333333333333
"1995",33.7025,-117.75389,71.6,67
"1995",33.7044,-115.6289,417.6,87.0666666666667
"1995",33.7086,-116.2152,-6.4,92.2
"1995",33.7155,-117.19,432.8,79.4
"1995",33.7442,-117.8667,41.1,71.2666666666667
"1995",33.7572,-116.7066,1639.8,65.5
"1995",33.7781,-117.085,646.2,75.9666666666667
"1995",33.7965,-116.9753,464.8,74.8
"1995",33.8016,-118.3419,27.4,66.8
"1995",33.80807,-115.45138,296.6,92.1666666666667
"1995",33.8081,-117.7111,542.8,80.8
"1995",33.81177,-118.14718,10.2,71.4666666666667
"1995",33.8275,-116.5097,129.5,91.1333333333333
"1995",33.8647,-117.8425,70.7,72.2333333333333
"1995",33.9255,-116.9903,789.7,75.5
"1995",33.93816,-118.3866,29.7,67.1333333333333
"1995",33.9511,-117.388,256,77.9333333333333
"1995",33.96694,-117.36139,300.5,75.6666666666667
"1995",33.9778,-120.0778,395.6,57.9666666666667
"1995",33.9958,-119.7222,76.2,64.4666666666667
"1995",34.005,-118.4139,28,68.7
"1995",34.0075,-118.49972,4.3,63.6666666666667
"1995",34.0178,-116.1878,1280.2,75.5333333333333
"1995",34.0191,-118.1052,75,77.2
"1995",34.037,-117.1948,429.8,76.4333333333333
"1995",34.0583,-118.6333,480.1,72.8
"1995",34.0608,-114.7322,249.9,91.9333333333333
"1995",34.0678,-118.2417,115.2,74.0333333333333
"1995",34.0697,-118.4427,131.1,68.1
"1995",34.0842,-118.1003,110.6,74.3333333333333
"1995",34.1208,-117.9458,152.4,75
"1995",34.1233,-116.4078,993.6,79.5666666666667
"1995",34.12407,-119.12281,3.8,64.4
"1995",34.128,-116.0369,602,86.7333333333333
"1995",34.13444,-117.25389,347.5,77.8333333333333
"1995",34.1472,-115.1219,281,93.8333333333333
"1995",34.1483,-118.1447,263.3,74.4
"1995",34.1547,-114.2908,128,91.5333333333333
"1995",34.1819,-118.5744,240.8,73.2
"1995",34.1866,-118.348,199.6,72.8666666666667
"1995",34.19806,-119.17528,14.9,64.3666666666667
"1995",34.2069,-117.7606,792.5,73.2333333333333
"1995",34.2103,-116.6339,1828.8,72.4
"1995",34.2211,-117.4044,627,76.6
"1995",34.2308,-118.0711,1740.4,71.0666666666667
"1995",34.243,-116.917,2058.3,61.5
"1995",34.2466,-117.1883,1586.5,67.5333333333333
"1995",34.2661,-116.8989,2103.1,59.5666666666667
"1995",34.28964,-114.17137,224.9,93.8
"1995",34.3119,-119.13306,72.2,66.7
"1995",34.3317,-118.0303,1661.2,69.6
"1995",34.36667,-118.56667,426.7,74.1333333333333
"1995",34.3903,-118.0825,1530.4,68.5
"1995",34.4167,-119.6844,4.9,65.2666666666667
"1995",34.4241,-119.84249,2.5,65.2333333333333
"1995",34.425,-118.525,442,75.3333333333333
"1995",34.4458,-118.2,792.5,73.4333333333333
"1995",34.4477,-119.2275,227.1,71.1
"1995",34.5025,-117.8969,945.2,78.7666666666667
"1995",34.52527,-117.29638,850.1,78.5333333333333
"1995",34.5356,-117.0258,1438.7,75.3666666666667
"1995",34.5431,-119.1842,1015.3,65.3666666666667
"1995",34.58223,-119.98159,240.5,70.6666666666667
"1995",34.5883,-118.0938,796.1,79.0666666666667
"1995",34.5891,-117.6302,899.2,76.4
"1995",34.5958,-118.5786,1502.7,73.5666666666667
"1995",34.6538,-120.4513,22.9,63.7
"1995",34.705,-118.4297,932.7,76.4333333333333
"1995",34.74121,-118.21255,712.6,77.2333333333333
"1995",34.74361,-118.72528,1374.6,73.9
"1995",34.76783,-114.61842,270.6,93.9
"1995",34.85371,-116.78702,584.8,85.8
"1995",34.8927,-117.0219,676.7,83.0666666666667
"1995",34.89403,-120.45216,74.2,62.2
"1995",34.9436,-115.5469,1325.9,80.7
"1995",34.9455,-119.6827,658.4,71.4
"1995",35.0233,-118.7497,434.3,77.6333333333333
"1995",35.0492,-118.1619,833.6,82.8
"1995",35.0531,-116.0794,289.6,82.2
"1995",35.0767,-117.585,881.8,79.4333333333333
"1995",35.0964,-119.7728,759,76.0333333333333
"1995",35.1231,-115.4114,1649.9,72.1333333333333
"1995",35.13333,-118.45,1224.4,67.9
"1995",35.1503,-119.43,235.6,77.7666666666667
"1995",35.1542,-117.1756,987.6,77.75
"1995",35.1597,-120.683,11.9,61.4666666666667
"1995",35.3056,-120.6619,93.9,66.6333333333333
"1995",35.367,-120.8447,36,58.7
"1995",35.3692,-117.6525,1088.1,79.4666666666667
"1995",35.37,-117.5683,1103.4,81.2
"1995",35.3811,-120.1875,496.8,70.2666666666667
"1995",35.4028,-119.47,68.6,77.9333333333333
"1995",35.43424,-119.05524,149.3,79.1666666666667
"1995",35.47028,-115.54361,1441.7,69.2
"1995",35.5892,-119.352,88.7,78.7
"1995",35.6277,-120.6855,222.5,69.7666666666667
"1995",35.6513,-117.8213,740.7,81.5
"1995",35.6564,-120.9242,303,70.0333333333333
"1995",35.6647,-118.0569,1698.3,72.3333333333333
"1995",35.66936,-120.62918,249.8,70.6333333333333
"1995",35.686254,-117.690911,680,82.1
"1995",35.7269,-118.7006,957.1,65.75
"1995",35.7636,-117.3908,516.6,83.6666666666667
"1995",35.7706,-115.9092,1524,77.6333333333333
"1995",35.7831,-118.4389,823.9,76.5
"1995",35.8842,-118.0517,2507.9,61.1
"1995",35.8922,-118.915,64,76.5
"1995",35.8989,-120.4319,467.9,72.1
"1995",36.0333,-120.0569,246.9,78.7333333333333
"1995",36.06778,-119.02,119.8,79.7
"1995",36.0975,-119.5817,61,77.9333333333333
"1995",36.1203,-117.0878,2097,69.6333333333333
"1995",36.1356,-120.3606,204.2,79.7666666666667
"1995",36.1388,-117.9527,1165.9,76.1666666666667
"1995",36.18833,-120.69528,701,69.4333333333333
"1995",36.2032,-119.0545,132.6,76.7666666666667
"1995",36.2069,-121.1377,97.5,66.7333333333333
"1995",36.2472,-121.7802,61,63.5
"1995",36.26556,-117.18528,1249.7,76.5
"1995",36.3158,-119.637,72.2,77.3333333333333
"1995",36.32833,-119.2997,92.4,77.3666666666667
"1995",36.33333,-119.95,70.7,78
"1995",36.3469,-121.5108,682.8,65.9
"1995",36.3478,-120.5978,1524,67.7333333333333
"1995",36.3642,-120.1561,86.9,76.2
"1995",36.3817,-119.0264,156.4,78.7666666666667
"1995",36.3825,-120.8558,1137.8,70.9333333333333
"1995",36.4069,-118.4217,2621.3,62.6
"1995",36.46263,-116.8672,-59.1,97.4333333333333
"1995",36.465,-118.8619,347.5,77.5
"1995",36.4819,-121.1822,398.4,70.3
"1995",36.4914,-118.8253,520.6,78.3666666666667
"1995",36.5625,-117.4736,2097,66.6333333333333
"1995",36.5672,-118.9556,1240.2,72.3666666666667
"1995",36.5927,-121.8555,37.2,62.64
"1995",36.6044,-118.7325,2052.8,56
"1995",36.6594,-121.6663,13.7,64.6666666666667
"1995",36.66352,-121.60928,22.3,63.45
"1995",36.715,-121.34917,275.8,65.7333333333333
"1995",36.7269,-120.7658,619.4,75.9333333333333
"1995",36.73751,-118.96197,2005.6,59.9
"1995",36.77999,-119.72016,101.9,78.8
"1995",36.798,-118.2036,1204,77.7
"1995",36.8425,-118.2594,1479.8,75.0333333333333
"1995",36.8483,-121.4213,83.8,67.6333333333333
"1995",36.8839,-119.4658,280.4,81.5666666666667
"1995",36.9092,-119.0883,528.8,73.6
"1995",36.9308,-121.7691,29,63.5333333333333
"1995",36.9539,-120.0378,82.3,76.3666666666667
"1995",36.98785,-121.99952,21.3,64
"1995",36.98972,-120.92972,124.1,76.3333333333333
"1995",36.9911,-121.7978,137.2,66.7
"1995",36.99574,-119.70691,131.1,76.6666666666667
"1995",37.003,-121.5608,59.1,70.7
"1995",37.0153,-119.5678,366.1,74.8666666666667
"1995",37.05333,-121.05778,84.4,75.5
"1995",37.0547,-121.0531,106.7,75.7333333333333
"1995",37.0563,-120.8666,36.6,76.1666666666667
"1995",37.08689,-122.08221,132.6,67.1666666666667
"1995",37.0919,-119.5128,637,76.9666666666667
"1995",37.135,-119.2561,1751.4,59.8333333333333
"1995",37.2275,-119.22056,2139.7,58.2333333333333
"1995",37.2319,-121.9592,111.3,68.7333333333333
"1995",37.2329,-119.5097,806.2,70.3666666666667
"1995",37.2811,-121.0177,27.4,75.2
"1995",37.2888,-120.5158,46.9,76.2666666666667
"1995",37.3053,-122.255,265.8,61.8666666666667
"1995",37.31167,-122.36167,83.8,60.0333333333333
"1995",37.34336,-121.63473,1286.3,66.1666666666667
"1995",37.34972,-121.90333,20.4,72.2
"1995",37.37114,-118.35886,1252.8,71.4
"1995",37.3738,-117.9802,1592.6,70.2
"1995",37.39,-118.5506,1414.3,77.75
"1995",37.4094,-119.7681,937.9,75.7333333333333
"1995",37.4286,-122.2561,115.8,69.3
"1995",37.4436,-122.1402,7.6,67.3
"1995",37.4725,-122.4433,8.2,58.4666666666667
"1995",37.4767,-122.2386,9.4,68.5
"1995",37.5019,-121.7355,932.7,67
"1995",37.50193,-120.84566,31.4,75.2333333333333
"1995",37.5042,-119.9869,680,72.5
"1995",37.5122,-119.6331,1538.3,59.6333333333333
"1995",37.5128,-119.6047,1950.7,64.8333333333333
"1995",37.5147,-122.0325,3,68.1
"1995",37.59167,-122.47167,144.8,61.9666666666667
"1995",37.61962,-122.36562,3.2,62.8666666666667
"1995",37.62544,-120.95492,26.5,73.95
"1995",37.63,-119.0933,2304.3,52.8333333333333
"1995",37.6478,-118.9617,2378.7,56.3
"1995",37.6528,-120.0883,792.5,75.3333333333333
"1995",37.6819,-121.3466,41.1,72.8333333333333
"1995",37.68194,-121.75139,161.2,70.6666666666667
"1995",37.7119,-121.8136,243.8,69.1
"1995",37.728,-122.5052,2.4,58.4333333333333
"1995",37.745,-118.9833,2316.5,48.2
"1995",37.75027,-119.58972,1224.7,67.4333333333333
"1995",37.7617,-119.8247,2025.1,62.3333333333333
"1995",37.7705,-122.4269,45.7,63.4666666666667
"1995",37.78333,-122.31667,9.1,66.3666666666667
"1995",37.7861,-122.1447,333.8,65.3333333333333
"1995",37.79589,-121.58319,18.6,74.4666666666667
"1995",37.7983,-122.2642,9.1,63.2
"1995",37.8331,-120.5,310.9,74.7333333333333
"1995",37.8339,-122.0669,536.4,66.05
"1995",37.8431,-118.4778,1661.2,66.8
"1995",37.865,-122.2208,427.6,61.2666666666667
"1995",37.8683,-119.3183,2825.5,51.8
"1995",37.8744,-122.2605,94.5,62.6
"1995",37.8792,-121.9303,661.4,68.3
"1995",37.88997,-121.22637,8.3,75.7333333333333
"1995",37.9442,-122.1178,442,66.9333333333333
"1995",37.95,-121.8844,487.7,68.8666666666667
"1995",37.9566,-122.5447,44.2,69.2
"1995",37.9567,-119.1194,2071.7,63.3
"1995",37.9613,-119.783,1179.6,67.1
"1995",37.9672,-120.3872,510.5,65.8
"1995",37.9747,-119.9161,1452.4,66.8
"1995",37.9833,-122.0692,12.2,72.5
"1995",37.9833,-121.7525,18.3,73.2666666666667
"1995",37.9983,-122.5372,36.6,67.2666666666667
"1995",37.9994,-121.3177,3.7,74.2666666666667
"1995",38.0047,-120.4863,292.6,76.0666666666667
"1995",38.0131,-122.1142,12.2,70.7
"1995",38.07,-119.23,2878.8,52.9333333333333
"1995",38.1061,-121.2877,12.2,72.3333333333333
"1995",38.2119,-119.0142,2551.2,51.8333333333333
"1995",38.2428,-120.515,780,69.7333333333333
"1995",38.2486,-120.8433,200.6,74.4666666666667
"1995",38.2575,-119.2286,1972.1,55.3666666666667
"1995",38.2577,-122.6077,6.1,65.9333333333333
"1995",38.2736,-122.0677,12.2,72.4333333333333
"1995",38.2769,-120.3113,1431,62.1666666666667
"1995",38.2777,-122.2647,10.7,69.2333333333333
"1995",38.28,-119.61,2931.3,47.4
"1995",38.2994,-122.4622,29.6,68.8
"1995",38.3,-119.55,2194,53.7
"1995",38.31,-119.6,2690.5,51.9666666666667
"1995",38.3894,-120.6511,902.2,73.2
"1995",38.39556,-121.96083,33.5,74.9333333333333
"1995",38.4305,-122.8647,61,65.9666666666667
"1995",38.44,-119.37,2814.2,50.4
"1995",38.44611,-120.49917,717.8,68.2333333333333
"1995",38.45579,-122.71335,50.6,67.2
"1995",38.4786,-122.7119,175.6,65.55
"1995",38.4883,-120.325,1524,74.7
"1995",38.4916,-122.1241,146.3,74.35
"1995",38.492,-122.0039,57,76.8
"1995",38.50659,-121.49604,5.9,72.7666666666667
"1995",38.5066,-122.4713,68.6,71.5333333333333
"1995",38.51,-119.63,2357.9,51.5
"1995",38.515,-123.2447,34.1,57.45
"1995",38.5252,-121.9777,41.1,76.1333333333333
"1995",38.5349,-121.7761,18.3,73.2
"1995",38.55,-119.8,2671.6,48.5
"1995",38.5552,-121.4183,11.6,75.5666666666667
"1995",38.573,-122.4405,522.7,67.7666666666667
"1995",38.57682,-122.57811,106.7,69.4666666666667
"1995",38.5908,-120.9336,275.8,71.5666666666667
"1995",38.61,-119.92,2455.8,50.3333333333333
"1995",38.62935,-122.86646,53.9,71.1666666666667
"1995",38.67,-119.82,1863.9,58.4666666666667
"1995",38.67,-119.61,2532.9,53.6666666666667
"1995",38.6829,-121.794,20.4,75.1333333333333
"1995",38.69194,-119.78028,1685.5,57.15
"1995",38.6955,-120.8244,563.9,72.5333333333333
"1995",38.70861,-120.04028,2438.4,53.5666666666667
"1995",38.71611,-122.9975,68.3,69.5666666666667
"1995",38.7333,-120.245,1597.2,63.6666666666667
"1995",38.7383,-122.1447,107.9,75.9
"1995",38.7817,-122.9169,609.6,71.35
"1995",38.8325,-121.0086,365.8,71.0666666666667
"1995",38.85,-120.08,2337.8,54.4333333333333
"1995",38.85,-119.94,2370.1,51.4333333333333
"1995",38.8619,-122.4172,670.6,68.6
"1995",38.8825,-121.2683,61,74.8
"1995",38.89838,-119.99617,1907,56.3666666666667
"1995",38.9056,-120.6972,1426.5,69.7333333333333
"1995",38.9072,-121.0838,393.8,67.1
"1995",38.9119,-122.7064,659.3,72.2
"1995",38.92,-119.92,2615.8,49.6666666666667
"1995",38.9238,-122.5672,411.2,69.6
"1995",38.93,-120.05,1900.7,54.4666666666667
"1995",38.933,-120.8008,914.7,71.5333333333333
"1995",38.9875,-123.3486,196.3,68.2333333333333
"1995",39,-120.13,2343.6,53.15
"1995",39.0189,-122.4119,635.5,74.2666666666667
"1995",39.0717,-120.4217,1597.2,68.25
"1995",39.0901,-120.947,723.3,71.5666666666667
"1995",39.1258,-123.0736,975.4,68.7333333333333
"1995",39.14,-120.22,2028.4,53.2
"1995",39.1458,-121.5852,17.4,76.6333333333333
"1995",39.1466,-123.2102,193.9,70.1666666666667
"1995",39.1678,-120.1428,1898.9,56.9666666666667
"1995",39.17,-120.15,2071.7,55.8666666666667
"1995",39.1836,-120.8847,861.4,72.9
"1995",39.1875,-122.0269,15.2,73.0666666666667
"1995",39.19,-120.26,2447.2,51.6
"1995",39.2041,-121.068,731.5,67.9666666666667
"1995",39.2466,-121.0008,847.6,67.8
"1995",39.3,-120.18,1983.9,58.8666666666667
"1995",39.3036,-121.1172,617.2,73.1666666666667
"1995",39.3167,-120.8375,1316.7,68.1
"1995",39.31833,-120.63917,1571.5,59.9666666666667
"1995",39.3239,-120.2331,1809.6,56.3666666666667
"1995",39.33,-120.37,2089.4,54
"1995",39.333,-120.173,1774.9,58.5333333333333
"1995",39.3575,-121.2011,499.9,73.5
"1995",39.35917,-122.51778,367.3,72.1
"1995",39.3619,-123.1286,310.3,69.0666666666667
"1995",39.3669,-122.575,365.8,73.4
"1995",39.3886,-120.0936,1699.3,55.55
"1995",39.3975,-121.3861,244.8,72.7
"1995",39.4194,-123.3425,412.4,63.9666666666667
"1995",39.425,-122.9772,540.4,68.1333333333333
"1995",39.43167,-120.24056,1931.5,54.2333333333333
"1995",39.45,-120.29,2134.5,53.4666666666667
"1995",39.4539,-120.6556,1641.3,60.7333333333333
"1995",39.475,-121.2025,1132,69.0666666666667
"1995",39.4833,-120.075,2093.1,58.1666666666667
"1995",39.49,-120.28,1967.8,54.1333333333333
"1995",39.51,-123.75639,37.5,58.65
"1995",39.5177,-121.553,52.1,74.2
"1995",39.52316,-122.3048,71.3,74.4333333333333
"1995",39.53194,-121.1611,1130.8,62.9333333333333
"1995",39.5633,-120.8238,888.5,65.3
"1995",39.5861,-122.5341,243.8,72.6666666666667
"1995",39.6514,-122.7236,1310.6,66.2666666666667
"1995",39.6681,-123.3211,740.1,65.95
"1995",39.6911,-121.8211,56.4,74.2333333333333
"1995",39.7119,-121.7789,70.1,76.55
"1995",39.7458,-122.1997,77.4,77.25
"1995",39.7538,-121.6241,533.4,75.3333333333333
"1995",39.8053,-120.4719,1478.3,59.5
"1995",39.8158,-123.2444,430.7,69.5333333333333
"1995",39.8333,-123.0833,457.2,71.3666666666667
"1995",39.8644,-122.6097,317,78.1
"1995",39.8716,-121.6108,826,69.4333333333333
"1995",39.8717,-121.7689,528.2,75
"1995",39.9366,-120.9475,1042.4,66.5333333333333
"1995",39.9717,-120.0828,1338.1,63.5
"1995",39.9733,-120.9419,1066.8,65.5333333333333
"1995",40.0222,-120.1056,1292.4,64.8333333333333
"1995",40.02611,-123.79306,153.3,66.1333333333333
"1995",40.03306,-124.07278,75,57.8
"1995",40.0789,-121.5039,1511.8,60.6
"1995",40.15186,-122.25478,108,76.7666666666667
"1995",40.1705,-121.0886,1389.9,61.4333333333333
"1995",40.1867,-123.5903,281.3,66.15
"1995",40.2461,-120.6422,1737.4,63.95
"1995",40.2569,-124.2661,899.2,61.3
"1995",40.2789,-122.4869,213.4,74.5666666666667
"1995",40.30209,-121.24391,1387.1,60.8666666666667
"1995",40.3067,-120.9,1767.8,60.1
"1995",40.3442,-121.7136,1267.7,68.8
"1995",40.3458,-121.6091,1485.9,57.8
"1995",40.3636,-122.965,838.2,66.6
"1995",40.3983,-122.8333,579.1,72.8666666666667
"1995",40.4167,-120.6631,1283.8,66.05
"1995",40.4808,-120.1139,1339.6,62.6333333333333
"1995",40.4833,-124.1038,41.5,60.4333333333333
"1995",40.4863,-123.9088,125.9,61.4666666666667
"1995",40.505,-123.3417,1219.2,67
"1995",40.51462,-122.29773,152.6,77.2
"1995",40.54,-121.5803,1725.2,50.6
"1995",40.5411,-121.5766,1752.6,57.4333333333333
"1995",40.5981,-121.0831,1722.1,54.9333333333333
"1995",40.6116,-122.528,394.7,73.9
"1995",40.6194,-121.8994,736.7,73
"1995",40.6306,-120.5028,1554.5,61.4
"1995",40.7141,-122.4161,327.7,76
"1995",40.7263,-122.7947,567.2,68.1333333333333
"1995",40.7333,-123.2333,457.2,72.7
"1995",40.73529,-122.9441,627.3,67.9
"1995",40.7817,-120.7844,1877,58.0333333333333
"1995",40.7964,-123.9367,512.1,60.1
"1995",40.8072,-121.2967,1752.6,61.2333333333333
"1995",40.8097,-124.1602,6.1,58.2
"1995",40.86667,-120.43333,1615.4,58.7333333333333
"1995",40.9258,-121.5856,1130.8,66.7
"1995",40.9466,-123.6363,141.4,70.8
"1995",40.97844,-124.10479,64.5,56.6666666666667
"1995",41.0519,-120.6861,1554.5,59.2666666666667
"1995",41.0547,-120.3375,1711.5,59.3
"1995",41.14167,-123.13917,704.1,66.55
"1995",41.1831,-122.28167,661.1,66.4
"1995",41.19334,-120.94458,1280.8,62.0666666666667
"1995",41.24,-120.79,1886.7,53
"1995",41.25171,-122.13827,985.4,63.6666666666667
"1995",41.2706,-120.29845,1621.2,57.45
"1995",41.2769,-121.9794,975.4,61.2
"1995",41.3003,-123.1322,668.1,67.4
"1995",41.30206,-123.53851,122.8,68.2
"1995",41.3075,-122.7958,955.9,66.0666666666667
"1995",41.32175,-122.31725,1101.2,62.4
"1995",41.3322,-120.4725,1332.6,62.0333333333333
"1995",41.3378,-122.82484,940.3,63.0666666666667
"1995",41.3619,-124.0191,48.8,57.9
"1995",41.39,-123.4958,280.4,71.2666666666667
"1995",41.4219,-120.9016,1313.7,61.3333333333333
"1995",41.4272,-121.4639,1602.6,59.75
"1995",41.4342,-120.8678,1314.3,61.1
"1995",41.4789,-122.4539,893.1,66.2333333333333
"1995",41.49021,-120.54376,1332.9,61.6
"1995",41.53,-120.6714,1530.7,62.4
"1995",41.5301,-120.1791,1428.9,64.4333333333333
"1995",41.57861,-124.07472,8.5,58.2333333333333
"1995",41.58,-120.3,2142.7,55.6
"1995",41.5992,-122.9336,1287.8,65.1333333333333
"1995",41.6431,-121.7939,1502.1,61.6666666666667
"1995",41.6853,-122.5942,914.4,67.2666666666667
"1995",41.70237,-122.64169,826.6,65.3333333333333
"1995",41.71171,-121.5067,1455.4,62.1333333333333
"1995",41.775,-122.9503,1674.3,60.0333333333333
"1995",41.7861,-122.0056,1645.9,61.5
"1995",41.7958,-124.2147,13.1,58.7
"1995",41.79612,-123.37469,348.1,66.9333333333333
"1995",41.8386,-122.85,591.3,68.2333333333333
"1995",41.8586,-123.3525,1423.4,73.55
"1995",41.8715,-120.1574,1444.4,62.6333333333333
"1995",41.99,-120.18,2243.3,51.2
"1995",41.9919,-123.6036,1210.1,61.2666666666667
"1996",32.6058,-116.6089,714.8,73.7666666666667
"1996",32.6263,-116.4699,801.6,72.0333333333333
"1996",32.64,-117.0858,17.1,70.3666666666667
"1996",32.69219,-117.20983,4.4,68.7333333333333
"1996",32.7214,-116.4631,1049.4,72.3333333333333
"1996",32.7336,-117.1831,4.6,70.2
"1996",32.76654,-115.56638,-9.1,90.35
"1996",32.7675,-117.0233,161.5,74.9
"1996",32.8005,-116.928,150.9,75.05
"1996",32.8358,-116.7774,516.6,75.8
"1996",32.8488,-115.5666,-19.5,89.6666666666667
"1996",32.86667,-117.13333,145.4,70.4
"1996",32.8797,-116.4203,1755.6,66.65
"1996",32.9083,-114.4944,91.4,95.4
"1996",32.95,-114.7322,256,92.2
"1996",32.9544,-115.5581,-30.5,91.6666666666667
"1996",32.96667,-115.18333,64,93.6
"1996",32.9897,-116.5872,1414.3,69.2
"1996",32.9903,-116.0669,231.6,95.3666666666667
"1996",33.0113,-116.908,448.1,74.1666666666667
"1996",33.0758,-116.5908,1292.4,74.2666666666667
"1996",33.0763,-116.5925,1284.7,75.3
"1996",33.0955,-116.9975,128,76.2666666666667
"1996",33.121,-117.09,182.9,75.6666666666667
"1996",33.2097,-117.395,3,67.2
"1996",33.2222,-116.4975,1345.7,75.8333333333333
"1996",33.2354,-117.2322,131.1,72.6333333333333
"1996",33.2372,-117.0086,452,74.6666666666667
"1996",33.2372,-116.7614,823,73.2666666666667
"1996",33.2559,-116.4036,246.9,91.3333333333333
"1996",33.2889,-117.4389,30.5,70.3666666666667
"1996",33.30424,-117.35508,21.4,70.9333333333333
"1996",33.3722,-117.3589,279.8,71.4333333333333
"1996",33.378,-116.84,1691.6,73.9666666666667
"1996",33.3933,-116.795,838.8,76.6
"1996",33.445,-117.4181,707.1,73.2333333333333
"1996",33.4833,-119.0333,53.6,62.3
"1996",33.5286,-117.2306,603.5,74.7
"1996",33.5417,-117.5917,213.4,73.2333333333333
"1996",33.5453,-117.7813,13.4,69.7333333333333
"1996",33.555,-116.673,1194.8,74.4333333333333
"1996",33.5697,-116.073,-55.8,91.9
"1996",33.6031,-117.8836,3,66.3333333333333
"1996",33.61388,-114.59813,81.7,95.25
"1996",33.61876,-114.71451,120.4,94.0333333333333
"1996",33.63166,-116.16412,-36,89.9666666666667
"1996",33.6472,-117.4111,926,79.6
"1996",33.66667,-117.73333,117,71.5333333333333
"1996",33.6667,-116.7667,1499.6,74.3666666666667
"1996",33.686,-117.3458,386.5,78.9
"1996",33.7,-117.83333,17.1,73.7333333333333
"1996",33.7025,-117.75389,71.6,74.2333333333333
"1996",33.7044,-115.6289,417.6,88.7666666666667
"1996",33.7086,-116.2152,-6.4,90.1
"1996",33.7442,-117.8667,41.1,73.2333333333333
"1996",33.7572,-116.7066,1639.8,68.3
"1996",33.7781,-117.085,646.2,78.1
"1996",33.7965,-116.9753,464.8,77.75
"1996",33.8016,-118.3419,27.4,69.3333333333333
"1996",33.80807,-115.45138,296.6,93.6333333333333
"1996",33.8081,-117.7111,542.8,74.8
"1996",33.81177,-118.14718,10.2,72.7666666666667
"1996",33.8275,-116.5097,129.5,92.9333333333333
"1996",33.8647,-117.8425,70.7,74.3666666666667
"1996",33.9255,-116.9903,789.7,78.3666666666667
"1996",33.93816,-118.3866,29.7,70.0333333333333
"1996",33.9511,-117.388,256,79.5333333333333
"1996",33.96694,-117.36139,300.5,77.9
"1996",33.9778,-120.0778,395.6,58.3666666666667
"1996",33.9958,-119.7222,76.2,62.6
"1996",34.005,-118.4139,28,69.3333333333333
"1996",34.0178,-116.1878,1280.2,78.3666666666667
"1996",34.0191,-118.1052,75,76.2333333333333
"1996",34.037,-117.1948,429.8,78.8666666666667
"1996",34.0583,-118.6333,480.1,73.5666666666667
"1996",34.0608,-114.7322,249.9,93.9666666666667
"1996",34.0678,-118.2417,115.2,74.7333333333333
"1996",34.0697,-118.4427,131.1,69.2
"1996",34.0842,-118.1003,110.6,75.9333333333333
"1996",34.1208,-117.9458,152.4,77.3
"1996",34.1233,-116.4078,993.6,83.1
"1996",34.12407,-119.12281,3.8,65.2333333333333
"1996",34.128,-116.0369,602,88.4
"1996",34.13444,-117.25389,347.5,81.75
"1996",34.1472,-115.1219,281,95.3
"1996",34.1483,-118.1447,263.3,75.6666666666667
"1996",34.1547,-114.2908,128,92.3666666666667
"1996",34.1819,-118.5744,240.8,76.9333333333333
"1996",34.1847,-118.7172,502.9,78.3333333333333
"1996",34.1866,-118.348,199.6,74.7666666666667
"1996",34.19806,-119.17528,14.9,65.2333333333333
"1996",34.2069,-117.7606,792.5,74.7
"1996",34.2103,-116.6339,1828.8,75.3333333333333
"1996",34.2211,-117.4044,627,79.2666666666667
"1996",34.2308,-118.0711,1740.4,74.5333333333333
"1996",34.243,-116.917,2058.3,63.9333333333333
"1996",34.2466,-117.1883,1586.5,70.0333333333333
"1996",34.2661,-116.8989,2103.1,62.5333333333333
"1996",34.28964,-114.17137,224.9,96.75
"1996",34.3119,-119.13306,72.2,65.8
"1996",34.3317,-118.0303,1661.2,73.2333333333333
"1996",34.3903,-118.0825,1530.4,72.2
"1996",34.3906,-116.5169,883.9,85.5333333333333
"1996",34.4167,-119.6844,4.9,66.2666666666667
"1996",34.425,-118.525,442,77.4666666666667
"1996",34.4458,-118.2,792.5,76.5666666666667
"1996",34.4477,-119.2275,227.1,71.75
"1996",34.5025,-117.8969,945.2,82.0666666666667
"1996",34.52527,-117.29638,850.1,81
"1996",34.5356,-117.0258,1438.7,78.9333333333333
"1996",34.5431,-119.1842,1015.3,62.9
"1996",34.58223,-119.98159,240.5,72.6
"1996",34.5883,-118.0938,796.1,82.5333333333333
"1996",34.5891,-117.6302,899.2,80.0666666666667
"1996",34.6538,-120.4513,22.9,63.6333333333333
"1996",34.705,-118.4297,932.7,79.1666666666667
"1996",34.7325,-118.3833,841.2,81.7
"1996",34.74121,-118.21255,712.6,81.7
"1996",34.74361,-118.72528,1374.6,73.55
"1996",34.7455,-120.28,172.2,68.6
"1996",34.76783,-114.61842,270.6,96.2
"1996",34.85371,-116.78702,584.8,88.9333333333333
"1996",34.8927,-117.0219,676.7,85.9
"1996",34.89403,-120.45216,74.2,62.9666666666667
"1996",34.9436,-115.5469,1325.9,83.1333333333333
"1996",34.9455,-119.6827,658.4,74.3666666666667
"1996",35.0233,-118.7497,434.3,81.2333333333333
"1996",35.0492,-118.1619,833.6,86.7
"1996",35.0531,-116.0794,289.6,93.1333333333333
"1996",35.0767,-117.585,881.8,83.5666666666667
"1996",35.0964,-119.7728,759,79.9333333333333
"1996",35.1231,-115.4114,1649.9,75.8666666666667
"1996",35.13333,-118.45,1224.4,73.5
"1996",35.1503,-119.43,235.6,82.0333333333333
"1996",35.1542,-117.1756,987.6,78
"1996",35.1597,-120.683,11.9,61.3333333333333
"1996",35.1889,-120.0833,1149.1,76.6
"1996",35.3056,-120.6619,93.9,67.5666666666667
"1996",35.367,-120.8447,36,57.9666666666667
"1996",35.3692,-117.6525,1088.1,83
"1996",35.37,-117.5683,1103.4,83.3666666666667
"1996",35.3811,-120.1875,496.8,74.0333333333333
"1996",35.4028,-119.47,68.6,80.5666666666667
"1996",35.43424,-119.05524,149.3,81.6333333333333
"1996",35.4783,-117.6989,1338.1,82.3666666666667
"1996",35.5892,-119.352,88.7,81.1
"1996",35.6277,-120.6855,222.5,71.4333333333333
"1996",35.6513,-117.8213,740.7,83.85
"1996",35.6564,-120.9242,303,72.8
"1996",35.6647,-118.0569,1698.3,77.1333333333333
"1996",35.66936,-120.62918,249.8,74.9666666666667
"1996",35.686254,-117.690911,680,85.6
"1996",35.7269,-118.7006,957.1,69.05
"1996",35.7636,-117.3908,516.6,93.6
"1996",35.7706,-115.9092,1524,81.4333333333333
"1996",35.8842,-118.0517,2507.9,66
"1996",35.8922,-118.915,64,80.3666666666667
"1996",35.8989,-120.4319,467.9,74.7
"1996",36.0333,-120.0569,246.9,82.8
"1996",36.06778,-119.02,119.8,83
"1996",36.0975,-119.5817,61,81.1666666666667
"1996",36.1203,-117.0878,2097,74
"1996",36.1356,-120.3606,204.2,83.3666666666667
"1996",36.1388,-117.9527,1165.9,80.0333333333333
"1996",36.1753,-118.7017,987.6,81.55
"1996",36.18833,-120.69528,701,72.7
"1996",36.2032,-119.0545,132.6,80.5
"1996",36.2069,-121.1377,97.5,67.5
"1996",36.23,-121.4917,298.7,75.1666666666667
"1996",36.2472,-121.7802,61,63.3
"1996",36.26556,-117.18528,1249.7,80.6
"1996",36.3158,-119.637,72.2,80.3
"1996",36.32833,-119.2997,92.4,80
"1996",36.33333,-119.95,70.7,80.3
"1996",36.3469,-121.5108,682.8,71.0666666666667
"1996",36.3478,-120.5978,1524,72.5333333333333
"1996",36.3817,-119.0264,156.4,81.4333333333333
"1996",36.3825,-120.8558,1137.8,76.0666666666667
"1996",36.445,-118.7033,1597.2,77.85
"1996",36.46263,-116.8672,-59.1,100.4
"1996",36.465,-118.8619,347.5,81.7
"1996",36.4819,-121.1822,398.4,73.5666666666667
"1996",36.4914,-118.8253,520.6,82.7333333333333
"1996",36.5625,-117.4736,2097,70.5
"1996",36.5672,-118.9556,1240.2,76.1333333333333
"1996",36.5927,-121.8555,37.2,60.8333333333333
"1996",36.6044,-118.7325,2052.8,59.9
"1996",36.6594,-121.6663,13.7,62.3333333333333
"1996",36.66352,-121.60928,22.3,63.0666666666667
"1996",36.715,-121.34917,275.8,68.35
"1996",36.7267,-118.675,2475,65.6
"1996",36.7269,-120.7658,619.4,80.2333333333333
"1996",36.73751,-118.96197,2005.6,64.2
"1996",36.77999,-119.72016,101.9,82.1666666666667
"1996",36.798,-118.2036,1204,82.7666666666667
"1996",36.8425,-118.2594,1479.8,80.1666666666667
"1996",36.8483,-121.4213,83.8,69.8
"1996",36.8839,-119.4658,280.4,85.5666666666667
"1996",36.9092,-119.0883,528.8,79.65
"1996",36.9308,-121.7691,29,62.2333333333333
"1996",36.9539,-120.0378,82.3,78.25
"1996",36.98785,-121.99952,21.3,63.1333333333333
"1996",36.98972,-120.92972,124.1,80.3
"1996",36.9911,-121.7978,137.2,65.6
"1996",36.99574,-119.70691,131.1,80.4333333333333
"1996",37.003,-121.5608,59.1,73.5666666666667
"1996",37.0153,-119.5678,366.1,78.0333333333333
"1996",37.05333,-121.05778,84.4,78.2666666666667
"1996",37.0547,-121.0531,106.7,79.2
"1996",37.0563,-120.8666,36.6,78.7666666666667
"1996",37.08689,-122.08221,132.6,69.2666666666667
"1996",37.0919,-119.5128,637,80.8333333333333
"1996",37.135,-119.2561,1751.4,63.8333333333333
"1996",37.2275,-119.22056,2139.7,59.45
"1996",37.2319,-121.9592,111.3,70.4333333333333
"1996",37.2329,-119.5097,806.2,75.2333333333333
"1996",37.2811,-121.0177,27.4,78.4333333333333
"1996",37.2888,-120.5158,46.9,79.1
"1996",37.3053,-122.255,265.8,61.9333333333333
"1996",37.31167,-122.36167,83.8,58.1333333333333
"1996",37.34336,-121.63473,1286.3,71.6666666666667
"1996",37.34972,-121.90333,20.4,72
"1996",37.37114,-118.35886,1252.8,75.8666666666667
"1996",37.3738,-117.9802,1592.6,75.4
"1996",37.39,-118.5506,1414.3,78.8666666666667
"1996",37.4058,-122.0481,11.9,68.4
"1996",37.4094,-119.7681,937.9,84.45
"1996",37.4286,-122.2561,115.8,70.6333333333333
"1996",37.4436,-122.1402,7.6,68.7666666666667
"1996",37.4725,-122.4433,8.2,56.6666666666667
"1996",37.4767,-122.2386,9.4,68.3333333333333
"1996",37.5019,-121.7355,932.7,72.7666666666667
"1996",37.50193,-120.84566,31.4,78.9666666666667
"1996",37.5042,-119.9869,680,76.7333333333333
"1996",37.5122,-119.6331,1538.3,66.5
"1996",37.5128,-119.6047,1950.7,69.5333333333333
"1996",37.5147,-122.0325,3,67.9666666666667
"1996",37.5422,-122.0158,11.6,68.1333333333333
"1996",37.59167,-122.47167,144.8,60.1333333333333
"1996",37.61962,-122.36562,3.2,62.4333333333333
"1996",37.62544,-120.95492,26.5,79.0333333333333
"1996",37.63,-119.0933,2304.3,57.5
"1996",37.6478,-118.9617,2378.7,60.5666666666667
"1996",37.6528,-120.0883,792.5,80.7
"1996",37.6819,-121.3466,41.1,79.1
"1996",37.68194,-121.75139,161.2,73.5666666666667
"1996",37.7119,-121.8136,243.8,72.0666666666667
"1996",37.728,-122.5052,2.4,56.5333333333333
"1996",37.745,-118.9833,2316.5,58.5666666666667
"1996",37.75027,-119.58972,1224.7,71.6
"1996",37.7617,-119.8247,2025.1,67.0333333333333
"1996",37.7705,-122.4269,45.7,63.2333333333333
"1996",37.78333,-122.31667,9.1,64.5
"1996",37.7861,-122.1447,333.8,65.7666666666667
"1996",37.79589,-121.58319,18.6,79.2
"1996",37.8331,-120.5,310.9,78.9666666666667
"1996",37.8339,-122.0669,536.4,71.8
"1996",37.8431,-118.4778,1661.2,72.7333333333333
"1996",37.8511,-119.65,2446,58.7666666666667
"1996",37.865,-122.2208,427.6,66.1
"1996",37.8683,-119.3183,2825.5,52.4
"1996",37.8744,-122.2605,94.5,62.5666666666667
"1996",37.8792,-121.9303,661.4,74.0333333333333
"1996",37.88997,-121.22637,8.3,78.7333333333333
"1996",37.9191,-122.3772,6.1,63.3666666666667
"1996",37.9442,-122.1178,442,71.2333333333333
"1996",37.95,-121.8844,487.7,74.4
"1996",37.9566,-122.5447,44.2,69.2
"1996",37.9567,-119.1194,2071.7,66.3333333333333
"1996",37.9613,-119.783,1179.6,70.7333333333333
"1996",37.9672,-120.3872,510.5,70.4
"1996",37.9747,-119.9161,1452.4,71.0333333333333
"1996",37.9833,-122.0692,12.2,74.2
"1996",37.9833,-121.7525,18.3,75.8666666666667
"1996",37.9983,-122.5372,36.6,67.7
"1996",37.9994,-121.3177,3.7,77.3666666666667
"1996",38.0047,-120.4863,292.6,80.2666666666667
"1996",38.0131,-122.1142,12.2,73.0333333333333
"1996",38.07,-119.23,2878.8,58
"1996",38.1061,-121.2877,12.2,75.3666666666667
"1996",38.2119,-119.0142,2551.2,55.2333333333333
"1996",38.2428,-120.515,780,76.2666666666667
"1996",38.2486,-120.8433,200.6,78.5666666666667
"1996",38.2575,-119.2286,1972.1,60.3666666666667
"1996",38.2577,-122.6077,6.1,65.9
"1996",38.2736,-122.0677,12.2,74.6666666666667
"1996",38.2769,-120.3113,1431,65.9666666666667
"1996",38.2777,-122.2647,10.7,68.7333333333333
"1996",38.28,-119.61,2931.3,52.4333333333333
"1996",38.2994,-122.4622,29.6,68.7
"1996",38.3,-119.55,2194,58.1333333333333
"1996",38.31,-119.6,2690.5,56.6666666666667
"1996",38.3894,-120.6511,902.2,78.1
"1996",38.39556,-121.96083,33.5,78.1
"1996",38.4305,-122.8647,61,65.8666666666667
"1996",38.44,-119.37,2814.2,55.1666666666667
"1996",38.44611,-120.49917,717.8,72.1
"1996",38.45579,-122.71335,50.6,67.15
"1996",38.4786,-122.7119,175.6,67.5
"1996",38.4916,-122.1241,146.3,75.7
"1996",38.492,-122.0039,57,78.8
"1996",38.50659,-121.49604,5.9,76.7333333333333
"1996",38.5066,-122.4713,68.6,73.4333333333333
"1996",38.51,-119.63,2357.9,55.5
"1996",38.515,-123.2447,34.1,56.55
"1996",38.5252,-121.9777,41.1,79
"1996",38.5349,-121.7761,18.3,75.0333333333333
"1996",38.55,-119.8,2671.6,56.6
"1996",38.5552,-121.4183,11.6,79.0333333333333
"1996",38.573,-122.4405,522.7,71.7333333333333
"1996",38.57682,-122.57811,106.7,72.3666666666667
"1996",38.5908,-120.9336,275.8,76.2333333333333
"1996",38.61,-119.92,2455.8,56.4666666666667
"1996",38.62935,-122.86646,53.9,72.5
"1996",38.67,-119.82,1863.9,62.3333333333333
"1996",38.67,-119.61,2532.9,57.8666666666667
"1996",38.6829,-121.794,20.4,78.0666666666667
"1996",38.69194,-119.78028,1685.5,62.2
"1996",38.6955,-120.8244,563.9,77.3333333333333
"1996",38.70861,-120.04028,2438.4,51.05
"1996",38.71611,-122.9975,68.3,70.7
"1996",38.7383,-122.1447,107.9,79.9
"1996",38.7817,-122.9169,609.6,73.8333333333333
"1996",38.79296,-123.0263,121.9,77.7
"1996",38.8325,-121.0086,365.8,75.7666666666667
"1996",38.85,-120.08,2337.8,60.9333333333333
"1996",38.85,-119.94,2370.1,55.3666666666667
"1996",38.8619,-122.4172,670.6,75.7333333333333
"1996",38.8825,-121.2683,61,78.1333333333333
"1996",38.89838,-119.99617,1907,58.7666666666667
"1996",38.9056,-120.6972,1426.5,75.6
"1996",38.9072,-121.0838,393.8,77.9666666666667
"1996",38.9119,-122.7064,659.3,77.6666666666667
"1996",38.92,-119.92,2615.8,54.4333333333333
"1996",38.9238,-122.5672,411.2,72.55
"1996",38.93,-120.05,1900.7,57.9
"1996",38.933,-120.8008,914.7,76.2666666666667
"1996",38.9875,-123.3486,196.3,70.3333333333333
"1996",39,-120.13,2343.6,61.0666666666667
"1996",39.0189,-122.4119,635.5,79.5666666666667
"1996",39.0717,-120.4217,1597.2,70.1
"1996",39.1258,-123.0736,975.4,74.5333333333333
"1996",39.14,-120.22,2028.4,57.7333333333333
"1996",39.1458,-121.5852,17.4,80.2
"1996",39.1466,-123.2102,193.9,73.3
"1996",39.1678,-120.1428,1898.9,59.9333333333333
"1996",39.17,-120.15,2071.7,60.4666666666667
"1996",39.1836,-120.8847,861.4,73
"1996",39.1875,-122.0269,15.2,76.8666666666667
"1996",39.19,-120.26,2447.2,58.4666666666667
"1996",39.2041,-121.068,731.5,72.2333333333333
"1996",39.2466,-121.0008,847.6,72.1
"1996",39.27617,-120.70927,1611.2,71.45
"1996",39.3,-120.18,1983.9,63.5666666666667
"1996",39.3036,-121.1172,617.2,77.0666666666667
"1996",39.3167,-120.8375,1316.7,73.4
"1996",39.31833,-120.63917,1571.5,62.9
"1996",39.3239,-120.2331,1809.6,60.5
"1996",39.33,-120.37,2089.4,59.6333333333333
"1996",39.333,-120.173,1774.9,62.6
"1996",39.3528,-123.6011,180.7,64.8333333333333
"1996",39.3575,-121.2011,499.9,72.75
"1996",39.35917,-122.51778,367.3,75.2666666666667
"1996",39.3619,-123.1286,310.3,67.8
"1996",39.3669,-122.575,365.8,77.4
"1996",39.3886,-120.0936,1699.3,60.6666666666667
"1996",39.3975,-121.3861,244.8,77.9
"1996",39.4194,-123.3425,412.4,66.0666666666667
"1996",39.425,-122.9772,540.4,71.7333333333333
"1996",39.43167,-120.24056,1931.5,57.4333333333333
"1996",39.45,-120.29,2134.5,58.2666666666667
"1996",39.475,-121.2025,1132,75.0333333333333
"1996",39.4833,-120.075,2093.1,62.5
"1996",39.49,-120.28,1967.8,58.6666666666667
"1996",39.51,-123.75639,37.5,55.5666666666667
"1996",39.5177,-121.553,52.1,80.3
"1996",39.52316,-122.3048,71.3,77.9333333333333
"1996",39.53194,-121.1611,1130.8,67.2333333333333
"1996",39.5633,-120.8238,888.5,69.2666666666667
"1996",39.56778,-120.62278,1292.4,68.6
"1996",39.5833,-120.3705,1516.4,64.0666666666667
"1996",39.5861,-122.5341,243.8,77.9
"1996",39.6514,-122.7236,1310.6,71.2333333333333
"1996",39.6681,-123.3211,740.1,71.5666666666667
"1996",39.6911,-121.8211,56.4,77.6666666666667
"1996",39.7119,-121.7789,70.1,80.1
"1996",39.7458,-122.1997,77.4,79
"1996",39.7538,-121.6241,533.4,79.8333333333333
"1996",39.7833,-121.3667,1341.1,71.2666666666667
"1996",39.8053,-120.4719,1478.3,61.75
"1996",39.8158,-123.2444,430.7,72.0333333333333
"1996",39.8333,-123.0833,457.2,75.1333333333333
"1996",39.8644,-122.6097,317,83.3333333333333
"1996",39.8716,-121.6108,826,74.7
"1996",39.8717,-121.7689,528.2,80.0333333333333
"1996",39.87778,-123.7275,260,76.1333333333333
"1996",39.9366,-120.9475,1042.4,66.3
"1996",39.9717,-120.0828,1338.1,67.5666666666667
"1996",39.9733,-120.9419,1066.8,69.85
"1996",40.0222,-120.1056,1292.4,70.1333333333333
"1996",40.02611,-123.79306,153.3,69.3333333333333
"1996",40.0789,-121.5039,1511.8,65.3666666666667
"1996",40.15186,-122.25478,108,82.6
"1996",40.1705,-121.0886,1389.9,66.2333333333333
"1996",40.1867,-123.5903,281.3,70.1
"1996",40.2461,-120.6422,1737.4,67.0666666666667
"1996",40.2569,-124.2661,899.2,64.7333333333333
"1996",40.2789,-122.4869,213.4,79.1666666666667
"1996",40.30209,-121.24391,1387.1,65.1666666666667
"1996",40.3067,-120.9,1767.8,65.9666666666667
"1996",40.3442,-121.7136,1267.7,73.7666666666667
"1996",40.3458,-121.6091,1485.9,62
"1996",40.3636,-122.965,838.2,69.3
"1996",40.3983,-122.8333,579.1,78.9666666666667
"1996",40.4167,-120.6631,1283.8,64
"1996",40.4808,-120.1139,1339.6,67.3
"1996",40.4833,-124.1038,41.5,59.8666666666667
"1996",40.4863,-123.9088,125.9,61.6333333333333
"1996",40.505,-123.3417,1219.2,73.35
"1996",40.51462,-122.29773,152.6,81.1
"1996",40.54,-121.5803,1725.2,62.95
"1996",40.5411,-121.5766,1752.6,61.8666666666667
"1996",40.5524,-123.2122,701,68.5
"1996",40.5981,-121.0831,1722.1,59.5666666666667
"1996",40.6116,-122.528,394.7,80.0333333333333
"1996",40.6194,-121.8994,736.7,78.6333333333333
"1996",40.6306,-120.5028,1554.5,66.6
"1996",40.7141,-122.4161,327.7,81.1666666666667
"1996",40.7263,-122.7947,567.2,71.7666666666667
"1996",40.7333,-123.2333,457.2,74.9666666666667
"1996",40.73529,-122.9441,627.3,71.6666666666667
"1996",40.7405,-123.2077,381.9,73.3333333333333
"1996",40.7817,-120.7844,1877,62.8666666666667
"1996",40.7864,-122.8045,1008.3,75.15
"1996",40.7964,-123.9367,512.1,60.95
"1996",40.8072,-121.2967,1752.6,66.8
"1996",40.8097,-124.1602,6.1,56.9666666666667
"1996",40.86667,-120.43333,1615.4,63.3333333333333
"1996",40.9258,-121.5856,1130.8,70.75
"1996",40.9466,-123.6363,141.4,73.8666666666667
"1996",40.97844,-124.10479,64.5,56.2666666666667
"1996",41.0519,-120.6861,1554.5,63.2
"1996",41.0547,-120.3375,1711.5,64.2333333333333
"1996",41.14167,-123.13917,704.1,70.4
"1996",41.1831,-122.28167,661.1,70.8333333333333
"1996",41.19334,-120.94458,1280.8,66.6333333333333
"1996",41.24,-120.79,1886.7,57.7666666666667
"1996",41.25171,-122.13827,985.4,68.5666666666667
"1996",41.2706,-120.29845,1621.2,63.4666666666667
"1996",41.2769,-121.9794,975.4,63.4333333333333
"1996",41.3003,-123.1322,668.1,72.0666666666667
"1996",41.30206,-123.53851,122.8,72.3
"1996",41.3075,-122.7958,955.9,70.1333333333333
"1996",41.314893,-122.317127,1083,67.1
"1996",41.32175,-122.31725,1101.2,65.1
"1996",41.3322,-120.4725,1332.6,66.4666666666667
"1996",41.3378,-122.82484,940.3,66.7333333333333
"1996",41.3619,-124.0191,48.8,60.8
"1996",41.39,-123.4958,280.4,74.4333333333333
"1996",41.4219,-120.9016,1313.7,65.05
"1996",41.4272,-121.4639,1602.6,68.3666666666667
"1996",41.4342,-120.8678,1314.3,66.7333333333333
"1996",41.4789,-122.4539,893.1,71.0333333333333
"1996",41.49021,-120.54376,1332.9,65.5666666666667
"1996",41.53,-120.6714,1530.7,67.4
"1996",41.5301,-120.1791,1428.9,68.2666666666667
"1996",41.57861,-124.07472,8.5,57.3
"1996",41.58,-120.3,2142.7,60.5666666666667
"1996",41.5992,-122.9336,1287.8,71.0666666666667
"1996",41.60104,-122.84775,831.8,68.15
"1996",41.6431,-121.7939,1502.1,67.5666666666667
"1996",41.6853,-122.5942,914.4,72.2
"1996",41.70237,-122.64169,826.6,70.4666666666667
"1996",41.71171,-121.5067,1455.4,66.1666666666667
"1996",41.775,-122.9503,1674.3,66.0666666666667
"1996",41.7861,-122.0056,1645.9,66.5333333333333
"1996",41.7958,-124.2147,13.1,56.6
"1996",41.79612,-123.37469,348.1,71.3
"1996",41.8386,-122.85,591.3,72.0333333333333
"1996",41.8586,-123.3525,1423.4,70.3333333333333
"1996",41.8715,-120.1574,1444.4,65.9
"1996",41.95999,-121.47449,1230.8,61.75
"1996",41.99,-120.18,2243.3,55.3333333333333
"1996",41.9919,-123.6036,1210.1,68.5666666666667
"1997",32.57583,-116.99391,158.9,69.2666666666667
"1997",32.6058,-116.6089,714.8,70.9
"1997",32.6263,-116.4699,801.6,75.2
"1997",32.64,-117.0858,17.1,70.6333333333333
"1997",32.69219,-117.20983,4.4,69.3
"1997",32.7214,-116.4631,1049.4,69.0333333333333
"1997",32.7336,-117.1831,4.6,69.8333333333333
"1997",32.76654,-115.56638,-9.1,88.8
"1997",32.7675,-117.0233,161.5,72.2
"1997",32.8005,-116.928,150.9,73.1
"1997",32.8358,-116.7774,516.6,73
"1997",32.8488,-115.5666,-19.5,88.1
"1997",32.86667,-117.13333,145.4,69.8
"1997",32.8797,-116.4203,1755.6,64.7666666666667
"1997",32.9083,-114.4944,91.4,96.3
"1997",32.9544,-115.5581,-30.5,88.8
"1997",32.96667,-115.18333,64,85.8
"1997",32.9897,-116.5872,1414.3,67.2
"1997",32.9903,-116.0669,231.6,92.4333333333333
"1997",33.0113,-116.908,448.1,71.3333333333333
"1997",33.0758,-116.5908,1292.4,70.8666666666667
"1997",33.0763,-116.5925,1284.7,68.7
"1997",33.0955,-116.9975,128,74.8333333333333
"1997",33.121,-117.09,182.9,73.9333333333333
"1997",33.2097,-117.395,3,67.5
"1997",33.2222,-116.4975,1345.7,73.4666666666667
"1997",33.2354,-117.2322,131.1,71
"1997",33.2372,-117.0086,452,71.8
"1997",33.2372,-116.7614,823,69.7
"1997",33.2559,-116.4036,246.9,88.4333333333333
"1997",33.2889,-117.4389,30.5,69.6
"1997",33.30424,-117.35508,21.4,67.9666666666667
"1997",33.3722,-117.3589,279.8,70.3666666666667
"1997",33.378,-116.84,1691.6,71.0666666666667
"1997",33.3933,-116.795,838.8,73.1666666666667
"1997",33.445,-117.4181,707.1,69.0333333333333
"1997",33.5286,-117.2306,603.5,71.0333333333333
"1997",33.5417,-117.5917,213.4,69.45
"1997",33.5453,-117.7813,13.4,69.2666666666667
"1997",33.555,-116.673,1194.8,71.2333333333333
"1997",33.5697,-116.073,-55.8,89.9666666666667
"1997",33.6031,-117.8836,3,67.2666666666667
"1997",33.61388,-114.59813,81.7,90.5333333333333
"1997",33.61876,-114.71451,120.4,92
"1997",33.63166,-116.16412,-36,88.4333333333333
"1997",33.6472,-117.4111,926,75.0666666666667
"1997",33.66667,-117.73333,117,70.6666666666667
"1997",33.6667,-116.7667,1499.6,70.6
"1997",33.686,-117.3458,386.5,79.4
"1997",33.7,-117.83333,17.1,71.2
"1997",33.7025,-117.75389,71.6,75.6333333333333
"1997",33.7044,-115.6289,417.6,86.9333333333333
"1997",33.7086,-116.2152,-6.4,87.1
"1997",33.7381,-116.8939,552,72.4
"1997",33.7442,-117.8667,41.1,72.8666666666667
"1997",33.7572,-116.7066,1639.8,65.3666666666667
"1997",33.7781,-117.085,646.2,72.05
"1997",33.7965,-116.9753,464.8,75.8666666666667
"1997",33.8016,-118.3419,27.4,69.7
"1997",33.80807,-115.45138,296.6,91.1333333333333
"1997",33.8081,-117.7111,542.8,71.8333333333333
"1997",33.81177,-118.14718,10.2,73.2
"1997",33.8275,-116.5097,129.5,86.1
"1997",33.8647,-117.8425,70.7,72.6666666666667
"1997",33.9255,-116.9903,789.7,74.8666666666667
"1997",33.93816,-118.3866,29.7,70.3666666666667
"1997",33.9511,-117.388,256,77.1666666666667
"1997",33.96694,-117.36139,300.5,75.3666666666667
"1997",33.9778,-120.0778,395.6,58.3
"1997",33.9958,-119.7222,76.2,63.7666666666667
"1997",34.005,-118.4139,28,70.7333333333333
"1997",34.0075,-118.49972,4.3,67.0666666666667
"1997",34.0178,-116.1878,1280.2,75.3
"1997",34.0191,-118.1052,75,75.6333333333333
"1997",34.037,-117.1948,429.8,71.7
"1997",34.0583,-118.6333,480.1,70.3
"1997",34.0608,-114.7322,249.9,90.6
"1997",34.0678,-118.2417,115.2,73.9
"1997",34.0697,-118.4427,131.1,69.9
"1997",34.0842,-118.1003,110.6,78.5
"1997",34.1208,-117.9458,152.4,77.4
"1997",34.1233,-116.4078,993.6,78.5333333333333
"1997",34.12407,-119.12281,3.8,65.3333333333333
"1997",34.128,-116.0369,602,86.3666666666667
"1997",34.1472,-115.1219,281,91.05
"1997",34.1483,-118.1447,263.3,74.8333333333333
"1997",34.1547,-114.2908,128,89.5333333333333
"1997",34.1819,-118.5744,240.8,73.9
"1997",34.1847,-118.7172,502.9,74.1
"1997",34.1866,-118.348,199.6,72.9333333333333
"1997",34.1942,-116.9131,1712.4,65.1333333333333
"1997",34.19806,-119.17528,14.9,67.2666666666667
"1997",34.2069,-117.7606,792.5,72.1333333333333
"1997",34.2103,-116.6339,1828.8,71.6
"1997",34.2211,-117.4044,627,75.3666666666667
"1997",34.2308,-118.0711,1740.4,70.5
"1997",34.243,-116.917,2058.3,61.9
"1997",34.2466,-117.1883,1586.5,70.6
"1997",34.2661,-116.8989,2103.1,60.0333333333333
"1997",34.28964,-114.17137,224.9,92.2
"1997",34.3119,-119.13306,72.2,69.2333333333333
"1997",34.3317,-118.0303,1661.2,69.8333333333333
"1997",34.3617,-118.4217,1219.2,70.9666666666667
"1997",34.3903,-118.0825,1530.4,68.5
"1997",34.3906,-116.5169,883.9,82.6
"1997",34.3933,-118.5938,538,75.7333333333333
"1997",34.4167,-119.6844,4.9,68.1666666666667
"1997",34.425,-118.525,442,74.1333333333333
"1997",34.4458,-118.2,792.5,73.0666666666667
"1997",34.4477,-119.2275,227.1,71.2333333333333
"1997",34.4614,-119.6481,457.2,70.6666666666667
"1997",34.5025,-117.8969,945.2,77.8333333333333
"1997",34.52527,-117.29638,850.1,77.4666666666667
"1997",34.5356,-117.0258,1438.7,74
"1997",34.5431,-119.1842,1015.3,64.5333333333333
"1997",34.58223,-119.98159,240.5,71
"1997",34.5883,-118.0938,796.1,78.9666666666667
"1997",34.5891,-117.6302,899.2,78.2
"1997",34.5958,-118.5786,1502.7,76.9
"1997",34.6538,-120.4513,22.9,65
"1997",34.705,-118.4297,932.7,75.1666666666667
"1997",34.7325,-118.3833,841.2,77.7666666666667
"1997",34.74121,-118.21255,712.6,77.3666666666667
"1997",34.74361,-118.72528,1374.6,72.6
"1997",34.7455,-120.28,172.2,66.4666666666667
"1997",34.76783,-114.61842,270.6,93.5666666666667
"1997",34.85371,-116.78702,584.8,85.5
"1997",34.8927,-117.0219,676.7,82.7333333333333
"1997",34.89403,-120.45216,74.2,64.1
"1997",34.9436,-115.5469,1325.9,79.9
"1997",34.9455,-119.6827,658.4,73.15
"1997",35.0233,-118.7497,434.3,76.5333333333333
"1997",35.0492,-118.1619,833.6,79.8
"1997",35.0531,-116.0794,289.6,89.8333333333333
"1997",35.0964,-119.7728,759,75.4333333333333
"1997",35.1231,-115.4114,1649.9,72.1666666666667
"1997",35.13333,-118.45,1224.4,63.8
"1997",35.1503,-119.43,235.6,79.1333333333333
"1997",35.1542,-117.1756,987.6,79.6666666666667
"1997",35.1792,-120.3919,319.4,66.7666666666667
"1997",35.1889,-120.0833,1149.1,71.2666666666667
"1997",35.27611,-116.06278,293.2,90.1333333333333
"1997",35.3056,-120.6619,93.9,67.5666666666667
"1997",35.367,-120.8447,36,60.5
"1997",35.3692,-117.6525,1088.1,79.2666666666667
"1997",35.37,-117.5683,1103.4,79.3
"1997",35.3811,-120.1875,496.8,72.65
"1997",35.4028,-119.47,68.6,78.3666666666667
"1997",35.43424,-119.05524,149.3,78.9
"1997",35.4783,-117.6989,1338.1,78.0333333333333
"1997",35.5892,-119.352,88.7,79.9
"1997",35.6277,-120.6855,222.5,69
"1997",35.6513,-117.8213,740.7,84
"1997",35.6564,-120.9242,303,69.7333333333333
"1997",35.6647,-118.0569,1698.3,73.1
"1997",35.66936,-120.62918,249.8,72.2333333333333
"1997",35.686254,-117.690911,680,80.2
"1997",35.7269,-118.7006,957.1,69.4
"1997",35.7636,-117.3908,516.6,88.9
"1997",35.7706,-115.9092,1524,77.7333333333333
"1997",35.7831,-118.4389,823.9,76.1666666666667
"1997",35.8842,-118.0517,2507.9,62.4333333333333
"1997",35.8889,-118.6333,1133.9,71.6333333333333
"1997",35.8922,-118.915,64,77
"1997",35.8989,-120.4319,467.9,71.0666666666667
"1997",36.0333,-120.0569,246.9,79
"1997",36.06778,-119.02,119.8,80.0333333333333
"1997",36.0975,-119.5817,61,78.7666666666667
"1997",36.1203,-117.0878,2097,70.3
"1997",36.1356,-120.3606,204.2,80.4
"1997",36.1388,-117.9527,1165.9,77.0666666666667
"1997",36.1753,-118.7017,987.6,75.0333333333333
"1997",36.18833,-120.69528,701,70.3
"1997",36.2032,-119.0545,132.6,77.6333333333333
"1997",36.2069,-121.1377,97.5,68
"1997",36.23,-121.4917,298.7,72.5
"1997",36.2472,-121.7802,61,64.1
"1997",36.26556,-117.18528,1249.7,77.3666666666667
"1997",36.3158,-119.637,72.2,77.7666666666667
"1997",36.32833,-119.2997,92.4,77.8666666666667
"1997",36.33333,-119.95,70.7,75.7
"1997",36.3478,-120.5978,1524,63.1
"1997",36.3642,-120.1561,86.9,77.25
"1997",36.3817,-119.0264,156.4,78.4666666666667
"1997",36.3825,-120.8558,1137.8,71.2
"1997",36.3886,-121.5517,574.5,65.2666666666667
"1997",36.445,-118.7033,1597.2,71.2
"1997",36.46263,-116.8672,-59.1,96.7666666666667
"1997",36.465,-118.8619,347.5,79.2
"1997",36.4819,-121.1822,398.4,71.1
"1997",36.4914,-118.8253,520.6,79.7
"1997",36.5625,-117.4736,2097,66.9666666666667
"1997",36.5672,-118.9556,1240.2,71.5
"1997",36.5927,-121.8555,37.2,62.5166666666667
"1997",36.6044,-118.7325,2052.8,56.6666666666667
"1997",36.6594,-121.6663,13.7,64.3666666666667
"1997",36.66352,-121.60928,22.3,63.9333333333333
"1997",36.715,-121.34917,275.8,66.6
"1997",36.7242,-118.9425,2298.2,64.3
"1997",36.7267,-118.675,2475,63.35
"1997",36.7269,-120.7658,619.4,77.5
"1997",36.73751,-118.96197,2005.6,60.1
"1997",36.77999,-119.72016,101.9,79.2333333333333
"1997",36.798,-118.2036,1204,78.0666666666667
"1997",36.8425,-118.2594,1479.8,75.9
"1997",36.8483,-121.4213,83.8,68
"1997",36.8839,-119.4658,280.4,81.45
"1997",36.9308,-121.7691,29,63.3666666666667
"1997",36.98785,-121.99952,21.3,63.8333333333333
"1997",36.98972,-120.92972,124.1,77.4333333333333
"1997",36.9911,-121.7978,137.2,66.2666666666667
"1997",36.99574,-119.70691,131.1,77.8666666666667
"1997",37.003,-121.5608,59.1,71.9666666666667
"1997",37.0153,-119.5678,366.1,74.75
"1997",37.05333,-121.05778,84.4,76.1333333333333
"1997",37.0547,-121.0531,106.7,79.4
"1997",37.0563,-120.8666,36.6,76.9
"1997",37.08689,-122.08221,132.6,67.9666666666667
"1997",37.0919,-119.5128,637,77.7
"1997",37.135,-119.2561,1751.4,60.4666666666667
"1997",37.2028,-121.9428,609.6,69.8666666666667
"1997",37.2275,-119.22056,2139.7,57.4333333333333
"1997",37.2319,-121.9592,111.3,68.4333333333333
"1997",37.2329,-119.5097,806.2,72.5333333333333
"1997",37.2811,-121.0177,27.4,76.3666666666667
"1997",37.2888,-120.5158,46.9,78.45
"1997",37.3053,-122.255,265.8,61.6666666666667
"1997",37.31167,-122.36167,83.8,59.7666666666667
"1997",37.3133,-122.185,691.9,64.6
"1997",37.34336,-121.63473,1286.3,65.9666666666667
"1997",37.34972,-121.90333,20.4,70.9333333333333
"1997",37.37114,-118.35886,1252.8,72.8
"1997",37.3738,-117.9802,1592.6,69.2
"1997",37.39,-118.5506,1414.3,75.4666666666667
"1997",37.4058,-122.0481,11.9,66.6
"1997",37.4094,-119.7681,937.9,78
"1997",37.4286,-122.2561,115.8,70.1
"1997",37.4436,-122.1402,7.6,67.9
"1997",37.4725,-122.4433,8.2,59.7333333333333
"1997",37.475,-122.2981,196.3,66.9
"1997",37.4767,-122.2386,9.4,68.3666666666667
"1997",37.5019,-121.7355,932.7,67.1333333333333
"1997",37.50193,-120.84566,31.4,77
"1997",37.5042,-119.9869,680,73.3333333333333
"1997",37.5122,-119.6331,1538.3,60.3666666666667
"1997",37.5128,-119.6047,1950.7,69.3
"1997",37.5147,-122.0325,3,68.3
"1997",37.5422,-122.0158,11.6,68.2
"1997",37.5531,-121.8439,374.9,66.4
"1997",37.59167,-122.47167,144.8,61.7666666666667
"1997",37.61962,-122.36562,3.2,64.3666666666667
"1997",37.62544,-120.95492,26.5,76.3333333333333
"1997",37.63,-119.0933,2304.3,54.5
"1997",37.6478,-118.9617,2378.7,58.3
"1997",37.6528,-120.0883,792.5,76.9666666666667
"1997",37.6819,-121.3466,41.1,73.35
"1997",37.68194,-121.75139,161.2,71.4
"1997",37.7119,-121.8136,243.8,69.2333333333333
"1997",37.728,-122.5052,2.4,59.2
"1997",37.745,-118.9833,2316.5,56.2
"1997",37.75027,-119.58972,1224.7,68.65
"1997",37.7617,-119.8247,2025.1,62.9666666666667
"1997",37.7705,-122.4269,45.7,63.2
"1997",37.7861,-122.1447,333.8,64.2333333333333
"1997",37.79589,-121.58319,18.6,74.55
"1997",37.7983,-122.2642,9.1,65
"1997",37.8331,-120.5,310.9,75.7
"1997",37.8339,-122.0669,536.4,67.6333333333333
"1997",37.8431,-118.4778,1661.2,69.0666666666667
"1997",37.8511,-119.65,2446,59.7
"1997",37.865,-122.2208,427.6,63.7666666666667
"1997",37.8683,-119.3183,2825.5,49.6666666666667
"1997",37.8744,-122.2605,94.5,65.5666666666667
"1997",37.8792,-121.9303,661.4,69.7333333333333
"1997",37.88997,-121.22637,8.3,74.5666666666667
"1997",37.9191,-122.3772,6.1,64.2333333333333
"1997",37.9442,-122.1178,442,67.4666666666667
"1997",37.95,-121.8844,487.7,69.8
"1997",37.9566,-122.5447,44.2,68.8333333333333
"1997",37.9567,-119.1194,2071.7,63.9666666666667
"1997",37.9613,-119.783,1179.6,68.65
"1997",37.9672,-120.3872,510.5,73.7333333333333
"1997",37.9747,-119.9161,1452.4,68.8666666666667
"1997",37.9833,-122.0692,12.2,72.6
"1997",37.9833,-121.7525,18.3,74.2666666666667
"1997",37.9983,-122.5372,36.6,66.5666666666667
"1997",37.9994,-121.3177,3.7,74.9333333333333
"1997",38.0047,-120.4863,292.6,77.1333333333333
"1997",38.0131,-122.1142,12.2,72.2
"1997",38.0281,-122.7022,378,60.4
"1997",38.07,-119.23,2878.8,54.6
"1997",38.1061,-121.2877,12.2,73.5
"1997",38.2119,-119.0142,2551.2,52
"1997",38.2428,-120.515,780,72.7666666666667
"1997",38.2486,-120.8433,200.6,75.9333333333333
"1997",38.2575,-119.2286,1972.1,60.45
"1997",38.2577,-122.6077,6.1,66.9666666666667
"1997",38.2736,-122.0677,12.2,72.8666666666667
"1997",38.2769,-120.3113,1431,63.0666666666667
"1997",38.2777,-122.2647,10.7,68.4666666666667
"1997",38.28,-119.61,2931.3,49
"1997",38.2994,-122.4622,29.6,69.9
"1997",38.3,-119.55,2194,55.9333333333333
"1997",38.31,-119.6,2690.5,53.9666666666667
"1997",38.3894,-120.6511,902.2,73.9
"1997",38.39556,-121.96083,33.5,75.7666666666667
"1997",38.4305,-122.8647,61,66.2666666666667
"1997",38.44,-119.37,2814.2,52.2333333333333
"1997",38.44611,-120.49917,717.8,70.0666666666667
"1997",38.45579,-122.71335,50.6,68
"1997",38.4786,-122.7119,175.6,67.0333333333333
"1997",38.4916,-122.1241,146.3,74.0333333333333
"1997",38.492,-122.0039,57,76.8666666666667
"1997",38.50659,-121.49604,5.9,75.1
"1997",38.5066,-122.4713,68.6,72.2333333333333
"1997",38.51,-119.63,2357.9,53
"1997",38.515,-123.2447,34.1,58
"1997",38.5252,-121.9777,41.1,77.1
"1997",38.5349,-121.7761,18.3,73.5666666666667
"1997",38.55,-119.8,2671.6,53.1
"1997",38.5552,-121.4183,11.6,76.9
"1997",38.573,-122.4405,522.7,68.2666666666667
"1997",38.5908,-120.9336,275.8,73.7
"1997",38.61,-119.92,2455.8,54.4333333333333
"1997",38.62935,-122.86646,53.9,71.4
"1997",38.67,-119.82,1863.9,60.1
"1997",38.67,-119.61,2532.9,54.7
"1997",38.6829,-121.794,20.4,76.7
"1997",38.69194,-119.78028,1685.5,60.9333333333333
"1997",38.6955,-120.8244,563.9,74.0333333333333
"1997",38.70861,-120.04028,2438.4,52.45
"1997",38.71611,-122.9975,68.3,71.25
"1997",38.7333,-120.245,1597.2,65.2666666666667
"1997",38.7383,-122.1447,107.9,77.5666666666667
"1997",38.7817,-122.9169,609.6,69.1333333333333
"1997",38.79296,-123.0263,121.9,76.5
"1997",38.8325,-121.0086,365.8,72.7666666666667
"1997",38.85,-120.08,2337.8,57.0333333333333
"1997",38.85,-119.94,2370.1,53.1333333333333
"1997",38.8619,-122.4172,670.6,71.9
"1997",38.8825,-121.2683,61,76.2333333333333
"1997",38.89838,-119.99617,1907,56.9
"1997",38.9056,-120.6972,1426.5,71.4333333333333
"1997",38.9072,-121.0838,393.8,74.7666666666667
"1997",38.9119,-122.7064,659.3,73.2666666666667
"1997",38.92,-119.92,2615.8,51.3
"1997",38.9238,-122.5672,411.2,69.9
"1997",38.93,-120.05,1900.7,56.1
"1997",38.933,-120.8008,914.7,72.2
"1997",38.9875,-123.3486,196.3,68.3333333333333
"1997",39,-120.13,2343.6,57.6
"1997",39.0189,-122.4119,635.5,75.7666666666667
"1997",39.0717,-120.4217,1597.2,65.9
"1997",39.0901,-120.947,723.3,70.1
"1997",39.1258,-123.0736,975.4,68.8666666666667
"1997",39.14,-120.22,2028.4,55.4
"1997",39.1458,-121.5852,17.4,79.0666666666667
"1997",39.1466,-123.2102,193.9,70.3
"1997",39.1678,-120.1428,1898.9,58.4333333333333
"1997",39.17,-120.15,2071.7,57.4333333333333
"1997",39.1836,-120.8847,861.4,71.2333333333333
"1997",39.1875,-122.0269,15.2,74.4666666666667
"1997",39.19,-120.26,2447.2,54.6666666666667
"1997",39.2041,-121.068,731.5,69.5
"1997",39.2083,-122.8083,1475.2,66.5
"1997",39.2466,-121.0008,847.6,69.0666666666667
"1997",39.27617,-120.70927,1611.2,63.9
"1997",39.3,-120.18,1983.9,60.6333333333333
"1997",39.3036,-121.1172,617.2,69.3
"1997",39.3167,-120.8375,1316.7,71.7
"1997",39.31833,-120.63917,1571.5,59.8
"1997",39.3239,-120.2331,1809.6,57.8333333333333
"1997",39.33,-120.37,2089.4,56.1333333333333
"1997",39.333,-120.173,1774.9,59.9666666666667
"1997",39.3528,-123.6011,180.7,63.7666666666667
"1997",39.3575,-121.2011,499.9,71.6
"1997",39.35917,-122.51778,367.3,72.9666666666667
"1997",39.3619,-123.1286,310.3,68.6
"1997",39.3669,-122.575,365.8,75.2
"1997",39.3886,-120.0936,1699.3,56.8333333333333
"1997",39.3975,-121.3861,244.8,71.9
"1997",39.4194,-123.3425,412.4,63.3333333333333
"1997",39.425,-122.9772,540.4,69.1666666666667
"1997",39.43,-120.31,2545.7,55.8
"1997",39.43167,-120.24056,1931.5,58
"1997",39.45,-120.29,2134.5,55.5
"1997",39.4539,-120.6556,1641.3,58.3
"1997",39.475,-121.2025,1132,70.1333333333333
"1997",39.4833,-120.075,2093.1,63.4
"1997",39.49,-120.28,1967.8,55.9333333333333
"1997",39.51,-123.75639,37.5,58.1
"1997",39.5177,-121.553,52.1,76.2666666666667
"1997",39.52316,-122.3048,71.3,76.5
"1997",39.53194,-121.1611,1130.8,64.5666666666667
"1997",39.5633,-120.8238,888.5,67.2333333333333
"1997",39.56778,-120.62278,1292.4,64.9666666666667
"1997",39.5861,-122.5341,243.8,75.2333333333333
"1997",39.6514,-122.7236,1310.6,67.0333333333333
"1997",39.6681,-123.3211,740.1,67.4666666666667
"1997",39.6911,-121.8211,56.4,75.7666666666667
"1997",39.7119,-121.7789,70.1,75.5333333333333
"1997",39.7458,-122.1997,77.4,76.6
"1997",39.7538,-121.6241,533.4,76.5666666666667
"1997",39.7833,-121.3667,1341.1,68.5333333333333
"1997",39.8053,-120.4719,1478.3,61.2
"1997",39.8158,-123.2444,430.7,69.3
"1997",39.8333,-123.0833,457.2,71.6666666666667
"1997",39.8644,-122.6097,317,79.3666666666667
"1997",39.8716,-121.6108,826,71.5
"1997",39.8717,-121.7689,528.2,76.2666666666667
"1997",39.87778,-123.7275,260,65.5333333333333
"1997",39.9366,-120.9475,1042.4,66.65
"1997",39.9717,-120.0828,1338.1,64.8
"1997",39.9733,-120.9419,1066.8,67.4
"1997",40.0222,-120.1056,1292.4,66.9666666666667
"1997",40.02611,-123.79306,153.3,66.8333333333333
"1997",40.0789,-121.5039,1511.8,61.9333333333333
"1997",40.15186,-122.25478,108,78.2666666666667
"1997",40.1705,-121.0886,1389.9,63.4666666666667
"1997",40.1867,-123.5903,281.3,71.1
"1997",40.2461,-120.6422,1737.4,63.6333333333333
"1997",40.2569,-124.2661,899.2,60.5
"1997",40.2789,-122.4869,213.4,76.6
"1997",40.30209,-121.24391,1387.1,61.15
"1997",40.3067,-120.9,1767.8,62.2333333333333
"1997",40.3375,-123.0656,1378.8,65.4333333333333
"1997",40.3442,-121.7136,1267.7,70.3
"1997",40.3458,-121.6091,1485.9,59
"1997",40.3636,-122.965,838.2,68.45
"1997",40.3983,-122.8333,579.1,74.4
"1997",40.4167,-120.6631,1283.8,69.95
"1997",40.4808,-120.1139,1339.6,63.8
"1997",40.4833,-124.1038,41.5,61.8333333333333
"1997",40.4863,-123.9088,125.9,62.8666666666667
"1997",40.505,-123.3417,1219.2,70.9
"1997",40.51462,-122.29773,152.6,78
"1997",40.54,-121.5803,1725.2,59.7
"1997",40.5411,-121.5766,1752.6,58.9
"1997",40.55,-123.165,708.1,66.2
"1997",40.5524,-123.2122,701,69.65
"1997",40.5981,-121.0831,1722.1,56.7666666666667
"1997",40.6116,-122.528,394.7,76.6666666666667
"1997",40.6194,-121.8994,736.7,73.9
"1997",40.6306,-120.5028,1554.5,63.2
"1997",40.7141,-122.4161,327.7,77.6
"1997",40.7263,-122.7947,567.2,69.5
"1997",40.7333,-123.2333,457.2,72.2333333333333
"1997",40.73529,-122.9441,627.3,67.9333333333333
"1997",40.7405,-123.2077,381.9,70.5333333333333
"1997",40.7817,-120.7844,1877,58.9666666666667
"1997",40.7864,-122.8045,1008.3,68.4666666666667
"1997",40.7964,-123.9367,512.1,62.0666666666667
"1997",40.8072,-121.2967,1752.6,63.1666666666667
"1997",40.8097,-124.1602,6.1,59.5666666666667
"1997",40.86667,-120.43333,1615.4,60
"1997",40.8802,-121.6547,974.8,67.8
"1997",40.9258,-121.5856,1130.8,67.7
"1997",40.9316,-121.5433,919,64.5
"1997",40.9466,-123.6363,141.4,71.3
"1997",40.97844,-124.10479,64.5,59.2333333333333
"1997",41.0478,-123.6714,114.3,69.7333333333333
"1997",41.0519,-120.6861,1554.5,60.5666666666667
"1997",41.0547,-120.3375,1711.5,60.7333333333333
"1997",41.0975,-123.6358,1088.1,62.2333333333333
"1997",41.1117,-122.6967,1341.1,69.9666666666667
"1997",41.14167,-123.13917,704.1,68.8
"1997",41.1831,-122.28167,661.1,68.0666666666667
"1997",41.19334,-120.94458,1280.8,66
"1997",41.24,-120.79,1886.7,54.3666666666667
"1997",41.2706,-120.29845,1621.2,55.4
"1997",41.2769,-121.9794,975.4,60.8
"1997",41.3003,-123.1322,668.1,69.7333333333333
"1997",41.30206,-123.53851,122.8,71
"1997",41.3075,-122.7958,955.9,67.6333333333333
"1997",41.314893,-122.317127,1083,64.4
"1997",41.32175,-122.31725,1101.2,62.9
"1997",41.3322,-120.4725,1332.6,64.3
"1997",41.3378,-122.82484,940.3,64.6
"1997",41.3619,-124.0191,48.8,60.45
"1997",41.39,-123.4958,280.4,71.8666666666667
"1997",41.4219,-120.9016,1313.7,61.95
"1997",41.4272,-121.4639,1602.6,64.3
"1997",41.4342,-120.8678,1314.3,65.2666666666667
"1997",41.4789,-122.4539,893.1,68.2
"1997",41.49021,-120.54376,1332.9,62.6
"1997",41.53,-120.6714,1530.7,64.3666666666667
"1997",41.5301,-120.1791,1428.9,65.8666666666667
"1997",41.57861,-124.07472,8.5,59
"1997",41.58,-120.3,2142.7,57.1666666666667
"1997",41.5992,-122.9336,1287.8,65.45
"1997",41.6431,-121.7939,1502.1,63.5333333333333
"1997",41.6853,-122.5942,914.4,68.7666666666667
"1997",41.70237,-122.64169,826.6,67.6
"1997",41.71171,-121.5067,1455.4,62.9666666666667
"1997",41.7417,-121.5383,1453.9,64.9666666666667
"1997",41.775,-122.9503,1674.3,61.4333333333333
"1997",41.7861,-122.0056,1645.9,63.0333333333333
"1997",41.7958,-124.2147,13.1,59.1666666666667
"1997",41.8386,-122.85,591.3,69.4333333333333
"1997",41.8586,-123.3525,1423.4,65.9666666666667
"1997",41.8715,-120.1574,1444.4,63.9
"1997",41.95999,-121.47449,1230.8,63.2
"1997",41.99,-120.18,2243.3,52.9333333333333
"1997",41.9919,-123.6036,1210.1,61.9
"1998",32.57583,-116.99391,158.9,69.8333333333333
"1998",32.6058,-116.6089,714.8,72.5
"1998",32.6261,-116.4681,805,67.65
"1998",32.6263,-116.4699,801.6,70.8
"1998",32.64,-117.0858,17.1,71.5
"1998",32.69219,-117.20983,4.4,68.9
"1998",32.7214,-116.4631,1049.4,69.4666666666667
"1998",32.7336,-117.1831,4.6,69
"1998",32.76654,-115.56638,-9.1,94
"1998",32.7675,-117.0233,161.5,73.2666666666667
"1998",32.8005,-116.928,150.9,69
"1998",32.81453,-117.13747,127.5,70.5
"1998",32.83241,-115.66377,-14.1,83.1
"1998",32.8358,-116.7774,516.6,75
"1998",32.8488,-115.5666,-19.5,88.7666666666667
"1998",32.8569,-116.6222,1060.7,70.9
"1998",32.86667,-117.13333,145.4,69.4
"1998",32.8797,-116.4203,1755.6,64.5666666666667
"1998",32.9083,-114.4944,91.4,92.7666666666667
"1998",32.9544,-115.5581,-30.5,89.5333333333333
"1998",32.9897,-116.5872,1414.3,67.1333333333333
"1998",32.9903,-116.0669,231.6,93.3
"1998",33.0113,-116.908,448.1,77.6
"1998",33.03801,-116.915979,422,67.8
"1998",33.0758,-116.5908,1292.4,70.5666666666667
"1998",33.0763,-116.5925,1284.7,73.2
"1998",33.0955,-116.9975,128,77.2
"1998",33.121,-117.09,182.9,74.6333333333333
"1998",33.12993,-117.27651,95.3,67.9
"1998",33.2097,-117.395,3,65.6
"1998",33.2222,-116.4975,1345.7,73.1666666666667
"1998",33.2354,-117.2322,131.1,72.7666666666667
"1998",33.2372,-117.0086,452,73.4666666666667
"1998",33.2372,-116.7614,823,73.35
"1998",33.2559,-116.4036,246.9,88.8333333333333
"1998",33.2889,-117.4389,30.5,68.5
"1998",33.30424,-117.35508,21.4,69
"1998",33.3722,-117.3589,279.8,67.35
"1998",33.378,-116.84,1691.6,70.2333333333333
"1998",33.3933,-116.795,838.8,74.3666666666667
"1998",33.445,-117.4181,707.1,71.7666666666667
"1998",33.5286,-117.2306,603.5,73.1666666666667
"1998",33.5417,-117.5917,213.4,72.1
"1998",33.5453,-117.7813,13.4,67.5666666666667
"1998",33.555,-116.673,1194.8,71.3
"1998",33.5697,-116.073,-55.8,90.1666666666667
"1998",33.6031,-117.8836,3,70.9333333333333
"1998",33.61388,-114.59813,81.7,91.4
"1998",33.61876,-114.71451,120.4,92.3333333333333
"1998",33.63166,-116.16412,-36,89.3333333333333
"1998",33.6472,-117.4111,926,76.4666666666667
"1998",33.66667,-117.73333,117,66.2
"1998",33.6667,-116.7667,1499.6,70.0666666666667
"1998",33.686,-117.3458,386.5,78.2
"1998",33.7025,-117.75389,71.6,74.7666666666667
"1998",33.7044,-115.6289,417.6,87.5
"1998",33.7086,-116.2152,-6.4,91.6666666666667
"1998",33.7155,-117.19,432.8,76.4
"1998",33.7381,-116.8939,552,78.7
"1998",33.7442,-117.8667,41.1,73.0333333333333
"1998",33.7572,-116.7066,1639.8,65.7333333333333
"1998",33.7781,-117.085,646.2,76.4
"1998",33.7965,-116.9753,464.8,76.7333333333333
"1998",33.8016,-118.3419,27.4,69.0333333333333
"1998",33.80807,-115.45138,296.6,91.1
"1998",33.8081,-117.7111,542.8,74.8666666666667
"1998",33.81177,-118.14718,10.2,75.4333333333333
"1998",33.82216,-116.50433,124.7,89.5333333333333
"1998",33.8275,-116.5097,129.5,95.3
"1998",33.8647,-117.8425,70.7,73.0333333333333
"1998",33.87154,-117.98561,26.3,76.2
"1998",33.9255,-116.9903,789.7,75.8333333333333
"1998",33.93816,-118.3866,29.7,68.7666666666667
"1998",33.9511,-117.388,256,78.1333333333333
"1998",33.95282,-117.43523,257.7,81.5
"1998",33.96694,-117.36139,300.5,76.5333333333333
"1998",33.97563,-117.62487,193.9,74.4
"1998",33.9778,-120.0778,395.6,59.7666666666667
"1998",33.9958,-119.7222,76.2,63.4333333333333
"1998",34.005,-118.4139,28,69.1666666666667
"1998",34.0075,-118.49972,4.3,65.3666666666667
"1998",34.0178,-116.1878,1280.2,74.9333333333333
"1998",34.0191,-118.1052,75,78.2
"1998",34.037,-117.1948,429.8,76.8333333333333
"1998",34.05314,-117.57689,281.6,76
"1998",34.0583,-118.6333,480.1,71.4333333333333
"1998",34.0608,-114.7322,249.9,90.6333333333333
"1998",34.0678,-118.2417,115.2,74.9333333333333
"1998",34.0697,-118.4427,131.1,69.9333333333333
"1998",34.0836,-117.0347,899.2,75.5333333333333
"1998",34.0842,-118.1003,110.6,72.6
"1998",34.1208,-117.9458,152.4,75.9333333333333
"1998",34.1233,-116.4078,993.6,71.3
"1998",34.12407,-119.12281,3.8,64.9666666666667
"1998",34.125,-118.4122,384,73
"1998",34.128,-116.0369,602,86.3666666666667
"1998",34.13444,-117.25389,347.5,81.5
"1998",34.1369,-117.7069,501.4,80.4
"1998",34.1472,-115.1219,281,92.8666666666667
"1998",34.1483,-118.1447,263.3,75.6
"1998",34.1547,-114.2908,128,95.6
"1998",34.1819,-118.5744,240.8,73
"1998",34.1847,-118.7172,502.9,75.9
"1998",34.1866,-118.348,199.6,73.1666666666667
"1998",34.1942,-116.9131,1712.4,65
"1998",34.19806,-119.17528,14.9,66.7
"1998",34.19966,-118.36543,222.7,74.2
"1998",34.20012,-119.20417,11.9,65.7
"1998",34.2066,-119.1375,15.8,68
"1998",34.2069,-117.7606,792.5,73.4
"1998",34.2103,-116.6339,1828.8,71.7
"1998",34.21214,-118.49146,239.2,75.1666666666667
"1998",34.2211,-117.4044,627,76.8666666666667
"1998",34.2308,-118.0711,1740.4,70.9333333333333
"1998",34.243,-116.917,2058.3,62.0666666666667
"1998",34.2447,-118.525,275.5,75.0333333333333
"1998",34.2466,-117.1883,1586.5,68.6
"1998",34.2661,-116.8989,2103.1,59.8666666666667
"1998",34.28964,-114.17137,224.9,93
"1998",34.294,-116.14722,610.5,89.8
"1998",34.3119,-119.13306,72.2,62.7
"1998",34.3317,-118.0303,1661.2,70.2333333333333
"1998",34.3617,-118.4217,1219.2,71.9333333333333
"1998",34.3617,-117.6386,1828.8,62.75
"1998",34.3903,-118.0825,1530.4,69.6666666666667
"1998",34.3906,-116.5169,883.9,82.4333333333333
"1998",34.3933,-118.5938,538,74.4333333333333
"1998",34.4167,-119.6844,4.9,67.5
"1998",34.4241,-119.84249,2.5,65.3666666666667
"1998",34.425,-118.525,442,75.0333333333333
"1998",34.4458,-118.2,792.5,73.3333333333333
"1998",34.4477,-119.2275,227.1,71.45
"1998",34.4614,-119.6481,457.2,71.1666666666667
"1998",34.5025,-117.8969,945.2,77.8333333333333
"1998",34.52527,-117.29638,850.1,77.7
"1998",34.5356,-117.0258,1438.7,74.7666666666667
"1998",34.5358,-119.7833,310.9,72.7666666666667
"1998",34.5431,-119.1842,1015.3,65.4333333333333
"1998",34.58223,-119.98159,240.5,70.8
"1998",34.5883,-118.0938,796.1,78.6666666666667
"1998",34.5891,-117.6302,899.2,75.3666666666667
"1998",34.62944,-118.08309,764.7,77.1
"1998",34.6344,-117.5503,877.8,76.8333333333333
"1998",34.6538,-120.4513,22.9,67.5
"1998",34.6847,-117.8208,789.4,82.1
"1998",34.705,-118.4297,932.7,75.1
"1998",34.7325,-118.3833,841.2,77.2666666666667
"1998",34.74121,-118.21255,712.6,77.2
"1998",34.74361,-118.72528,1374.6,70.4666666666667
"1998",34.7455,-120.28,172.2,69.1
"1998",34.76783,-114.61842,270.6,94.2
"1998",34.85371,-116.78702,584.8,86.1
"1998",34.89403,-120.45216,74.2,63.4333333333333
"1998",34.9436,-115.5469,1325.9,79.7666666666667
"1998",34.9455,-119.6827,658.4,70.15
"1998",35.0233,-118.7497,434.3,79.4666666666667
"1998",35.0492,-118.1619,833.6,83.8
"1998",35.0531,-116.0794,289.6,90.7666666666667
"1998",35.0964,-119.7728,759,76.3
"1998",35.1011,-118.4222,1286.3,68.6333333333333
"1998",35.1231,-115.4114,1649.9,71.7
"1998",35.1503,-119.43,235.6,74.75
"1998",35.1542,-117.1756,987.6,79.9
"1998",35.1597,-120.683,11.9,62.45
"1998",35.1889,-120.0833,1149.1,72.0666666666667
"1998",35.23815,-120.64406,55.8,65.0666666666667
"1998",35.27611,-116.06278,293.2,90.2666666666667
"1998",35.3056,-120.6619,93.9,66.6666666666667
"1998",35.367,-120.8447,36,59.7666666666667
"1998",35.3692,-117.6525,1088.1,79.1666666666667
"1998",35.37,-117.5683,1103.4,79.7333333333333
"1998",35.3811,-120.1875,496.8,71.1333333333333
"1998",35.4028,-119.47,68.6,78.4333333333333
"1998",35.43424,-119.05524,149.3,79.1
"1998",35.4783,-117.6989,1338.1,78.4666666666667
"1998",35.5892,-119.352,88.7,71.1
"1998",35.6277,-120.6855,222.5,70.0666666666667
"1998",35.6513,-117.8213,740.7,81.8666666666667
"1998",35.6564,-120.9242,303,70.2333333333333
"1998",35.6647,-118.0569,1698.3,74.0333333333333
"1998",35.66556,-121.28472,18,58.5666666666667
"1998",35.66936,-120.62918,249.8,72.7
"1998",35.686254,-117.690911,680,74.6
"1998",35.7217,-118.4989,960.1,74.9666666666667
"1998",35.7269,-118.7006,957.1,71.45
"1998",35.7636,-117.3908,516.6,89.7333333333333
"1998",35.7706,-115.9092,1524,77.3
"1998",35.7831,-118.4389,823.9,75.5333333333333
"1998",35.8717,-117.9183,1264.9,86.75
"1998",35.8842,-118.0517,2507.9,62.3
"1998",35.8889,-118.6333,1133.9,71.4666666666667
"1998",35.8922,-118.915,64,77.6333333333333
"1998",35.8989,-120.4319,467.9,71.5333333333333
"1998",35.9717,-118.545,1432.6,56.9
"1998",36.0333,-120.0569,246.9,80.4
"1998",36.06778,-119.02,119.8,80.4666666666667
"1998",36.0975,-119.5817,61,79.2
"1998",36.1203,-117.0878,2097,67.75
"1998",36.1356,-120.3606,204.2,80.4333333333333
"1998",36.1388,-117.9527,1165.9,76.6
"1998",36.1753,-118.7017,987.6,74.4666666666667
"1998",36.18833,-120.69528,701,69.3
"1998",36.2032,-119.0545,132.6,78.3666666666667
"1998",36.2069,-121.1377,97.5,68.0333333333333
"1998",36.23,-121.4917,298.7,72.6666666666667
"1998",36.2472,-121.7802,61,62.8333333333333
"1998",36.26556,-117.18528,1249.7,74.6
"1998",36.3114,-119.62319,76,76.9333333333333
"1998",36.3158,-119.637,72.2,77.7666666666667
"1998",36.32833,-119.2997,92.4,78.1
"1998",36.33333,-119.95,70.7,76.1
"1998",36.3478,-120.5978,1524,68.6666666666667
"1998",36.3642,-120.1561,86.9,77.3333333333333
"1998",36.3817,-119.0264,156.4,78.8
"1998",36.3825,-120.8558,1137.8,72.4666666666667
"1998",36.3886,-121.5517,574.5,66.5666666666667
"1998",36.445,-118.7033,1597.2,70.5666666666667
"1998",36.46263,-116.8672,-59.1,96.2
"1998",36.465,-118.8619,347.5,79.0333333333333
"1998",36.4819,-121.1822,398.4,69.6
"1998",36.4914,-118.8253,520.6,78.2
"1998",36.5625,-117.4736,2097,66.2333333333333
"1998",36.5672,-118.9556,1240.2,78.5
"1998",36.59041,-121.84881,48.8,59.95
"1998",36.5927,-121.8555,37.2,61.0666666666667
"1998",36.6044,-118.7325,2052.8,55.8666666666667
"1998",36.6594,-121.6663,13.7,63.4333333333333
"1998",36.66352,-121.60928,22.3,63.2
"1998",36.7242,-118.9425,2298.2,68.7
"1998",36.7267,-118.675,2475,66.3
"1998",36.7269,-120.7658,619.4,77.6333333333333
"1998",36.73751,-118.96197,2005.6,56.95
"1998",36.77999,-119.72016,101.9,79.2
"1998",36.798,-118.2036,1204,78.2
"1998",36.8425,-118.2594,1479.8,75.8666666666667
"1998",36.8839,-119.4658,280.4,83.5
"1998",36.9092,-119.0883,528.8,80.15
"1998",36.9308,-121.7691,29,62.4
"1998",36.9539,-120.0378,82.3,77.4666666666667
"1998",36.98785,-121.99952,21.3,63.1666666666667
"1998",36.98972,-120.92972,124.1,76.0666666666667
"1998",36.9911,-121.7978,137.2,66.4
"1998",36.99574,-119.70691,131.1,77.2666666666667
"1998",37.003,-121.5608,59.1,70.05
"1998",37.05333,-121.05778,84.4,74.9333333333333
"1998",37.0547,-121.0531,106.7,75.8
"1998",37.0563,-120.8666,36.6,76.1666666666667
"1998",37.08689,-122.08221,132.6,67.1666666666667
"1998",37.0919,-119.5128,637,77.3666666666667
"1998",37.1317,-122.17,801.6,72.75
"1998",37.135,-119.2561,1751.4,60.5
"1998",37.2028,-121.9428,609.6,70.9333333333333
"1998",37.2275,-119.22056,2139.7,57.5666666666667
"1998",37.2319,-121.9592,111.3,69.1333333333333
"1998",37.2329,-119.5097,806.2,71.6333333333333
"1998",37.2811,-121.0177,27.4,76.7666666666667
"1998",37.28597,-120.51788,46.5,78.7
"1998",37.2888,-120.5158,46.9,76.8333333333333
"1998",37.3053,-122.255,265.8,61.5
"1998",37.31167,-122.36167,83.8,58.5
"1998",37.3133,-122.185,691.9,60.6
"1998",37.34336,-121.63473,1286.3,67.6333333333333
"1998",37.34972,-121.90333,20.4,71
"1998",37.3581,-122.1472,196.6,68.6333333333333
"1998",37.35938,-121.92444,15,70.05
"1998",37.37114,-118.35886,1252.8,72.4
"1998",37.3738,-117.9802,1592.6,69.4
"1998",37.39,-118.5506,1414.3,76.0666666666667
"1998",37.4058,-122.0481,11.9,69.2
"1998",37.4094,-119.7681,937.9,77.3333333333333
"1998",37.4286,-122.2561,115.8,73.7
"1998",37.4436,-122.1402,7.6,67.0333333333333
"1998",37.4725,-122.4433,8.2,57.9666666666667
"1998",37.475,-122.2981,196.3,66.8
"1998",37.4767,-122.2386,9.4,67.6
"1998",37.5019,-121.7355,932.7,68.7666666666667
"1998",37.50193,-120.84566,31.4,76.9333333333333
"1998",37.5042,-119.9869,680,73.4333333333333
"1998",37.5122,-119.6331,1538.3,57.6
"1998",37.5147,-122.0325,3,66.7666666666667
"1998",37.5422,-122.0158,11.6,67.5333333333333
"1998",37.5531,-121.8439,374.9,67.6333333333333
"1998",37.59167,-122.47167,144.8,59.9333333333333
"1998",37.61962,-122.36562,3.2,62.9
"1998",37.62544,-120.95492,26.5,76.4666666666667
"1998",37.63,-119.0933,2304.3,57.8333333333333
"1998",37.6478,-118.9617,2378.7,57.6666666666667
"1998",37.6819,-121.3466,41.1,71.1333333333333
"1998",37.68194,-121.75139,161.2,71.3
"1998",37.69309,-121.8149,119.7,70.1666666666667
"1998",37.7119,-121.8136,243.8,66.1
"1998",37.728,-122.5052,2.4,57.9
"1998",37.745,-118.9833,2316.5,56
"1998",37.75027,-119.58972,1224.7,68.9333333333333
"1998",37.7617,-119.8247,2025.1,61.55
"1998",37.7705,-122.4269,45.7,60.1666666666667
"1998",37.7861,-122.1447,333.8,63.75
"1998",37.79589,-121.58319,18.6,73.65
"1998",37.7983,-122.2642,9.1,64.1666666666667
"1998",37.8331,-120.5,310.9,75.5333333333333
"1998",37.8339,-122.0669,536.4,68.2
"1998",37.8431,-118.4778,1661.2,68.5
"1998",37.865,-122.2208,427.6,63.7666666666667
"1998",37.8744,-122.2605,94.5,63.4
"1998",37.8792,-121.9303,661.4,68.5666666666667
"1998",37.88997,-121.22637,8.3,74.3
"1998",37.9191,-122.3772,6.1,63.1333333333333
"1998",37.9442,-122.1178,442,68.2
"1998",37.95,-121.8844,487.7,70.6333333333333
"1998",37.9566,-122.5447,44.2,64.7
"1998",37.9567,-119.1194,2071.7,68.65
"1998",37.9613,-119.783,1179.6,66.5666666666667
"1998",37.9747,-119.9161,1452.4,68.5333333333333
"1998",37.9833,-122.0692,12.2,65.9
"1998",37.9833,-121.7525,18.3,77.1
"1998",37.9983,-122.5372,36.6,67.4333333333333
"1998",37.9994,-121.3177,3.7,74.6666666666667
"1998",38.0047,-120.4863,292.6,77.1
"1998",38.0131,-122.1142,12.2,70.8666666666667
"1998",38.0281,-122.7022,378,65.65
"1998",38.07,-119.23,2878.8,55.5
"1998",38.1,-122.1869,103.9,72.4
"1998",38.1061,-121.2877,12.2,73.3
"1998",38.2075,-122.28041,4.7,64.6666666666667
"1998",38.2119,-119.0142,2551.2,52.0666666666667
"1998",38.2428,-120.515,780,70.65
"1998",38.2486,-120.8433,200.6,75.4
"1998",38.2575,-119.2286,1972.1,64.5
"1998",38.2577,-122.6077,6.1,65.9
"1998",38.2736,-122.0677,12.2,72.2333333333333
"1998",38.2769,-120.3113,1431,63.1666666666667
"1998",38.2777,-122.2647,10.7,68.8666666666667
"1998",38.28,-119.61,2931.3,50.1666666666667
"1998",38.3,-119.55,2194,56.2666666666667
"1998",38.31,-119.6,2690.5,54.5666666666667
"1998",38.3772,-120.8008,483.4,78.1
"1998",38.37753,-121.95854,31.7,71.2
"1998",38.3894,-120.6511,902.2,74.6333333333333
"1998",38.39556,-121.96083,33.5,73.6
"1998",38.4305,-122.8647,61,65.0666666666667
"1998",38.44,-119.37,2814.2,53.2
"1998",38.44611,-120.49917,717.8,67.5
"1998",38.45579,-122.71335,50.6,65.05
"1998",38.4786,-122.7119,175.6,66
"1998",38.4883,-120.325,1524,70.2333333333333
"1998",38.4916,-122.1241,146.3,72.8333333333333
"1998",38.492,-122.0039,57,75.9666666666667
"1998",38.50369,-122.81101,36.2,69.05
"1998",38.50659,-121.49604,5.9,72.8333333333333
"1998",38.5066,-122.4713,68.6,69.15
"1998",38.51,-119.63,2357.9,53.9
"1998",38.515,-123.2447,34.1,57.6
"1998",38.5252,-121.9777,41.1,76.8333333333333
"1998",38.5349,-121.7761,18.3,73.0333333333333
"1998",38.55,-119.8,2671.6,54.3666666666667
"1998",38.5552,-121.4183,11.6,76.4
"1998",38.573,-122.4405,522.7,66.5
"1998",38.57682,-122.57811,106.7,71.5333333333333
"1998",38.5908,-120.9336,275.8,71.45
"1998",38.61,-119.92,2455.8,53.5333333333333
"1998",38.62935,-122.86646,53.9,71
"1998",38.67,-119.82,1863.9,60.5333333333333
"1998",38.67,-119.61,2532.9,56.3
"1998",38.6829,-121.794,20.4,75.4666666666667
"1998",38.6833,-119.7667,1676.7,64.6
"1998",38.69194,-119.78028,1685.5,61.2
"1998",38.6955,-120.8244,563.9,73.4666666666667
"1998",38.70069,-121.59479,7.5,73.2
"1998",38.70861,-120.04028,2438.4,57.85
"1998",38.71611,-122.9975,68.3,68.8
"1998",38.7333,-120.245,1597.2,65.8
"1998",38.7383,-122.1447,107.9,76.0333333333333
"1998",38.7817,-122.9169,609.6,70.3333333333333
"1998",38.79296,-123.0263,121.9,73.5
"1998",38.8325,-121.0086,365.8,77.1
"1998",38.8489,-120.0181,1923.3,63.2
"1998",38.85,-120.08,2337.8,58.7333333333333
"1998",38.85,-119.94,2370.1,53
"1998",38.8619,-122.4172,670.6,72.0333333333333
"1998",38.8825,-121.2683,61,75.6
"1998",38.89838,-119.99617,1907,57.3666666666667
"1998",38.9056,-120.6972,1426.5,71.8666666666667
"1998",38.9072,-121.0838,393.8,74.2333333333333
"1998",38.9119,-122.7064,659.3,74.4666666666667
"1998",38.92,-119.92,2615.8,52.5
"1998",38.9238,-122.5672,411.2,68.5
"1998",38.93,-120.05,1900.7,56.5333333333333
"1998",38.933,-120.8008,914.7,73.1
"1998",38.9875,-123.3486,196.3,69.0333333333333
"1998",39,-120.13,2343.6,58.1333333333333
"1998",39.0189,-122.4119,635.5,76.3
"1998",39.0717,-120.4217,1597.2,66.9666666666667
"1998",39.0901,-120.947,723.3,69.5666666666667
"1998",39.1258,-123.0736,975.4,72.1333333333333
"1998",39.14,-120.22,2028.4,55.4666666666667
"1998",39.1458,-121.5852,17.4,77.8333333333333
"1998",39.1466,-123.2102,193.9,71.5666666666667
"1998",39.1678,-120.1428,1898.9,58.5666666666667
"1998",39.17,-120.15,2071.7,58.3666666666667
"1998",39.1836,-120.8847,861.4,70.65
"1998",39.1875,-122.0269,15.2,74.8333333333333
"1998",39.19,-120.26,2447.2,55.9333333333333
"1998",39.2041,-121.068,731.5,69
"1998",39.2083,-122.8083,1475.2,68.7
"1998",39.2466,-121.0008,847.6,69.5
"1998",39.27617,-120.70927,1611.2,65.2
"1998",39.3,-120.18,1983.9,61.6333333333333
"1998",39.3036,-121.1172,617.2,74.2666666666667
"1998",39.3167,-120.8375,1316.7,70.3333333333333
"1998",39.31833,-120.63917,1571.5,59.95
"1998",39.3239,-120.2331,1809.6,58.4
"1998",39.33,-120.37,2089.4,55.7666666666667
"1998",39.333,-120.173,1774.9,64.25
"1998",39.3528,-123.6011,180.7,64.5
"1998",39.3575,-121.2011,499.9,71.2666666666667
"1998",39.35917,-122.51778,367.3,73.2
"1998",39.3619,-123.1286,310.3,69.85
"1998",39.3669,-122.575,365.8,74.9333333333333
"1998",39.3975,-121.3861,244.8,74.3666666666667
"1998",39.4194,-123.3425,412.4,65.8
"1998",39.425,-122.9772,540.4,73.1
"1998",39.43,-120.31,2545.7,57.2333333333333
"1998",39.43167,-120.24056,1931.5,54.75
"1998",39.45,-120.29,2134.5,55.7333333333333
"1998",39.475,-121.2025,1132,71.1333333333333
"1998",39.4833,-120.075,2093.1,60.9666666666667
"1998",39.49,-120.28,1967.8,56.5333333333333
"1998",39.4943,-121.62226,56.9,79.35
"1998",39.51,-123.75639,37.5,56.8
"1998",39.5177,-121.553,52.1,75.8666666666667
"1998",39.53194,-121.1611,1130.8,64.7666666666667
"1998",39.5633,-120.8238,888.5,67.3333333333333
"1998",39.56778,-120.62278,1292.4,66.4
"1998",39.5833,-120.3705,1516.4,60.9
"1998",39.5861,-122.5341,243.8,74.5333333333333
"1998",39.6514,-122.7236,1310.6,67.2666666666667
"1998",39.6681,-123.3211,740.1,69.8
"1998",39.6911,-121.8211,56.4,75.0666666666667
"1998",39.7119,-121.7789,70.1,75.4333333333333
"1998",39.7458,-122.1997,77.4,76.3333333333333
"1998",39.7538,-121.6241,533.4,76.3666666666667
"1998",39.7833,-121.3667,1341.1,78
"1998",39.8053,-120.4719,1478.3,61.4
"1998",39.8158,-123.2444,430.7,71.8
"1998",39.8333,-123.0833,457.2,74.0666666666667
"1998",39.8644,-122.6097,317,80.3
"1998",39.8716,-121.6108,826,71.0333333333333
"1998",39.8717,-121.7689,528.2,77.0666666666667
"1998",39.87778,-123.7275,260,66.1
"1998",39.9717,-120.0828,1338.1,65.7666666666667
"1998",39.9733,-120.9419,1066.8,67.8333333333333
"1998",40.0222,-120.1056,1292.4,68.6666666666667
"1998",40.02611,-123.79306,153.3,68.6333333333333
"1998",40.03306,-124.07278,75,59.8
"1998",40.0789,-121.5039,1511.8,61.7666666666667
"1998",40.1417,-120.3533,1767.8,68.6
"1998",40.15186,-122.25478,108,77.2666666666667
"1998",40.1705,-121.0886,1389.9,64.2
"1998",40.1867,-123.5903,281.3,69.3
"1998",40.2461,-120.6422,1737.4,64.2333333333333
"1998",40.2569,-124.2661,899.2,63.2666666666667
"1998",40.295,-122.8667,1066.8,72.2666666666667
"1998",40.30209,-121.24391,1387.1,57.65
"1998",40.3067,-120.9,1767.8,63.4333333333333
"1998",40.3442,-121.7136,1267.7,72.4333333333333
"1998",40.3458,-121.6091,1485.9,59.6333333333333
"1998",40.3636,-122.965,838.2,67.0333333333333
"1998",40.3983,-122.8333,579.1,75.3
"1998",40.4808,-120.1139,1339.6,63.35
"1998",40.4833,-124.1038,41.5,59.7
"1998",40.4863,-123.9088,125.9,61.6
"1998",40.505,-123.3417,1219.2,75.5
"1998",40.51462,-122.29773,152.6,77.5666666666667
"1998",40.54,-121.5803,1725.2,59.2
"1998",40.5411,-121.5766,1752.6,59.4
"1998",40.55,-123.165,708.1,69.7333333333333
"1998",40.5524,-123.2122,701,70.4
"1998",40.5981,-121.0831,1722.1,56.1
"1998",40.6116,-122.528,394.7,77.4333333333333
"1998",40.6194,-121.8994,736.7,75.4666666666667
"1998",40.6306,-120.5028,1554.5,64.2666666666667
"1998",40.7141,-122.4161,327.7,78.3
"1998",40.7263,-122.7947,567.2,70.7333333333333
"1998",40.7333,-123.2333,457.2,74.9333333333333
"1998",40.735,-122.9433,640.1,75.5
"1998",40.73529,-122.9441,627.3,68
"1998",40.7405,-123.2077,381.9,72.9
"1998",40.7817,-120.7844,1877,58.6
"1998",40.7864,-122.8045,1008.3,74.2
"1998",40.7964,-123.9367,512.1,61.4333333333333
"1998",40.8072,-121.2967,1752.6,65.1333333333333
"1998",40.8097,-124.1602,6.1,58
"1998",40.86667,-120.43333,1615.4,61.3666666666667
"1998",40.9258,-121.5856,1130.8,69.1666666666667
"1998",40.9316,-121.5433,919,66
"1998",40.9466,-123.6363,141.4,71.7
"1998",40.97844,-124.10479,64.5,57.6666666666667
"1998",41.0478,-123.6714,114.3,70.9
"1998",41.0519,-120.6861,1554.5,62.0333333333333
"1998",41.0547,-120.3375,1711.5,62.1333333333333
"1998",41.075,-122.3733,731.5,82.5
"1998",41.0975,-123.6358,1088.1,65.4666666666667
"1998",41.14167,-123.13917,704.1,70.1
"1998",41.1831,-122.28167,661.1,69.2
"1998",41.19334,-120.94458,1280.8,63.15
"1998",41.24,-120.79,1886.7,56.0666666666667
"1998",41.25171,-122.13827,985.4,67
"1998",41.2769,-121.9794,975.4,65.1
"1998",41.2944,-120.8639,1463,66.6666666666667
"1998",41.3003,-123.1322,668.1,73.5
"1998",41.30206,-123.53851,122.8,72.6
"1998",41.3075,-122.7958,955.9,69.8333333333333
"1998",41.314893,-122.317127,1083,66.2
"1998",41.32175,-122.31725,1101.2,64.8333333333333
"1998",41.3322,-120.4725,1332.6,65.1333333333333
"1998",41.3378,-122.82484,940.3,66.3666666666667
"1998",41.3619,-124.0191,48.8,58.8666666666667
"1998",41.39,-123.4958,280.4,74.1666666666667
"1998",41.4219,-120.9016,1313.7,63
"1998",41.4272,-121.4639,1602.6,66.1333333333333
"1998",41.4342,-120.8678,1314.3,66.5
"1998",41.4789,-122.4539,893.1,70.5666666666667
"1998",41.48362,-120.5615,1335.9,62.7
"1998",41.49021,-120.54376,1332.9,64.1666666666667
"1998",41.53,-120.6714,1530.7,66.3333333333333
"1998",41.5301,-120.1791,1428.9,67.6333333333333
"1998",41.57861,-124.07472,8.5,57.8333333333333
"1998",41.58,-120.3,2142.7,58.7
"1998",41.5992,-122.9336,1287.8,74.7
"1998",41.6431,-121.7939,1502.1,66.1666666666667
"1998",41.6853,-122.5942,914.4,71.7666666666667
"1998",41.70237,-122.64169,826.6,69.7333333333333
"1998",41.71171,-121.5067,1455.4,66.3
"1998",41.775,-122.9503,1674.3,65.4666666666667
"1998",41.7861,-122.0056,1645.9,66.4666666666667
"1998",41.7958,-124.2147,13.1,57
"1998",41.8386,-122.85,591.3,72.2
"1998",41.8586,-123.3525,1423.4,74.8
"1998",41.8715,-120.1574,1444.4,65.2
"1998",41.99,-120.18,2243.3,54.4666666666667
"1998",41.9919,-123.6036,1210.1,65.9333333333333
"1999",32.57583,-116.99391,158.9,66.4333333333333
"1999",32.6058,-116.6089,714.8,70.5333333333333
"1999",32.6261,-116.4681,805,67.9666666666667
"1999",32.6263,-116.4699,801.6,69.3666666666667
"1999",32.64,-117.0858,17.1,67.3666666666667
"1999",32.7214,-116.4631,1049.4,68.5333333333333
"1999",32.7336,-117.1831,4.6,66.4
"1999",32.76536,-117.2315,4.3,67.9
"1999",32.76654,-115.56638,-9.1,87.85
"1999",32.7675,-117.0233,161.5,66.4
"1999",32.8005,-116.928,150.9,72.7333333333333
"1999",32.81453,-117.13747,127.5,67.8333333333333
"1999",32.8358,-116.7774,516.6,75.65
"1999",32.8488,-115.5666,-19.5,87.7333333333333
"1999",32.8569,-116.6222,1060.7,72.75
"1999",32.8797,-116.4203,1755.6,64.4333333333333
"1999",32.9083,-114.4944,91.4,91.9
"1999",32.9544,-115.5581,-30.5,86.5333333333333
"1999",32.9897,-116.5872,1414.3,65.8
"1999",32.9903,-116.0669,231.6,92.5666666666667
"1999",33.0113,-116.908,448.1,70.0666666666667
"1999",33.03801,-116.915979,422,68.7
"1999",33.0758,-116.5908,1292.4,70.1333333333333
"1999",33.0763,-116.5925,1284.7,67.9333333333333
"1999",33.0955,-116.9975,128,71.5
"1999",33.121,-117.09,182.9,71.8
"1999",33.12993,-117.27651,95.3,65.3666666666667
"1999",33.2097,-117.395,3,60
"1999",33.21946,-117.34962,9.1,63.95
"1999",33.2222,-116.4975,1345.7,73.7333333333333
"1999",33.2354,-117.2322,131.1,70.7666666666667
"1999",33.2372,-117.0086,452,71.2666666666667
"1999",33.2372,-116.7614,823,67.1666666666667
"1999",33.2559,-116.4036,246.9,87.7666666666667
"1999",33.2889,-117.4389,30.5,67.6
"1999",33.3722,-117.3589,279.8,67.6333333333333
"1999",33.378,-116.84,1691.6,70.3666666666667
"1999",33.3933,-116.795,838.8,72.7666666666667
"1999",33.445,-117.4181,707.1,71.1666666666667
"1999",33.4833,-119.0333,53.6,59.6333333333333
"1999",33.5286,-117.2306,603.5,70.8
"1999",33.5417,-117.5917,213.4,69.9333333333333
"1999",33.5453,-117.7813,13.4,67.3
"1999",33.555,-116.673,1194.8,70.1666666666667
"1999",33.5697,-116.073,-55.8,88.5
"1999",33.6031,-117.8836,3,67.1
"1999",33.61388,-114.59813,81.7,85
"1999",33.61876,-114.71451,120.4,91.1666666666667
"1999",33.63166,-116.16412,-36,87.3
"1999",33.6472,-117.4111,926,74.9666666666667
"1999",33.6667,-116.7667,1499.6,69.7
"1999",33.67975,-117.86746,13,68.3666666666667
"1999",33.686,-117.3458,386.5,77.4
"1999",33.7025,-117.75389,71.6,72.2666666666667
"1999",33.7044,-115.6289,417.6,86.4333333333333
"1999",33.7086,-116.2152,-6.4,89.4
"1999",33.7155,-117.19,432.8,78.8
"1999",33.7381,-116.8939,552,75.8666666666667
"1999",33.7442,-117.8667,41.1,69.4666666666667
"1999",33.7572,-116.7066,1639.8,64.8333333333333
"1999",33.7781,-117.085,646.2,75.1666666666667
"1999",33.7965,-116.9753,464.8,75.9
"1999",33.8016,-118.3419,27.4,66
"1999",33.80807,-115.45138,296.6,90.3333333333333
"1999",33.8081,-117.7111,542.8,71.8
"1999",33.81177,-118.14718,10.2,69.6
"1999",33.82216,-116.50433,124.7,88.7333333333333
"1999",33.8275,-116.5097,129.5,88.35
"1999",33.8647,-117.8425,70.7,70.7333333333333
"1999",33.87154,-117.98561,26.3,70.9333333333333
"1999",33.92353,-118.33291,16.6,67.4
"1999",33.9255,-116.9903,789.7,74.6333333333333
"1999",33.93816,-118.3866,29.7,68.0333333333333
"1999",33.9511,-117.388,256,76.1666666666667
"1999",33.95282,-117.43523,257.7,73.8666666666667
"1999",33.96694,-117.36139,300.5,74.0333333333333
"1999",33.97563,-117.62487,193.9,71.8333333333333
"1999",33.9839,-118.01,289.6,70.4666666666667
"1999",34.005,-118.4139,28,67.3333333333333
"1999",34.0075,-118.49972,4.3,62.6333333333333
"1999",34.0178,-116.1878,1280.2,75.5333333333333
"1999",34.0191,-118.1052,75,73.6666666666667
"1999",34.037,-117.1948,429.8,74.8
"1999",34.0456,-118.9358,15.2,65
"1999",34.05314,-117.57689,281.6,74.2666666666667
"1999",34.0583,-118.6333,480.1,74.1
"1999",34.0608,-114.7322,249.9,90.4666666666667
"1999",34.0678,-118.2417,115.2,69.9666666666667
"1999",34.0697,-118.4427,131.1,66.7
"1999",34.0836,-117.0347,899.2,74.6333333333333
"1999",34.0842,-118.1003,110.6,72.9
"1999",34.1208,-117.9458,152.4,75.85
"1999",34.1233,-116.4078,993.6,76.5
"1999",34.125,-118.4122,384,71.1666666666667
"1999",34.128,-116.0369,602,84.8666666666667
"1999",34.13444,-117.25389,347.5,76.5333333333333
"1999",34.1369,-117.7069,501.4,66
"1999",34.1472,-115.1219,281,91.9666666666667
"1999",34.1483,-118.1447,263.3,73.8666666666667
"1999",34.1547,-114.2908,128,91.0666666666667
"1999",34.1819,-118.5744,240.8,72.5
"1999",34.1847,-118.7172,502.9,73.8666666666667
"1999",34.1866,-118.348,199.6,71.1666666666667
"1999",34.1942,-116.9131,1712.4,65.2
"1999",34.19806,-119.17528,14.9,63.2333333333333
"1999",34.19966,-118.36543,222.7,72.2
"1999",34.20012,-119.20417,11.9,66.5
"1999",34.2066,-119.1375,15.8,64.6666666666667
"1999",34.2069,-117.7606,792.5,72.9
"1999",34.2103,-116.6339,1828.8,71.6333333333333
"1999",34.21214,-118.49146,239.2,73.6666666666667
"1999",34.2211,-117.4044,627,75.1333333333333
"1999",34.2308,-118.0711,1740.4,70.2666666666667
"1999",34.243,-116.917,2058.3,61
"1999",34.2447,-118.525,275.5,73.4
"1999",34.2466,-117.1883,1586.5,68.2
"1999",34.2661,-116.8989,2103.1,59.0333333333333
"1999",34.28964,-114.17137,224.9,92.1333333333333
"1999",34.3119,-119.13306,72.2,63.9
"1999",34.3317,-118.0303,1661.2,69.5
"1999",34.3617,-118.4217,1219.2,74.8
"1999",34.3617,-117.6386,1828.8,63.3666666666667
"1999",34.3903,-118.0825,1530.4,69.0333333333333
"1999",34.3906,-116.5169,883.9,81.8
"1999",34.3933,-118.5938,538,73.5333333333333
"1999",34.4167,-119.6844,4.9,64.6333333333333
"1999",34.4241,-119.84249,2.5,63.8
"1999",34.425,-118.525,442,73.9333333333333
"1999",34.4311,-118.6828,389.5,73.7333333333333
"1999",34.4458,-118.2,792.5,72.5
"1999",34.4477,-119.2275,227.1,69.9666666666667
"1999",34.4614,-119.6481,457.2,70.2
"1999",34.5025,-117.8969,945.2,77.4666666666667
"1999",34.52527,-117.29638,850.1,76.4666666666667
"1999",34.5356,-117.0258,1438.7,74
"1999",34.5358,-119.7833,310.9,69.9666666666667
"1999",34.5431,-119.1842,1015.3,63.7
"1999",34.58223,-119.98159,240.5,69
"1999",34.5883,-118.0938,796.1,78.8
"1999",34.5891,-117.6302,899.2,74.7666666666667
"1999",34.5958,-118.5786,1502.7,73.1666666666667
"1999",34.62944,-118.08309,764.7,77.0666666666667
"1999",34.6344,-117.5503,877.8,76.5
"1999",34.6538,-120.4513,22.9,61.7333333333333
"1999",34.6847,-117.8208,789.4,76.8333333333333
"1999",34.705,-118.4297,932.7,75.8333333333333
"1999",34.7325,-118.3833,841.2,77.4
"1999",34.74121,-118.21255,712.6,77.0666666666667
"1999",34.74361,-118.72528,1374.6,69.1666666666667
"1999",34.7455,-120.28,172.2,63.6666666666667
"1999",34.76783,-114.61842,270.6,93.1333333333333
"1999",34.8083,-119.0125,1493.5,61.5
"1999",34.85371,-116.78702,584.8,85.0666666666667
"1999",34.8927,-117.0219,676.7,82.9
"1999",34.89403,-120.45216,74.2,60.2666666666667
"1999",34.9436,-115.5469,1325.9,78.2333333333333
"1999",34.9455,-119.6827,658.4,69.45
"1999",35.0233,-118.7497,434.3,77.3333333333333
"1999",35.0492,-118.1619,833.6,77.85
"1999",35.0531,-116.0794,289.6,89.2333333333333
"1999",35.0964,-119.7728,759,74.9333333333333
"1999",35.1011,-118.4222,1286.3,68.1333333333333
"1999",35.1231,-115.4114,1649.9,71.2666666666667
"1999",35.1503,-119.43,235.6,77.5666666666667
"1999",35.1542,-117.1756,987.6,78.4666666666667
"1999",35.1889,-120.0833,1149.1,70.6666666666667
"1999",35.23815,-120.64406,55.8,62.6666666666667
"1999",35.27611,-116.06278,293.2,89.5
"1999",35.3056,-120.6619,93.9,63.6333333333333
"1999",35.367,-120.8447,36,56.6333333333333
"1999",35.3692,-117.6525,1088.1,77.9
"1999",35.37,-117.5683,1103.4,78.2666666666667
"1999",35.3811,-120.1875,496.8,70.2
"1999",35.4028,-119.47,68.6,80.5333333333333
"1999",35.4186,-119.0508,143.3,77.0333333333333
"1999",35.43424,-119.05524,149.3,77.0666666666667
"1999",35.4783,-117.6989,1338.1,77.1666666666667
"1999",35.5892,-119.352,88.7,77.5333333333333
"1999",35.6277,-120.6855,222.5,67.9333333333333
"1999",35.6513,-117.8213,740.7,81.1333333333333
"1999",35.6564,-120.9242,303,68.2
"1999",35.6647,-118.0569,1698.3,72.6
"1999",35.66556,-121.28472,18,54.9333333333333
"1999",35.66936,-120.62918,249.8,70.8666666666667
"1999",35.7217,-118.4989,960.1,73.6666666666667
"1999",35.7269,-118.7006,957.1,66.2
"1999",35.755,-118.4167,829.1,77.4666666666667
"1999",35.7636,-117.3908,516.6,87.35
"1999",35.7706,-115.9092,1524,76.7666666666667
"1999",35.7831,-118.4389,823.9,74.8333333333333
"1999",35.8717,-117.9183,1264.9,80.3
"1999",35.8842,-118.0517,2507.9,61.9333333333333
"1999",35.8889,-118.6333,1133.9,70.6
"1999",35.8922,-118.915,64,76.9
"1999",35.8989,-120.4319,467.9,70.4666666666667
"1999",35.9717,-118.545,1432.6,62.8
"1999",36.0333,-120.0569,246.9,78.3
"1999",36.06778,-119.02,119.8,78.6333333333333
"1999",36.0931,-118.2603,2499.4,58.7
"1999",36.0975,-119.5817,61,77.4
"1999",36.1203,-117.0878,2097,69.8666666666667
"1999",36.1356,-120.3606,204.2,79.1333333333333
"1999",36.1388,-117.9527,1165.9,75.7
"1999",36.1753,-118.7017,987.6,72.8
"1999",36.18833,-120.69528,701,68.4666666666667
"1999",36.2032,-119.0545,132.6,77.1
"1999",36.2069,-121.1377,97.5,66.35
"1999",36.23,-121.4917,298.7,70.4
"1999",36.2472,-121.7802,61,60.1
"1999",36.26556,-117.18528,1249.7,76.6333333333333
"1999",36.3114,-119.62319,76,75.6666666666667
"1999",36.3158,-119.637,72.2,77.4666666666667
"1999",36.32833,-119.2997,92.4,76.4333333333333
"1999",36.3478,-120.5978,1524,66.6666666666667
"1999",36.3817,-119.0264,156.4,76.9
"1999",36.3825,-120.8558,1137.8,70.9666666666667
"1999",36.3886,-121.5517,574.5,63.0666666666667
"1999",36.4069,-118.4217,2621.3,60.7
"1999",36.445,-118.7033,1597.2,70.0666666666667
"1999",36.46263,-116.8672,-59.1,97.4666666666667
"1999",36.465,-118.8619,347.5,77.85
"1999",36.4819,-121.1822,398.4,67.25
"1999",36.4914,-118.8253,520.6,78.4333333333333
"1999",36.5625,-117.4736,2097,66.3333333333333
"1999",36.5672,-118.9556,1240.2,70.9666666666667
"1999",36.59041,-121.84881,48.8,59.2
"1999",36.5927,-121.8555,37.2,59.6166666666667
"1999",36.6044,-118.7325,2052.8,55.8333333333333
"1999",36.6594,-121.6663,13.7,61
"1999",36.66352,-121.60928,22.3,61.2333333333333
"1999",36.715,-121.34917,275.8,64.1666666666667
"1999",36.7242,-118.9425,2298.2,60.6333333333333
"1999",36.7267,-118.675,2475,59.8333333333333
"1999",36.7269,-120.7658,619.4,74.9
"1999",36.73751,-118.96197,2005.6,59.1
"1999",36.7672,-119.7092,103,77.2
"1999",36.77999,-119.72016,101.9,78.2333333333333
"1999",36.798,-118.2036,1204,77.7333333333333
"1999",36.8425,-118.2594,1479.8,75.3666666666667
"1999",36.8839,-119.4658,280.4,81.8
"1999",36.9092,-119.0883,528.8,75.75
"1999",36.9111,-119.305,469.4,78.4
"1999",36.93936,-121.79001,49.5,60.7333333333333
"1999",36.9539,-120.0378,82.3,74.9666666666667
"1999",36.9614,-119.175,1538.6,69.3
"1999",36.98505,-120.11068,76.6,74.8333333333333
"1999",36.98785,-121.99952,21.3,61.4333333333333
"1999",36.98972,-120.92972,124.1,75.5666666666667
"1999",36.9911,-121.7978,137.2,64.4333333333333
"1999",36.99574,-119.70691,131.1,76.2
"1999",37.003,-121.5608,59.1,69.1333333333333
"1999",37.0153,-119.5678,366.1,73.8333333333333
"1999",37.05333,-121.05778,84.4,73.9333333333333
"1999",37.0544,-119.3711,1249.7,70.9666666666667
"1999",37.0547,-121.0531,106.7,74.6666666666667
"1999",37.0563,-120.8666,36.6,74.8666666666667
"1999",37.08689,-122.08221,132.6,65.5666666666667
"1999",37.0919,-119.5128,637,76.8
"1999",37.1317,-122.17,801.6,66.0666666666667
"1999",37.135,-119.2561,1751.4,59.0666666666667
"1999",37.2028,-121.9428,609.6,68.4333333333333
"1999",37.2064,-119.2419,1486.8,68.2333333333333
"1999",37.2275,-119.22056,2139.7,56.3666666666667
"1999",37.2319,-121.9592,111.3,67.7666666666667
"1999",37.2331,-119.5047,829.1,73.5333333333333
"1999",37.2811,-121.0177,27.4,75.0666666666667
"1999",37.28597,-120.51788,46.5,73.8333333333333
"1999",37.2888,-120.5158,46.9,75.4
"1999",37.3053,-122.255,265.8,60.5666666666667
"1999",37.31167,-122.36167,83.8,58.1
"1999",37.3133,-122.185,691.9,61.8
"1999",37.3292,-121.2939,563.9,72.1
"1999",37.34336,-121.63473,1286.3,65.1333333333333
"1999",37.34972,-121.90333,20.4,68.2666666666667
"1999",37.3581,-122.1472,196.6,66.8666666666667
"1999",37.35938,-121.92444,15,66.2666666666667
"1999",37.37114,-118.35886,1252.8,72.7
"1999",37.3738,-117.9802,1592.6,69.7
"1999",37.39,-118.5506,1414.3,76.0666666666667
"1999",37.4058,-122.0481,11.9,65.0666666666667
"1999",37.4094,-119.7681,937.9,76.9666666666667
"1999",37.4286,-122.2561,115.8,67.8333333333333
"1999",37.4431,-121.7706,629.7,62.5
"1999",37.4436,-122.1402,7.6,63.4
"1999",37.4681,-120.1106,365.8,76.4666666666667
"1999",37.4725,-122.4433,8.2,56.9333333333333
"1999",37.475,-122.2981,196.3,64.5333333333333
"1999",37.4767,-122.2386,9.4,65.9
"1999",37.4783,-118.4078,1371.6,70.9666666666667
"1999",37.5019,-121.7355,932.7,65.8333333333333
"1999",37.50193,-120.84566,31.4,74.4
"1999",37.5042,-119.9869,680,67.9
"1999",37.5122,-119.6331,1538.3,59.7666666666667
"1999",37.5128,-119.6047,1950.7,64.4666666666667
"1999",37.5147,-122.0325,3,66.0666666666667
"1999",37.5422,-122.0158,11.6,66.05
"1999",37.5514,-118.6672,2145.8,63.3666666666667
"1999",37.5531,-121.8439,374.9,64.4333333333333
"1999",37.5625,-122.4364,327.7,58.4333333333333
"1999",37.59167,-122.47167,144.8,60.5
"1999",37.61962,-122.36562,3.2,61.7666666666667
"1999",37.62544,-120.95492,26.5,74.1666666666667
"1999",37.63,-119.0933,2304.3,53.8333333333333
"1999",37.6478,-118.9617,2378.7,56.9666666666667
"1999",37.65886,-122.12116,9.6,63.6666666666667
"1999",37.6819,-121.3466,41.1,70.6666666666667
"1999",37.68194,-121.75139,161.2,69.8333333333333
"1999",37.69309,-121.8149,119.7,68.6
"1999",37.7119,-121.8136,243.8,66.8
"1999",37.728,-122.5052,2.4,56.4
"1999",37.745,-118.9833,2316.5,55.3
"1999",37.75027,-119.58972,1224.7,68.5
"1999",37.7617,-119.8247,2025.1,62.5
"1999",37.7705,-122.4269,45.7,58.6666666666667
"1999",37.7861,-122.1447,333.8,62.0333333333333
"1999",37.79589,-121.58319,18.6,73.15
"1999",37.7983,-122.2642,9.1,63.65
"1999",37.8172,-121.7789,621.8,68.9
"1999",37.8233,-120.0975,975.4,67.4666666666667
"1999",37.8331,-120.5,310.9,72.7666666666667
"1999",37.8339,-122.0669,536.4,65.0333333333333
"1999",37.8431,-118.4778,1661.2,68.5666666666667
"1999",37.8511,-119.65,2446,54.6333333333333
"1999",37.865,-122.2208,427.6,60
"1999",37.8744,-122.2605,94.5,62.8333333333333
"1999",37.8792,-121.9303,661.4,66.9666666666667
"1999",37.88997,-121.22637,8.3,72.6666666666667
"1999",37.9191,-122.3772,6.1,62.4
"1999",37.9442,-122.1178,442,65.4666666666667
"1999",37.95,-121.8844,487.7,68.1666666666667
"1999",37.9566,-122.5447,44.2,66.7
"1999",37.9567,-119.1194,2071.7,64.6
"1999",37.9613,-119.783,1179.6,65.55
"1999",37.9672,-120.3872,510.5,68.8666666666667
"1999",37.9747,-119.9161,1452.4,67.6333333333333
"1999",37.9833,-122.0692,12.2,68.4
"1999",37.9833,-121.7525,18.3,72.1
"1999",37.99165,-122.05268,7,70.15
"1999",37.9983,-122.5372,36.6,65.8333333333333
"1999",37.9994,-121.3177,3.7,74.5
"1999",38.0047,-120.4863,292.6,74.9
"1999",38.0131,-122.1142,12.2,68.6333333333333
"1999",38.0281,-122.7022,378,61.7333333333333
"1999",38.0631,-120.2469,1503.6,69.3
"1999",38.07,-119.23,2878.8,55.1333333333333
"1999",38.1061,-121.2877,12.2,72.2
"1999",38.2075,-122.28041,4.7,64.4666666666667
"1999",38.2119,-119.0142,2551.2,51.6333333333333
"1999",38.2428,-120.515,780,71.4
"1999",38.2486,-120.8433,200.6,74.6666666666667
"1999",38.2575,-119.2286,1972.1,58.9666666666667
"1999",38.2577,-122.6077,6.1,65.8
"1999",38.2736,-122.0677,12.2,71
"1999",38.2769,-120.3113,1431,61.5666666666667
"1999",38.2777,-122.2647,10.7,67.2333333333333
"1999",38.28,-119.61,2931.3,47.9
"1999",38.2994,-122.4622,29.6,66.2
"1999",38.3,-119.55,2194,55.9333333333333
"1999",38.31,-119.6,2690.5,53.1333333333333
"1999",38.3772,-120.8008,483.4,71.8
"1999",38.37753,-121.95854,31.7,72.8333333333333
"1999",38.3858,-122.9661,263.7,62.9333333333333
"1999",38.3894,-120.6511,902.2,71.7
"1999",38.39556,-121.96083,33.5,74.1
"1999",38.4305,-122.8647,61,64.0333333333333
"1999",38.44,-119.37,2814.2,52.5666666666667
"1999",38.45579,-122.71335,50.6,65.4
"1999",38.4786,-122.7119,175.6,64.8
"1999",38.4883,-120.325,1524,68.4333333333333
"1999",38.4916,-122.1241,146.3,72.3
"1999",38.492,-122.0039,57,75.0333333333333
"1999",38.50369,-122.81101,36.2,65.8666666666667
"1999",38.50659,-121.49604,5.9,71.6
"1999",38.5066,-122.4713,68.6,68.7
"1999",38.51,-119.63,2357.9,52.9333333333333
"1999",38.5252,-121.9777,41.1,75.5666666666667
"1999",38.5349,-121.7761,18.3,72.1333333333333
"1999",38.55,-119.8,2671.6,52.7666666666667
"1999",38.5552,-121.4183,11.6,74.1666666666667
"1999",38.573,-122.4405,522.7,66.5
"1999",38.5908,-120.9336,275.8,70.4333333333333
"1999",38.61,-119.92,2455.8,52.4666666666667
"1999",38.62935,-122.86646,53.9,68.85
"1999",38.67,-119.82,1863.9,60.3666666666667
"1999",38.67,-119.61,2532.9,55.1333333333333
"1999",38.6829,-121.794,20.4,74.1333333333333
"1999",38.6833,-119.7667,1676.7,63.5333333333333
"1999",38.69194,-119.78028,1685.5,60.5333333333333
"1999",38.6955,-120.8244,563.9,71.75
"1999",38.70069,-121.59479,7.5,71.75
"1999",38.7333,-120.245,1597.2,63.1333333333333
"1999",38.7383,-122.1447,107.9,74.8333333333333
"1999",38.7817,-122.9169,609.6,67.9333333333333
"1999",38.79296,-123.0263,121.9,71.1
"1999",38.8325,-121.0086,365.8,70.4
"1999",38.8489,-120.0181,1923.3,58.3666666666667
"1999",38.85,-120.08,2337.8,56.4
"1999",38.85,-119.94,2370.1,51.9333333333333
"1999",38.8619,-122.4172,670.6,70.6
"1999",38.8825,-121.2683,61,73.5
"1999",38.89838,-119.99617,1907,56.2666666666667
"1999",38.9056,-120.6972,1426.5,69.4333333333333
"1999",38.9072,-121.0838,393.8,72.8333333333333
"1999",38.9119,-122.7064,659.3,71.7333333333333
"1999",38.92,-119.92,2615.8,50.5
"1999",38.9238,-122.5672,411.2,67.45
"1999",38.93,-120.05,1900.7,55.3666666666667
"1999",38.933,-120.8008,914.7,71.7666666666667
"1999",38.9875,-123.3486,196.3,66.6666666666667
"1999",39,-120.13,2343.6,56.5
"1999",39.0189,-122.4119,635.5,74.3666666666667
"1999",39.0717,-120.4217,1597.2,64.4333333333333
"1999",39.0901,-120.947,723.3,68.0666666666667
"1999",39.1258,-123.0736,975.4,68.2666666666667
"1999",39.14,-120.22,2028.4,53.9666666666667
"1999",39.1466,-123.2102,193.9,69
"1999",39.1678,-120.1428,1898.9,57.8333333333333
"1999",39.17,-120.15,2071.7,56.5
"1999",39.1836,-120.8847,861.4,70.2666666666667
"1999",39.1875,-122.0269,15.2,72.7
"1999",39.19,-120.26,2447.2,53.7
"1999",39.2041,-121.068,731.5,67.8
"1999",39.2083,-122.8083,1475.2,65.6333333333333
"1999",39.2466,-121.0008,847.6,67.8
"1999",39.27617,-120.70927,1611.2,63.0333333333333
"1999",39.3,-120.18,1983.9,59.9333333333333
"1999",39.3036,-121.1172,617.2,73.7666666666667
"1999",39.3167,-120.8375,1316.7,71.15
"1999",39.31833,-120.63917,1571.5,60.1666666666667
"1999",39.3239,-120.2331,1809.6,58.5333333333333
"1999",39.33,-120.37,2089.4,54.6666666666667
"1999",39.333,-120.173,1774.9,59.3
"1999",39.3528,-123.6011,180.7,62.1333333333333
"1999",39.3575,-121.2011,499.9,68.9
"1999",39.35917,-122.51778,367.3,70.9333333333333
"1999",39.3619,-123.1286,310.3,69.9
"1999",39.3669,-122.575,365.8,72.7333333333333
"1999",39.3886,-120.0936,1699.3,57.5
"1999",39.3975,-121.3861,244.8,72.9
"1999",39.4194,-123.3425,412.4,61.5333333333333
"1999",39.425,-122.9772,540.4,67.2666666666667
"1999",39.43,-120.31,2545.7,54.9333333333333
"1999",39.43167,-120.24056,1931.5,51.7
"1999",39.45,-120.29,2134.5,54.0333333333333
"1999",39.475,-121.2025,1132,70.1333333333333
"1999",39.4833,-120.075,2093.1,59.2
"1999",39.49,-120.28,1967.8,54.9666666666667
"1999",39.4943,-121.62226,56.9,75.3
"1999",39.51,-123.75639,37.5,56.1333333333333
"1999",39.52316,-122.3048,71.3,73.2
"1999",39.53194,-121.1611,1130.8,63.4
"1999",39.5633,-120.8238,888.5,66.0666666666667
"1999",39.56778,-120.62278,1292.4,63.9
"1999",39.5833,-120.3705,1516.4,64.3
"1999",39.5861,-122.5341,243.8,72.6666666666667
"1999",39.6514,-122.7236,1310.6,65.4666666666667
"1999",39.6681,-123.3211,740.1,65.35
"1999",39.6911,-121.8211,56.4,73.1333333333333
"1999",39.7119,-121.7789,70.1,73.6
"1999",39.7458,-122.1997,77.4,74.5
"1999",39.7538,-121.6241,533.4,73.3333333333333
"1999",39.8053,-120.4719,1478.3,59.05
"1999",39.8158,-123.2444,430.7,66.8666666666667
"1999",39.8333,-123.0833,457.2,71.3
"1999",39.8644,-122.6097,317,77.8666666666667
"1999",39.8716,-121.6108,826,69.2666666666667
"1999",39.8717,-121.7689,528.2,75.1
"1999",39.87778,-123.7275,260,64.0666666666667
"1999",39.9366,-120.9475,1042.4,64.4
"1999",39.9389,-122.1697,89.6,75.1333333333333
"1999",39.9717,-120.0828,1338.1,64.5333333333333
"1999",39.9733,-120.9419,1066.8,66.4333333333333
"1999",40.0222,-120.1056,1292.4,66.7
"1999",40.02611,-123.79306,153.3,66.1
"1999",40.03306,-124.07278,75,58.35
"1999",40.0789,-121.5039,1511.8,59.6666666666667
"1999",40.1417,-120.3533,1767.8,66.4333333333333
"1999",40.15186,-122.25478,108,75.9666666666667
"1999",40.1705,-121.0886,1389.9,62.7333333333333
"1999",40.1867,-123.5903,281.3,67.3333333333333
"1999",40.2461,-120.6422,1737.4,62.9333333333333
"1999",40.2569,-124.2661,899.2,59.7333333333333
"1999",40.295,-122.8667,1066.8,69.1
"1999",40.30209,-121.24391,1387.1,59.7333333333333
"1999",40.3067,-120.9,1767.8,62.1666666666667
"1999",40.3442,-121.7136,1267.7,68.4666666666667
"1999",40.3458,-121.6091,1485.9,57.2
"1999",40.3636,-122.965,838.2,65.6333333333333
"1999",40.3983,-122.8333,579.1,73.6333333333333
"1999",40.4808,-120.1139,1339.6,63.5666666666667
"1999",40.4833,-124.1038,41.5,60.9
"1999",40.4863,-123.9088,125.9,60.4333333333333
"1999",40.505,-123.3417,1219.2,64.8
"1999",40.51462,-122.29773,152.6,77.3666666666667
"1999",40.54,-121.5803,1725.2,56.3333333333333
"1999",40.5411,-121.5766,1752.6,57.1333333333333
"1999",40.55,-123.165,708.1,66.6333333333333
"1999",40.5981,-121.0831,1722.1,55.4
"1999",40.6116,-122.528,394.7,76.2333333333333
"1999",40.6194,-121.8994,736.7,72.3333333333333
"1999",40.6306,-120.5028,1554.5,63
"1999",40.7141,-122.4161,327.7,76.8666666666667
"1999",40.7263,-122.7947,567.2,68.4
"1999",40.7308,-120.3164,1614.8,64.8
"1999",40.7333,-123.2333,457.2,71.3333333333333
"1999",40.735,-122.9433,640.1,69.7666666666667
"1999",40.73529,-122.9441,627.3,68.2333333333333
"1999",40.7405,-123.2077,381.9,70.7333333333333
"1999",40.7817,-120.7844,1877,56.65
"1999",40.7864,-122.8045,1008.3,66.3333333333333
"1999",40.7964,-123.9367,512.1,59.6
"1999",40.8072,-121.2967,1752.6,62.2666666666667
"1999",40.8097,-124.1602,6.1,57.1333333333333
"1999",40.8802,-121.6547,974.8,63.15
"1999",40.9258,-121.5856,1130.8,66.7
"1999",40.9316,-121.5433,919,62.7
"1999",40.9466,-123.6363,141.4,69.2333333333333
"1999",40.97844,-124.10479,64.5,56.5666666666667
"1999",41.0064,-121.9833,518.2,76
"1999",41.0478,-123.6714,114.3,68.2
"1999",41.0519,-120.6861,1554.5,59.1666666666667
"1999",41.0547,-120.3375,1711.5,60.0666666666667
"1999",41.075,-122.3733,731.5,74.6
"1999",41.0975,-123.6358,1088.1,61.6
"1999",41.14167,-123.13917,704.1,67.6
"1999",41.1831,-122.28167,661.1,67.6
"1999",41.19334,-120.94458,1280.8,64.5
"1999",41.24,-120.79,1886.7,53.7
"1999",41.25171,-122.13827,985.4,64.6333333333333
"1999",41.2769,-121.9794,975.4,59.0666666666667
"1999",41.3003,-123.1322,668.1,72.75
"1999",41.30206,-123.53851,122.8,69.4333333333333
"1999",41.3075,-122.7958,955.9,66.3666666666667
"1999",41.314893,-122.317127,1083,62.9666666666667
"1999",41.3156,-122.3156,0,66.8
"1999",41.32175,-122.31725,1101.2,61.9
"1999",41.3322,-120.4725,1332.6,63.2
"1999",41.3378,-122.82484,940.3,62.9666666666667
"1999",41.3619,-124.0191,48.8,56.3
"1999",41.39,-123.4958,280.4,70.4666666666667
"1999",41.4219,-120.9016,1313.7,62.1333333333333
"1999",41.4272,-121.4639,1602.6,66
"1999",41.4342,-120.8678,1314.3,62.9333333333333
"1999",41.4789,-122.4539,893.1,66.45
"1999",41.48362,-120.5615,1335.9,61.7333333333333
"1999",41.49021,-120.54376,1332.9,61.8
"1999",41.53,-120.6714,1530.7,63.5666666666667
"1999",41.5301,-120.1791,1428.9,65.4333333333333
"1999",41.57861,-124.07472,8.5,58.5333333333333
"1999",41.58,-120.3,2142.7,55.7333333333333
"1999",41.5992,-122.9336,1287.8,66.6333333333333
"1999",41.6431,-121.7939,1502.1,62.7333333333333
"1999",41.6853,-122.5942,914.4,67.7
"1999",41.70237,-122.64169,826.6,66.6666666666667
"1999",41.71171,-121.5067,1455.4,63.4333333333333
"1999",41.7417,-121.5383,1453.9,64.2333333333333
"1999",41.775,-122.9503,1674.3,61.3666666666667
"1999",41.7861,-122.0056,1645.9,66.5
"1999",41.7958,-124.2147,13.1,56.4
"1999",41.8386,-122.85,591.3,70.9
"1999",41.8586,-123.3525,1423.4,66.1333333333333
"1999",41.8715,-120.1574,1444.4,63.0666666666667
"1999",41.99,-120.18,2243.3,51.9333333333333
"1999",41.9919,-123.6036,1210.1,62.9666666666667
"2000",32.57583,-116.99391,158.9,68.7333333333333
"2000",32.6058,-116.6089,714.8,72.0333333333333
"2000",32.6261,-116.4681,805,69.4
"2000",32.6263,-116.4699,801.6,71.2
"2000",32.64,-117.0858,17.1,69.6666666666667
"2000",32.7214,-116.4631,1049.4,71.3666666666667
"2000",32.7336,-117.1831,4.6,69.7666666666667
"2000",32.76536,-117.2315,4.3,69.2
"2000",32.76654,-115.56638,-9.1,91.0333333333333
"2000",32.8005,-116.928,150.9,74.8666666666667
"2000",32.81453,-117.13747,127.5,70.4
"2000",32.83464,-115.57656,-16.8,93.1
"2000",32.8358,-116.7774,516.6,74.3
"2000",32.8488,-115.5666,-19.5,90.9333333333333
"2000",32.8569,-116.6222,1060.7,71.9666666666667
"2000",32.8797,-116.4203,1755.6,66.9
"2000",32.9083,-114.4944,91.4,92.7333333333333
"2000",32.9544,-115.5581,-30.5,89.1333333333333
"2000",32.9897,-116.5872,1414.3,68.4666666666667
"2000",32.9903,-116.0669,231.6,94.2
"2000",33.0113,-116.908,448.1,73.1
"2000",33.03801,-116.915979,422,71.4
"2000",33.0736,-116.8458,466.3,72.4
"2000",33.0758,-116.5908,1292.4,72.6666666666667
"2000",33.0763,-116.5925,1284.7,70.4666666666667
"2000",33.0955,-116.9975,128,73.5333333333333
"2000",33.121,-117.09,182.9,74.9666666666667
"2000",33.12993,-117.27651,95.3,68.2
"2000",33.2097,-117.395,3,66.3333333333333
"2000",33.21946,-117.34962,9.1,67.7666666666667
"2000",33.2222,-116.4975,1345.7,75.6666666666667
"2000",33.2354,-117.2322,131.1,73.2333333333333
"2000",33.2372,-117.0086,452,73.2333333333333
"2000",33.2372,-116.7614,823,71.6333333333333
"2000",33.2559,-116.4036,246.9,90.1
"2000",33.2889,-117.4389,30.5,68.9333333333333
"2000",33.3722,-117.3589,279.8,70.3
"2000",33.378,-116.84,1691.6,73.8333333333333
"2000",33.3933,-116.795,838.8,75.2
"2000",33.40419,-118.41456,477,68.75
"2000",33.445,-117.4181,707.1,72.6333333333333
"2000",33.4833,-119.0333,53.6,60.5666666666667
"2000",33.5286,-117.2306,603.5,72.9666666666667
"2000",33.5417,-117.5917,213.4,72.1666666666667
"2000",33.5453,-117.7813,13.4,69.4333333333333
"2000",33.555,-116.673,1194.8,72.1
"2000",33.5697,-116.073,-55.8,90.2
"2000",33.6031,-117.8836,3,66.4666666666667
"2000",33.61388,-114.59813,81.7,91.6
"2000",33.61876,-114.71451,120.4,93.6333333333333
"2000",33.63166,-116.16412,-36,89.4666666666667
"2000",33.6472,-117.4111,926,76.9
"2000",33.6667,-116.7667,1499.6,72.9
"2000",33.67975,-117.86746,13,71.4
"2000",33.686,-117.3458,386.5,79.0666666666667
"2000",33.7025,-117.75389,71.6,71.3666666666667
"2000",33.7044,-115.6289,417.6,88.5
"2000",33.7086,-116.2152,-6.4,92.6333333333333
"2000",33.7381,-116.8939,552,76.3333333333333
"2000",33.7442,-117.8667,41.1,72.6
"2000",33.7572,-116.7066,1639.8,67
"2000",33.7625,-117.4828,342.9,77.3333333333333
"2000",33.7965,-116.9753,464.8,77.4333333333333
"2000",33.8016,-118.3419,27.4,68.9
"2000",33.80807,-115.45138,296.6,92.2
"2000",33.8081,-117.7111,542.8,74.1
"2000",33.81177,-118.14718,10.2,73.9333333333333
"2000",33.82216,-116.50433,124.7,91
"2000",33.8275,-116.5097,129.5,92.85
"2000",33.8647,-117.8425,70.7,73.7666666666667
"2000",33.87154,-117.98561,26.3,73.8666666666667
"2000",33.8767,-117.3089,524.3,74.5
"2000",33.92353,-118.33291,16.6,70.3666666666667
"2000",33.9255,-116.9903,789.7,76.3
"2000",33.93816,-118.3866,29.7,69.1
"2000",33.9511,-117.388,256,78.7
"2000",33.95282,-117.43523,257.7,76.2
"2000",33.96694,-117.36139,300.5,76.8333333333333
"2000",33.97563,-117.62487,193.9,74.2666666666667
"2000",33.9778,-120.0778,395.6,55.7333333333333
"2000",33.9839,-118.01,289.6,73.7
"2000",33.9958,-119.7222,76.2,64.5
"2000",34.005,-118.4139,28,69.8333333333333
"2000",34.0075,-118.49972,4.3,64.8333333333333
"2000",34.0092,-119.6542,243.8,63.8666666666667
"2000",34.0178,-116.1878,1280.2,77.3333333333333
"2000",34.037,-117.1948,429.8,77.4666666666667
"2000",34.0456,-118.9358,15.2,67.7
"2000",34.05314,-117.57689,281.6,76.5333333333333
"2000",34.0583,-118.6333,480.1,73.4333333333333
"2000",34.0608,-114.7322,249.9,93
"2000",34.0678,-118.2417,115.2,72.7333333333333
"2000",34.0697,-118.4427,131.1,69.1666666666667
"2000",34.0836,-117.0347,899.2,76.6333333333333
"2000",34.0842,-118.1003,110.6,75.3
"2000",34.0869,-118.4794,340.5,67.9
"2000",34.1233,-116.4078,993.6,79.0666666666667
"2000",34.125,-118.4122,384,72.8333333333333
"2000",34.128,-116.0369,602,88.0333333333333
"2000",34.13444,-117.25389,347.5,78.4333333333333
"2000",34.1369,-117.7069,501.4,73.5333333333333
"2000",34.1472,-115.1219,281,93.8
"2000",34.1483,-118.1447,263.3,76.2666666666667
"2000",34.1819,-118.5744,240.8,74.7
"2000",34.1847,-118.7172,502.9,75.5333333333333
"2000",34.1866,-118.348,199.6,73.7666666666667
"2000",34.1942,-116.9131,1712.4,68.9666666666667
"2000",34.19806,-119.17528,14.9,66.1333333333333
"2000",34.19966,-118.36543,222.7,74.6666666666667
"2000",34.20012,-119.20417,11.9,64.7
"2000",34.2066,-119.1375,15.8,67.4333333333333
"2000",34.2069,-117.7606,792.5,74.6
"2000",34.2103,-116.6339,1828.8,73.9333333333333
"2000",34.21142,-119.08762,21.6,67.8
"2000",34.21214,-118.49146,239.2,75.6333333333333
"2000",34.2211,-117.4044,627,77.0666666666667
"2000",34.2308,-118.0711,1740.4,72.9
"2000",34.243,-116.917,2058.3,63.0666666666667
"2000",34.2447,-118.525,275.5,76.1
"2000",34.2466,-117.1883,1586.5,71.1
"2000",34.2661,-116.8989,2103.1,61.1666666666667
"2000",34.28964,-114.17137,224.9,94.3
"2000",34.3119,-119.13306,72.2,67.7
"2000",34.3175,-117.5019,1005.8,72.4
"2000",34.3317,-118.0303,1661.2,72.2333333333333
"2000",34.3617,-118.4217,1219.2,73.6666666666667
"2000",34.3617,-117.6386,1828.8,65.6
"2000",34.3903,-118.0825,1530.4,71.2666666666667
"2000",34.3906,-116.5169,883.9,84.1333333333333
"2000",34.3933,-118.5938,538,74.5666666666667
"2000",34.4167,-119.6844,4.9,66.6666666666667
"2000",34.4241,-119.84249,2.5,65.3333333333333
"2000",34.425,-118.525,442,76
"2000",34.4311,-118.6828,389.5,76.1
"2000",34.4458,-118.2,792.5,74.5333333333333
"2000",34.4483,-119.2303,233.2,70.3
"2000",34.4614,-119.6481,457.2,71.1666666666667
"2000",34.5025,-117.8969,945.2,80.3333333333333
"2000",34.5356,-117.0258,1438.7,77
"2000",34.5358,-119.7833,310.9,72.8
"2000",34.5431,-119.1842,1015.3,65.9
"2000",34.5686,-118.7403,1255.8,74.2666666666667
"2000",34.58223,-119.98159,240.5,71.0666666666667
"2000",34.5883,-118.0938,796.1,80.7666666666667
"2000",34.5891,-117.6302,899.2,78.0333333333333
"2000",34.5958,-118.5786,1502.7,75.6
"2000",34.62944,-118.08309,764.7,78.9666666666667
"2000",34.6344,-117.5503,877.8,79.1666666666667
"2000",34.6538,-120.4513,22.9,63.0333333333333
"2000",34.6847,-117.8208,789.4,79.6666666666667
"2000",34.705,-118.4297,932.7,78.2666666666667
"2000",34.7325,-118.3833,841.2,80.2
"2000",34.74121,-118.21255,712.6,79.05
"2000",34.74361,-118.72528,1374.6,71.7333333333333
"2000",34.7455,-120.28,172.2,65.5666666666667
"2000",34.76783,-114.61842,270.6,95.9
"2000",34.8083,-119.0125,1493.5,63.5333333333333
"2000",34.85371,-116.78702,584.8,87.9333333333333
"2000",34.8927,-117.0219,676.7,83.7666666666667
"2000",34.89403,-120.45216,74.2,61.9666666666667
"2000",34.9436,-115.5469,1325.9,81.5
"2000",34.9455,-119.6827,658.4,73
"2000",35.0233,-118.7497,434.3,79.7333333333333
"2000",35.0492,-118.1619,833.6,81.05
"2000",35.0531,-116.0794,289.6,92.85
"2000",35.0964,-119.7728,759,77.7333333333333
"2000",35.1011,-118.4222,1286.3,70.8
"2000",35.1231,-115.4114,1649.9,74.2
"2000",35.1503,-119.43,235.6,79.6666666666667
"2000",35.1542,-117.1756,987.6,81.2666666666667
"2000",35.1597,-120.683,11.9,62.1666666666667
"2000",35.1792,-120.3919,319.4,68.3
"2000",35.1889,-120.0833,1149.1,73.1
"2000",35.23815,-120.64406,55.8,65.2666666666667
"2000",35.27611,-116.06278,293.2,92.2666666666667
"2000",35.3056,-120.6619,93.9,65.9333333333333
"2000",35.367,-120.8447,36,57.8666666666667
"2000",35.3692,-117.6525,1088.1,80.7666666666667
"2000",35.37,-117.5683,1103.4,81.1
"2000",35.3811,-120.1875,496.8,72.4333333333333
"2000",35.4028,-119.47,68.6,79.4333333333333
"2000",35.4186,-119.0508,143.3,79.7
"2000",35.43424,-119.05524,149.3,80.2333333333333
"2000",35.4783,-117.6989,1338.1,79.5666666666667
"2000",35.5892,-119.352,88.7,79
"2000",35.6277,-120.6855,222.5,69.7
"2000",35.6513,-117.8213,740.7,84.3333333333333
"2000",35.6564,-120.9242,303,70.3
"2000",35.6647,-118.0569,1698.3,75.4333333333333
"2000",35.66556,-121.28472,18,55.6333333333333
"2000",35.66936,-120.62918,249.8,73.5
"2000",35.6841,-121.1683,465.1,67.3
"2000",35.7217,-118.4989,960.1,76.9333333333333
"2000",35.7269,-118.7006,957.1,67.9
"2000",35.755,-118.4167,829.1,79.9
"2000",35.7636,-117.3908,516.6,87.85
"2000",35.7706,-115.9092,1524,79.9
"2000",35.7831,-118.4389,823.9,78.2666666666667
"2000",35.8717,-117.9183,1264.9,83.3
"2000",35.8842,-118.0517,2507.9,64.6
"2000",35.8889,-118.6333,1133.9,73.1666666666667
"2000",35.8922,-118.915,64,77.8666666666667
"2000",35.8989,-120.4319,467.9,72.9333333333333
"2000",35.9717,-118.545,1432.6,65.0666666666667
"2000",36.0333,-120.0569,246.9,80.5666666666667
"2000",36.06778,-119.02,119.8,81.3333333333333
"2000",36.0931,-118.2603,2499.4,60.8333333333333
"2000",36.0975,-119.5817,61,79.6333333333333
"2000",36.1203,-117.0878,2097,72.5333333333333
"2000",36.1356,-120.3606,204.2,79.95
"2000",36.1388,-117.9527,1165.9,78.2
"2000",36.1753,-118.7017,987.6,76.8333333333333
"2000",36.18833,-120.69528,701,70.2333333333333
"2000",36.2032,-119.0545,132.6,78.6333333333333
"2000",36.2069,-121.1377,97.5,68.5666666666667
"2000",36.23,-121.4917,298.7,71.9333333333333
"2000",36.2472,-121.7802,61,61.6
"2000",36.3114,-119.62319,76,78.05
"2000",36.3158,-119.637,72.2,79.6
"2000",36.32833,-119.2997,92.4,78.5333333333333
"2000",36.3478,-120.5978,1524,70.2666666666667
"2000",36.3642,-120.1561,86.9,76.6
"2000",36.3817,-119.0264,156.4,79.4666666666667
"2000",36.3825,-120.8558,1137.8,73.6666666666667
"2000",36.3886,-121.5517,574.5,66.6
"2000",36.4069,-118.4217,2621.3,61.9666666666667
"2000",36.445,-118.7033,1597.2,72.7
"2000",36.46263,-116.8672,-59.1,99.8
"2000",36.4819,-121.1822,398.4,70.7666666666667
"2000",36.4914,-118.8253,520.6,79.9333333333333
"2000",36.5625,-117.4736,2097,68.8666666666667
"2000",36.5672,-118.9556,1240.2,73.3666666666667
"2000",36.59041,-121.84881,48.8,59.5666666666667
"2000",36.5927,-121.8555,37.2,59.98
"2000",36.6044,-118.7325,2052.8,58.85
"2000",36.6594,-121.6663,13.7,61.8
"2000",36.66352,-121.60928,22.3,61.7666666666667
"2000",36.715,-121.34917,275.8,65.7333333333333
"2000",36.7242,-118.9425,2298.2,63.7
"2000",36.7267,-118.675,2475,63.3
"2000",36.7269,-120.7658,619.4,77.4666666666667
"2000",36.73751,-118.96197,2005.6,61.9666666666667
"2000",36.7672,-119.7092,103,79.5666666666667
"2000",36.77999,-119.72016,101.9,79.9333333333333
"2000",36.7878,-118.6561,1438.7,67.7666666666667
"2000",36.798,-118.2036,1204,80.4333333333333
"2000",36.8425,-118.2594,1479.8,78.1333333333333
"2000",36.9092,-119.0883,528.8,79.15
"2000",36.9111,-119.305,469.4,78.9333333333333
"2000",36.9308,-121.7691,29,62.35
"2000",36.93936,-121.79001,49.5,61.4666666666667
"2000",36.9539,-120.0378,82.3,77.5
"2000",36.9614,-119.175,1538.6,70.6
"2000",36.98505,-120.11068,76.6,77.1333333333333
"2000",36.98785,-121.99952,21.3,61.9333333333333
"2000",36.98972,-120.92972,124.1,78.1
"2000",36.9911,-121.7978,137.2,66.1
"2000",36.99574,-119.70691,131.1,78.5666666666667
"2000",37.003,-121.5608,59.1,70.05
"2000",37.0153,-119.5678,366.1,75.6
"2000",37.05333,-121.05778,84.4,76.5666666666667
"2000",37.0544,-119.3711,1249.7,73.2666666666667
"2000",37.0547,-121.0531,106.7,75.9
"2000",37.0563,-120.8666,36.6,76.9
"2000",37.0664,-119.0394,1727.6,59.85
"2000",37.08689,-122.08221,132.6,66.9333333333333
"2000",37.0919,-119.5128,637,79.2
"2000",37.1317,-122.17,801.6,69.7
"2000",37.135,-119.2561,1751.4,62.3
"2000",37.2028,-121.9428,609.6,70.0666666666667
"2000",37.2064,-119.2419,1486.8,71.2
"2000",37.2275,-119.22056,2139.7,58.9
"2000",37.2319,-121.9592,111.3,68.45
"2000",37.2319,-119.5083,963.2,76.7333333333333
"2000",37.2329,-119.5097,806.2,75.45
"2000",37.2331,-119.5047,829.1,77.5333333333333
"2000",37.2811,-121.0177,27.4,75.8
"2000",37.28597,-120.51788,46.5,75.7
"2000",37.2888,-120.5158,46.9,77.7
"2000",37.3053,-122.255,265.8,61.9666666666667
"2000",37.31167,-122.36167,83.8,58.3
"2000",37.3292,-121.2939,563.9,75.0666666666667
"2000",37.34336,-121.63473,1286.3,68.9
"2000",37.3581,-122.1472,196.6,68.0333333333333
"2000",37.35938,-121.92444,15,67.8666666666667
"2000",37.37114,-118.35886,1252.8,74.6
"2000",37.3738,-117.9802,1592.6,74.4
"2000",37.3761,-119.1783,2748.7,58.3
"2000",37.39,-118.5506,1414.3,77.7666666666667
"2000",37.4058,-122.0481,11.9,66.3333333333333
"2000",37.4094,-119.7681,937.9,79.8666666666667
"2000",37.4286,-122.2561,115.8,70.1
"2000",37.4681,-120.1106,365.8,78.8333333333333
"2000",37.4725,-122.4433,8.2,58.3
"2000",37.475,-122.2981,196.3,66.0333333333333
"2000",37.4767,-122.2386,9.4,67.1
"2000",37.4783,-118.4078,1371.6,71.9
"2000",37.5019,-121.7355,932.7,69.0666666666667
"2000",37.50193,-120.84566,31.4,76.2
"2000",37.5042,-119.9869,680,75.5
"2000",37.5122,-119.6331,1538.3,61.6333333333333
"2000",37.5128,-119.6047,1950.7,67.9
"2000",37.5147,-122.0325,3,67.4666666666667
"2000",37.5422,-122.0158,11.6,68.2333333333333
"2000",37.5514,-118.6672,2145.8,64.7333333333333
"2000",37.5531,-121.8439,374.9,66.2333333333333
"2000",37.5625,-122.4364,327.7,59.6
"2000",37.59167,-122.47167,144.8,58.7333333333333
"2000",37.61962,-122.36562,3.2,62.6
"2000",37.62544,-120.95492,26.5,75.7333333333333
"2000",37.63,-119.0933,2304.3,56.0333333333333
"2000",37.6478,-118.9617,2378.7,58.8
"2000",37.65886,-122.12116,9.6,65.1
"2000",37.6819,-121.3466,41.1,72.3333333333333
"2000",37.68194,-121.75139,161.2,71.4
"2000",37.69309,-121.8149,119.7,70.0666666666667
"2000",37.7119,-121.8136,243.8,68.7666666666667
"2000",37.7178,-122.23301,1.5,62.4333333333333
"2000",37.728,-122.5052,2.4,57.1333333333333
"2000",37.745,-118.9833,2316.5,58.75
"2000",37.75027,-119.58972,1224.7,71.9
"2000",37.7617,-119.8247,2025.1,63.8666666666667
"2000",37.7705,-122.4269,45.7,59.5
"2000",37.7861,-122.1447,333.8,63.2666666666667
"2000",37.79589,-121.58319,18.6,75.2
"2000",37.7983,-122.2642,9.1,63.45
"2000",37.8172,-121.7789,621.8,71.8333333333333
"2000",37.8233,-120.0975,975.4,70.2666666666667
"2000",37.8331,-120.5,310.9,75.8666666666667
"2000",37.8339,-122.0669,536.4,67.4333333333333
"2000",37.8431,-118.4778,1661.2,71.25
"2000",37.8444,-120.2258,853.4,70.4
"2000",37.8511,-119.65,2446,56.9333333333333
"2000",37.865,-122.2208,427.6,62.2666666666667
"2000",37.8744,-122.2605,94.5,63.5333333333333
"2000",37.8792,-121.9303,661.4,69.3
"2000",37.8817,-121.9142,1173.2,71.4
"2000",37.88997,-121.22637,8.3,74.5333333333333
"2000",37.9191,-122.3772,6.1,63.0333333333333
"2000",37.9442,-122.1178,442,66.6666666666667
"2000",37.95,-121.8844,487.7,69.9666666666667
"2000",37.9566,-122.5447,44.2,67.7666666666667
"2000",37.9567,-119.1194,2071.7,66.4
"2000",37.9613,-119.783,1179.6,71.3
"2000",37.9672,-120.3872,510.5,71.0333333333333
"2000",37.9747,-119.9161,1452.4,70.6
"2000",37.9833,-121.7525,18.3,73.75
"2000",37.99165,-122.05268,7,71.9666666666667
"2000",37.9983,-122.5372,36.6,65.9
"2000",37.9994,-121.3177,3.7,73.4
"2000",38.0047,-120.4863,292.6,76.75
"2000",38.0131,-122.1142,12.2,70.0333333333333
"2000",38.0281,-122.7022,378,62.0666666666667
"2000",38.0631,-120.2469,1503.6,70.5333333333333
"2000",38.07,-119.23,2878.8,57.7
"2000",38.1061,-121.2877,12.2,72.8
"2000",38.2075,-122.28041,4.7,64.8
"2000",38.2119,-119.0142,2551.2,52.8
"2000",38.2428,-120.515,780,74.1333333333333
"2000",38.2486,-120.8433,200.6,77.5
"2000",38.2575,-119.2286,1972.1,60.5666666666667
"2000",38.2577,-122.6077,6.1,65.1333333333333
"2000",38.2736,-122.0677,12.2,71.9
"2000",38.2769,-120.3113,1431,64.4333333333333
"2000",38.2777,-122.2647,10.7,68.0333333333333
"2000",38.28,-119.61,2931.3,50.4333333333333
"2000",38.3,-119.55,2194,57.8333333333333
"2000",38.31,-119.6,2690.5,55.9
"2000",38.3772,-120.8008,483.4,74.6
"2000",38.37753,-121.95854,31.7,74.3333333333333
"2000",38.3858,-122.9661,263.7,63.6333333333333
"2000",38.3894,-120.6511,902.2,75.7666666666667
"2000",38.39556,-121.96083,33.5,75.2
"2000",38.4305,-122.8647,61,64.3333333333333
"2000",38.44,-119.37,2814.2,54.9666666666667
"2000",38.45579,-122.71335,50.6,65.35
"2000",38.4786,-122.7119,175.6,66.1
"2000",38.4883,-120.325,1524,71.6333333333333
"2000",38.4916,-122.1241,146.3,73.6333333333333
"2000",38.492,-122.0039,57,76
"2000",38.50369,-122.81101,36.2,66.1333333333333
"2000",38.50659,-121.49604,5.9,73.1
"2000",38.5066,-122.4713,68.6,70.6666666666667
"2000",38.51,-119.63,2357.9,54.7333333333333
"2000",38.5252,-121.9777,41.1,76.7333333333333
"2000",38.5349,-121.7761,18.3,73.7666666666667
"2000",38.55,-119.8,2671.6,54.65
"2000",38.5552,-121.4183,11.6,76.0666666666667
"2000",38.573,-122.4405,522.7,68.5333333333333
"2000",38.5908,-120.9336,275.8,72.8
"2000",38.61,-119.92,2455.8,55.4333333333333
"2000",38.62935,-122.86646,53.9,71.1
"2000",38.67,-119.82,1863.9,63.0666666666667
"2000",38.67,-119.61,2532.9,57.5666666666667
"2000",38.6829,-121.794,20.4,75.1
"2000",38.6833,-119.7667,1676.7,65.8
"2000",38.69194,-119.78028,1685.5,62.9333333333333
"2000",38.6955,-120.8244,563.9,75.55
"2000",38.70069,-121.59479,7.5,73.8333333333333
"2000",38.7333,-120.245,1597.2,65.7666666666667
"2000",38.7383,-122.1447,107.9,76.9333333333333
"2000",38.7817,-122.9169,609.6,69.0333333333333
"2000",38.79296,-123.0263,121.9,72.1
"2000",38.8325,-121.0086,365.8,72.7333333333333
"2000",38.8489,-120.0181,1923.3,60.3666666666667
"2000",38.85,-120.08,2337.8,59.8
"2000",38.85,-119.94,2370.1,55.2333333333333
"2000",38.8619,-122.4172,670.6,72.7333333333333
"2000",38.8825,-121.2683,61,75.8
"2000",38.89838,-119.99617,1907,58.3
"2000",38.9056,-120.6972,1426.5,72.8
"2000",38.9072,-121.0838,393.8,75.5666666666667
"2000",38.9119,-122.7064,659.3,74.6666666666667
"2000",38.92,-119.92,2615.8,53.6333333333333
"2000",38.9238,-122.5672,411.2,71.7
"2000",38.93,-120.05,1900.7,56.65
"2000",38.933,-120.8008,914.7,75.7
"2000",38.9875,-123.3486,196.3,68.0666666666667
"2000",39,-120.13,2343.6,61.45
"2000",39.0189,-122.4119,635.5,77.1333333333333
"2000",39.0717,-120.4217,1597.2,67.7666666666667
"2000",39.0901,-120.947,723.3,71.0666666666667
"2000",39.1258,-123.0736,975.4,71.8
"2000",39.14,-120.22,2028.4,56.7
"2000",39.1458,-121.5852,17.4,77.2
"2000",39.1466,-123.2102,193.9,71.0666666666667
"2000",39.1678,-120.1428,1898.9,60.0333333333333
"2000",39.17,-120.15,2071.7,59.7
"2000",39.1836,-120.8847,861.4,71.5666666666667
"2000",39.1875,-122.0269,15.2,74.5333333333333
"2000",39.19,-120.26,2447.2,57
"2000",39.2041,-121.068,731.5,70.1
"2000",39.2083,-122.8083,1475.2,69.7333333333333
"2000",39.2466,-121.0008,847.6,70.5
"2000",39.27617,-120.70927,1611.2,66.3
"2000",39.3,-120.18,1983.9,63.1666666666667
"2000",39.3036,-121.1172,617.2,75.9666666666667
"2000",39.3167,-120.8375,1316.7,71.5666666666667
"2000",39.31833,-120.63917,1571.5,62.7
"2000",39.3239,-120.2331,1809.6,60.4333333333333
"2000",39.33,-120.37,2089.4,57.8333333333333
"2000",39.333,-120.173,1774.9,61.2333333333333
"2000",39.3528,-123.6011,180.7,63.1333333333333
"2000",39.3575,-121.2011,499.9,72.3
"2000",39.35917,-122.51778,367.3,72.6
"2000",39.3619,-123.1286,310.3,71.7
"2000",39.3669,-122.575,365.8,74.8666666666667
"2000",39.3886,-120.0936,1699.3,58.4
"2000",39.3975,-121.3861,244.8,75.2333333333333
"2000",39.4194,-123.3425,412.4,62.7333333333333
"2000",39.425,-122.9772,540.4,69.9666666666667
"2000",39.43,-120.31,2545.7,58.9666666666667
"2000",39.43167,-120.24056,1931.5,54.8
"2000",39.45,-120.29,2134.5,56.8666666666667
"2000",39.475,-121.2025,1132,73.7
"2000",39.4833,-120.075,2093.1,63.6666666666667
"2000",39.49,-120.28,1967.8,57.2666666666667
"2000",39.4943,-121.62226,56.9,76.5666666666667
"2000",39.51,-123.75639,37.5,56.4
"2000",39.52316,-122.3048,71.3,73.9666666666667
"2000",39.53194,-121.1611,1130.8,65.6666666666667
"2000",39.5633,-120.8238,888.5,68.3
"2000",39.5833,-120.3705,1516.4,60.3
"2000",39.5861,-122.5341,243.8,74.3666666666667
"2000",39.6514,-122.7236,1310.6,67.9666666666667
"2000",39.6681,-123.3211,740.1,68.9333333333333
"2000",39.6911,-121.8211,56.4,75.3
"2000",39.7119,-121.7789,70.1,75.3666666666667
"2000",39.7458,-122.1997,77.4,75.6333333333333
"2000",39.7538,-121.6241,533.4,76.4
"2000",39.7833,-121.3667,1341.1,71.8666666666667
"2000",39.8053,-120.4719,1478.3,61.9
"2000",39.8158,-123.2444,430.7,69.1
"2000",39.8333,-123.0833,457.2,73.7333333333333
"2000",39.8644,-122.6097,317,80.2
"2000",39.8716,-121.6108,826,72.0666666666667
"2000",39.8717,-121.7689,528.2,78.1666666666667
"2000",39.87778,-123.7275,260,65.9
"2000",39.9278,-122.6569,1131.7,71.9333333333333
"2000",39.9366,-120.9475,1042.4,65.9
"2000",39.9389,-122.1697,89.6,76.9666666666667
"2000",39.9717,-120.0828,1338.1,66.2666666666667
"2000",39.9733,-120.9419,1066.8,68.4
"2000",40.0222,-120.1056,1292.4,69.5333333333333
"2000",40.02611,-123.79306,153.3,65.8
"2000",40.03306,-124.07278,75,58.2
"2000",40.0686,-121.5825,1466.7,69.8
"2000",40.1417,-120.3533,1767.8,69.6
"2000",40.15186,-122.25478,108,77.9666666666667
"2000",40.1705,-121.0886,1389.9,64.5333333333333
"2000",40.1867,-123.5903,281.3,68.8
"2000",40.2461,-120.6422,1737.4,65.5333333333333
"2000",40.2569,-124.2661,899.2,62.4
"2000",40.295,-122.8667,1066.8,71.6
"2000",40.30209,-121.24391,1387.1,63.3
"2000",40.3067,-120.9,1767.8,65.8
"2000",40.3375,-123.0656,1378.8,68.9
"2000",40.3442,-121.7136,1267.7,71.9666666666667
"2000",40.3458,-121.6091,1485.9,60.4666666666667
"2000",40.3983,-122.8333,579.1,76.5
"2000",40.4167,-120.6631,1283.8,69.1
"2000",40.4633,-123.5239,845.8,66.3
"2000",40.4808,-120.1139,1339.6,66.2333333333333
"2000",40.4833,-124.1038,41.5,62.1666666666667
"2000",40.4863,-123.9088,125.9,60.5333333333333
"2000",40.505,-123.3417,1219.2,66.5
"2000",40.51462,-122.29773,152.6,78.2333333333333
"2000",40.54,-121.5803,1725.2,59.1666666666667
"2000",40.5411,-121.5766,1752.6,59.4333333333333
"2000",40.55,-123.165,708.1,69
"2000",40.5981,-121.0831,1722.1,57.5666666666667
"2000",40.6116,-122.528,394.7,78.9333333333333
"2000",40.6194,-121.8994,736.7,75.4333333333333
"2000",40.6306,-120.5028,1554.5,65.4
"2000",40.7141,-122.4161,327.7,79.9666666666667
"2000",40.7263,-122.7947,567.2,70.8666666666667
"2000",40.7308,-120.3164,1614.8,65.4333333333333
"2000",40.7333,-123.2333,457.2,74.3666666666667
"2000",40.735,-122.9433,640.1,71.7
"2000",40.73529,-122.9441,627.3,70.5666666666667
"2000",40.7405,-123.2077,381.9,72.2666666666667
"2000",40.7817,-120.7844,1877,62.5
"2000",40.7864,-122.8045,1008.3,70.3666666666667
"2000",40.7964,-123.9367,512.1,61.7333333333333
"2000",40.8072,-121.2967,1752.6,66.1
"2000",40.8097,-124.1602,6.1,58.1333333333333
"2000",40.9167,-122.4383,1280.2,74.5666666666667
"2000",40.9258,-121.5856,1130.8,69.6333333333333
"2000",40.9316,-121.5433,919,65.9666666666667
"2000",40.9466,-123.6363,141.4,72.1
"2000",40.97844,-124.10479,64.5,57.3333333333333
"2000",41.0064,-121.9833,518.2,76.1666666666667
"2000",41.0478,-123.6714,114.3,70.5333333333333
"2000",41.0519,-120.6861,1554.5,61.9666666666667
"2000",41.0547,-120.3375,1711.5,62.8
"2000",41.075,-122.3733,731.5,75.4666666666667
"2000",41.0975,-123.6358,1088.1,65.4666666666667
"2000",41.1117,-122.6967,1341.1,71.1
"2000",41.14167,-123.13917,704.1,68.25
"2000",41.1831,-122.28167,661.1,69.8333333333333
"2000",41.24,-120.79,1886.7,55.8333333333333
"2000",41.25171,-122.13827,985.4,67.0333333333333
"2000",41.2769,-121.9794,975.4,61.2666666666667
"2000",41.2944,-120.8639,1463,66.8333333333333
"2000",41.3003,-123.1322,668.1,73.0333333333333
"2000",41.30206,-123.53851,122.8,71.4666666666667
"2000",41.3075,-122.7958,955.9,68.5
"2000",41.314893,-122.317127,1083,65.1666666666667
"2000",41.3156,-122.3156,0,67.7666666666667
"2000",41.32175,-122.31725,1101.2,65.65
"2000",41.3322,-120.4725,1332.6,66.1
"2000",41.3378,-122.82484,940.3,65.5
"2000",41.3619,-124.0191,48.8,58.05
"2000",41.39,-123.4958,280.4,72.8666666666667
"2000",41.4219,-120.9016,1313.7,63.4
"2000",41.4272,-121.4639,1602.6,66.8
"2000",41.4342,-120.8678,1314.3,65.1
"2000",41.4789,-122.4539,893.1,70.25
"2000",41.48362,-120.5615,1335.9,63.6
"2000",41.49021,-120.54376,1332.9,63.8
"2000",41.53,-120.6714,1530.7,72.0333333333333
"2000",41.5301,-120.1791,1428.9,68.2333333333333
"2000",41.57861,-124.07472,8.5,59.2666666666667
"2000",41.58,-120.3,2142.7,59.6
"2000",41.5992,-122.9336,1287.8,72.6
"2000",41.6431,-121.7939,1502.1,65.9333333333333
"2000",41.6853,-122.5942,914.4,72.5
"2000",41.70237,-122.64169,826.6,69.5333333333333
"2000",41.71171,-121.5067,1455.4,66.1666666666667
"2000",41.7417,-121.5383,1453.9,66.9333333333333
"2000",41.775,-122.9503,1674.3,64.7666666666667
"2000",41.7861,-122.0056,1645.9,65.9666666666667
"2000",41.7958,-124.2147,13.1,57.9
"2000",41.8386,-122.85,591.3,71.4
"2000",41.8458,-123.9792,152.4,66.95
"2000",41.8586,-123.3525,1423.4,69.1666666666667
"2000",41.8715,-120.1574,1444.4,65.4
"2000",41.89,-120.75,1575.8,60.7
"2000",41.99,-120.18,2243.3,55.6
"2000",41.9919,-123.6036,1210.1,64.3333333333333
"2001",32.57583,-116.99391,158.9,68.0666666666667
"2001",32.6058,-116.6089,714.8,71.9
"2001",32.6261,-116.4681,805,69.5
"2001",32.6263,-116.4699,801.6,71.5333333333333
"2001",32.64,-117.0858,17.1,68.5666666666667
"2001",32.69219,-117.20983,4.4,68.3333333333333
"2001",32.7214,-116.4631,1049.4,70.4
"2001",32.7336,-117.1831,4.6,68.7333333333333
"2001",32.7397,-114.8839,66.1,93.6
"2001",32.76536,-117.2315,4.3,67.2666666666667
"2001",32.76654,-115.56638,-9.1,88.7
"2001",32.7675,-117.0233,161.5,72.1
"2001",32.8005,-116.928,150.9,73.25
"2001",32.81453,-117.13747,127.5,69.7
"2001",32.83241,-115.66377,-14.1,91.3
"2001",32.8336,-116.7392,622.1,74.8666666666667
"2001",32.83464,-115.57656,-16.8,90.8666666666667
"2001",32.8358,-116.7774,516.6,72.2
"2001",32.8488,-115.5666,-19.5,91.2666666666667
"2001",32.8569,-116.6222,1060.7,71.8333333333333
"2001",32.86667,-117.13333,145.4,71.05
"2001",32.8797,-116.4203,1755.6,68.15
"2001",32.9083,-114.4944,91.4,93.5
"2001",32.9544,-115.5581,-30.5,89.7333333333333
"2001",32.9736,-115.1736,84.7,93.2666666666667
"2001",32.9897,-116.5872,1414.3,69.0666666666667
"2001",32.9903,-116.0669,231.6,95.0333333333333
"2001",33.0113,-116.908,448.1,71.2666666666667
"2001",33.0164,-116.6339,0,71.1
"2001",33.03801,-116.915979,422,70.2333333333333
"2001",33.0736,-116.8458,466.3,71.8
"2001",33.0758,-116.5908,1292.4,73.9666666666667
"2001",33.0763,-116.5925,1284.7,71.85
"2001",33.0955,-116.9975,128,72.8
"2001",33.121,-117.09,182.9,73.6
"2001",33.12993,-117.27651,95.3,67.2666666666667
"2001",33.2097,-117.395,3,65.3333333333333
"2001",33.21946,-117.34962,9.1,67.8666666666667
"2001",33.2222,-116.4975,1345.7,74.3
"2001",33.2354,-117.2322,131.1,69.1666666666667
"2001",33.2372,-117.0086,452,72.8666666666667
"2001",33.2372,-116.7614,823,71.5333333333333
"2001",33.2559,-116.4036,246.9,90.6333333333333
"2001",33.2889,-117.4389,30.5,67.8666666666667
"2001",33.30424,-117.35508,21.4,68.1
"2001",33.3722,-117.3589,279.8,69.5
"2001",33.378,-116.84,1691.6,72.8333333333333
"2001",33.3814,-117.2856,325.5,71.8
"2001",33.3933,-116.795,838.8,76.5333333333333
"2001",33.40419,-118.41456,477,67
"2001",33.445,-117.4181,707.1,72.8
"2001",33.4781,-117.4858,366.7,71.5333333333333
"2001",33.5286,-117.2306,603.5,72.6
"2001",33.5417,-117.5917,213.4,71.1
"2001",33.5453,-117.7813,13.4,67.2666666666667
"2001",33.555,-116.673,1194.8,72
"2001",33.5697,-116.073,-55.8,93.3
"2001",33.6031,-117.8836,3,66.3333333333333
"2001",33.61388,-114.59813,81.7,91.5333333333333
"2001",33.61876,-114.71451,120.4,92.2333333333333
"2001",33.63166,-116.16412,-36,88.9666666666667
"2001",33.6472,-117.4111,926,77.4333333333333
"2001",33.6667,-116.7667,1499.6,72.0333333333333
"2001",33.67975,-117.86746,13,70.3
"2001",33.686,-117.3458,386.5,78.9
"2001",33.7025,-117.75389,71.6,72.9
"2001",33.7044,-115.6289,417.6,87.8
"2001",33.7155,-117.19,432.8,80.6
"2001",33.7381,-116.8939,552,77.6
"2001",33.7442,-117.8667,41.1,71.2666666666667
"2001",33.7572,-116.7066,1639.8,69.2333333333333
"2001",33.7625,-117.4828,342.9,77.0333333333333
"2001",33.7965,-116.9753,464.8,78.65
"2001",33.8016,-118.3419,27.4,67.5333333333333
"2001",33.80807,-115.45138,296.6,92
"2001",33.8081,-117.7111,542.8,74.0666666666667
"2001",33.81177,-118.14718,10.2,71.2333333333333
"2001",33.82216,-116.50433,124.7,91.3
"2001",33.8275,-116.5097,129.5,92.75
"2001",33.8647,-117.8425,70.7,72.8666666666667
"2001",33.87154,-117.98561,26.3,72.4333333333333
"2001",33.8744,-117.5492,195.1,76.2666666666667
"2001",33.8767,-117.3089,524.3,73
"2001",33.92353,-118.33291,16.6,68.3666666666667
"2001",33.9255,-116.9903,789.7,75.4
"2001",33.93816,-118.3866,29.7,67.8666666666667
"2001",33.9511,-117.388,256,77.9
"2001",33.95282,-117.43523,257.7,74.9333333333333
"2001",33.96694,-117.36139,300.5,76.0333333333333
"2001",33.97563,-117.62487,193.9,73.2333333333333
"2001",33.9778,-120.0778,395.6,58.0666666666667
"2001",33.9839,-118.01,289.6,73.5333333333333
"2001",33.9958,-119.7222,76.2,64.3
"2001",34.005,-118.4139,28,68.6333333333333
"2001",34.0075,-118.49972,4.3,63.75
"2001",34.0092,-119.6542,243.8,62.3333333333333
"2001",34.0178,-116.1878,1280.2,77.8666666666667
"2001",34.0191,-118.1052,75,74.5
"2001",34.02099,-118.44712,53.3,66.6
"2001",34.037,-117.1948,429.8,76.3666666666667
"2001",34.0456,-118.9358,15.2,65.9666666666667
"2001",34.05314,-117.57689,281.6,75.8333333333333
"2001",34.0583,-118.6333,480.1,72.3333333333333
"2001",34.0608,-114.7322,249.9,92.8
"2001",34.0678,-118.2417,115.2,71.2333333333333
"2001",34.0697,-118.4427,131.1,67.7666666666667
"2001",34.0816,-117.7658,304.5,74.65
"2001",34.0836,-117.0347,899.2,76.4333333333333
"2001",34.0842,-118.1003,110.6,74.3
"2001",34.1208,-117.9458,152.4,73.6
"2001",34.1233,-116.4078,993.6,79.7666666666667
"2001",34.12407,-119.12281,3.8,63.2
"2001",34.125,-118.4122,384,71.8333333333333
"2001",34.128,-116.0369,602,87.8333333333333
"2001",34.13444,-117.25389,347.5,77.8
"2001",34.1369,-117.7069,501.4,73.3666666666667
"2001",34.1472,-115.1219,281,93.4
"2001",34.1483,-118.1447,263.3,75.45
"2001",34.1819,-118.5744,240.8,75.7
"2001",34.1847,-118.7172,502.9,74.9333333333333
"2001",34.1866,-118.348,199.6,72.9
"2001",34.1942,-116.9131,1712.4,67.3666666666667
"2001",34.19806,-119.17528,14.9,64.9666666666667
"2001",34.19966,-118.36543,222.7,73.8666666666667
"2001",34.20012,-119.20417,11.9,63.2666666666667
"2001",34.2066,-119.1375,15.8,66.2
"2001",34.2069,-117.7606,792.5,76
"2001",34.2103,-116.6339,1828.8,74.0666666666667
"2001",34.21142,-119.08762,21.6,66.1333333333333
"2001",34.21214,-118.49146,239.2,74.9
"2001",34.2211,-117.4044,627,77.55
"2001",34.2308,-118.0711,1740.4,72.9
"2001",34.243,-116.917,2058.3,64.8
"2001",34.2447,-118.525,275.5,75.2
"2001",34.2466,-117.1883,1586.5,70.75
"2001",34.2661,-116.8989,2103.1,61.8
"2001",34.28964,-114.17137,224.9,94.3666666666667
"2001",34.294,-116.14722,610.5,87.6333333333333
"2001",34.3175,-117.5019,1005.8,72.6
"2001",34.3317,-118.0303,1661.2,72.6333333333333
"2001",34.3617,-118.4217,1219.2,74.1666666666667
"2001",34.3617,-117.6386,1828.8,66.1333333333333
"2001",34.3903,-118.0825,1530.4,71.7333333333333
"2001",34.3906,-116.5169,883.9,84.1333333333333
"2001",34.3933,-118.5938,538,74.4
"2001",34.4167,-119.6844,4.9,65.8333333333333
"2001",34.4241,-119.84249,2.5,63.7
"2001",34.425,-118.525,442,76.1
"2001",34.4311,-118.6828,389.5,76.2333333333333
"2001",34.4458,-118.2,792.5,75.1666666666667
"2001",34.4477,-119.2275,227.1,71.5
"2001",34.4483,-119.2303,233.2,68.9333333333333
"2001",34.4614,-119.6481,457.2,70.8
"2001",34.4806,-118.7556,347.5,76.7
"2001",34.5025,-117.8969,945.2,80.4666666666667
"2001",34.52527,-117.29638,850.1,79.9333333333333
"2001",34.5356,-117.0258,1438.7,77.2
"2001",34.5358,-119.7833,310.9,74.1666666666667
"2001",34.5431,-119.1842,1015.3,66.2333333333333
"2001",34.5686,-118.7403,1255.8,75.1666666666667
"2001",34.58223,-119.98159,240.5,71.7666666666667
"2001",34.5883,-118.0938,796.1,80.5
"2001",34.5891,-117.6302,899.2,77.8
"2001",34.5958,-118.5786,1502.7,75.8666666666667
"2001",34.62944,-118.08309,764.7,80.5333333333333
"2001",34.6344,-117.5503,877.8,79.5666666666667
"2001",34.6538,-120.4513,22.9,63.2333333333333
"2001",34.6847,-117.8208,789.4,80.5333333333333
"2001",34.705,-118.4297,932.7,78.9
"2001",34.7325,-118.3833,841.2,80.5333333333333
"2001",34.74121,-118.21255,712.6,80.7666666666667
"2001",34.74361,-118.72528,1374.6,72.2
"2001",34.7455,-120.28,172.2,66.1
"2001",34.76783,-114.61842,270.6,94.8
"2001",34.8083,-119.0125,1493.5,64.3333333333333
"2001",34.85371,-116.78702,584.8,87.5
"2001",34.89403,-120.45216,74.2,62.6
"2001",34.9436,-115.5469,1325.9,79.95
"2001",34.9455,-119.6827,658.4,75.7
"2001",34.988,-120.3211,177.4,66.8333333333333
"2001",35.0233,-118.7497,434.3,81.2
"2001",35.0492,-118.1619,833.6,82.1333333333333
"2001",35.0531,-116.0794,289.6,92.2333333333333
"2001",35.0964,-119.7728,759,78.2666666666667
"2001",35.1011,-118.4222,1286.3,69.95
"2001",35.1231,-115.4114,1649.9,74.1
"2001",35.1503,-119.43,235.6,78.4
"2001",35.1542,-117.1756,987.6,81.7666666666667
"2001",35.1792,-120.3919,319.4,68.1333333333333
"2001",35.1889,-120.0833,1149.1,72.3666666666667
"2001",35.23815,-120.64406,55.8,64.6
"2001",35.27611,-116.06278,293.2,92.4333333333333
"2001",35.3056,-120.6619,93.9,66.2
"2001",35.367,-120.8447,36,58.0666666666667
"2001",35.3692,-117.6525,1088.1,81.4666666666667
"2001",35.37,-117.5683,1103.4,82.4
"2001",35.3811,-120.1875,496.8,72.8666666666667
"2001",35.4028,-119.47,68.6,80.8333333333333
"2001",35.4186,-119.0508,143.3,80.5666666666667
"2001",35.43424,-119.05524,149.3,81.3666666666667
"2001",35.4783,-117.6989,1338.1,80.4333333333333
"2001",35.5892,-119.352,88.7,81.4
"2001",35.6277,-120.6855,222.5,70.4666666666667
"2001",35.6513,-117.8213,740.7,84.6
"2001",35.6564,-120.9242,303,70.5666666666667
"2001",35.6647,-118.0569,1698.3,75.8
"2001",35.66556,-121.28472,18,55.9
"2001",35.66936,-120.62918,249.8,72.3
"2001",35.6841,-121.1683,465.1,68.5
"2001",35.7217,-118.4989,960.1,77.4
"2001",35.7269,-118.7006,957.1,66.8
"2001",35.755,-118.4167,829.1,80.8
"2001",35.7636,-117.3908,516.6,88.4333333333333
"2001",35.7706,-115.9092,1524,79.8666666666667
"2001",35.7831,-118.4389,823.9,78.1333333333333
"2001",35.8717,-117.9183,1264.9,83.5333333333333
"2001",35.8842,-118.0517,2507.9,64.6
"2001",35.8889,-118.6333,1133.9,73.9
"2001",35.8922,-118.915,64,80.1
"2001",35.8989,-120.4319,467.9,73.5333333333333
"2001",35.9717,-118.545,1432.6,65.4
"2001",36.0117,-121.2417,335.3,74.3
"2001",36.0333,-120.0569,246.9,81.5666666666667
"2001",36.06778,-119.02,119.8,80.9666666666667
"2001",36.0931,-118.2603,2499.4,61.4
"2001",36.0975,-119.5817,61,80.3666666666667
"2001",36.1203,-117.0878,2097,73.1
"2001",36.1356,-120.3606,204.2,82.2333333333333
"2001",36.1388,-117.9527,1165.9,76.6
"2001",36.1753,-118.7017,987.6,77.9
"2001",36.18833,-120.69528,701,72.3333333333333
"2001",36.2032,-119.0545,132.6,79.4
"2001",36.2069,-121.1377,97.5,69
"2001",36.23,-121.4917,298.7,72.5333333333333
"2001",36.2314,-118.8689,586.1,84.5
"2001",36.2356,-121.785,137.2,63.5
"2001",36.2472,-121.7802,61,63.7333333333333
"2001",36.3114,-119.62319,76,79.1
"2001",36.3158,-119.637,72.2,80.4666666666667
"2001",36.32833,-119.2997,92.4,79.1666666666667
"2001",36.33333,-119.95,70.7,77.0333333333333
"2001",36.3478,-120.5978,1524,71.0333333333333
"2001",36.3642,-120.1561,86.9,80.15
"2001",36.3817,-119.0264,156.4,79.8
"2001",36.3825,-120.8558,1137.8,74.4333333333333
"2001",36.3886,-121.5517,574.5,66.9
"2001",36.4069,-118.4217,2621.3,63.4
"2001",36.445,-118.7033,1597.2,74.2666666666667
"2001",36.46263,-116.8672,-59.1,100.933333333333
"2001",36.465,-118.8619,347.5,79.15
"2001",36.4708,-121.1472,402.9,73.7666666666667
"2001",36.4819,-121.1822,398.4,70.55
"2001",36.4914,-118.8253,520.6,81.9333333333333
"2001",36.5625,-117.4736,2097,69
"2001",36.5672,-118.9556,1240.2,74.3
"2001",36.59041,-121.84881,48.8,59.9333333333333
"2001",36.5927,-121.8555,37.2,60.3
"2001",36.6044,-118.7325,2052.8,57.5
"2001",36.6594,-121.6663,13.7,61.6
"2001",36.66352,-121.60928,22.3,62.3
"2001",36.6853,-119,1237.5,74.6
"2001",36.715,-121.34917,275.8,66.0666666666667
"2001",36.7242,-118.9425,2298.2,64.5
"2001",36.7267,-118.675,2475,64.9
"2001",36.73751,-118.96197,2005.6,62.5666666666667
"2001",36.7672,-119.7092,103,80.1333333333333
"2001",36.77999,-119.72016,101.9,81.0666666666667
"2001",36.7878,-118.6561,1438.7,67.8666666666667
"2001",36.798,-118.2036,1204,81.0333333333333
"2001",36.8425,-118.2594,1479.8,78.3666666666667
"2001",36.8483,-121.4213,83.8,67.7
"2001",36.8839,-119.4658,280.4,82.8666666666667
"2001",36.9092,-119.0883,528.8,81.95
"2001",36.9111,-119.305,469.4,80.1333333333333
"2001",36.9308,-121.7691,29,61.9333333333333
"2001",36.93936,-121.79001,49.5,62.1333333333333
"2001",36.9539,-120.0378,82.3,78
"2001",36.9614,-119.175,1538.6,72.3666666666667
"2001",36.98505,-120.11068,76.6,76.6666666666667
"2001",36.98785,-121.99952,21.3,62.3
"2001",36.98972,-120.92972,124.1,78.7
"2001",36.9911,-121.7978,137.2,67.2
"2001",36.99574,-119.70691,131.1,78.9333333333333
"2001",37.003,-121.5608,59.1,71.0333333333333
"2001",37.0153,-119.5678,366.1,77.65
"2001",37.05056,-122.075,121.9,65.6
"2001",37.05333,-121.05778,84.4,77.1333333333333
"2001",37.0544,-119.3711,1249.7,75.4
"2001",37.0547,-121.0531,106.7,76.7666666666667
"2001",37.0563,-120.8666,36.6,77.5
"2001",37.0664,-119.0394,1727.6,59.8666666666667
"2001",37.08689,-122.08221,132.6,67.5333333333333
"2001",37.0919,-119.5128,637,80.3333333333333
"2001",37.1317,-122.17,801.6,68.3333333333333
"2001",37.135,-119.2561,1751.4,62.5666666666667
"2001",37.2028,-121.9428,609.6,71.1
"2001",37.2064,-119.2419,1486.8,72.1
"2001",37.2275,-119.22056,2139.7,57.0333333333333
"2001",37.2319,-121.9592,111.3,69.3666666666667
"2001",37.2319,-119.5083,963.2,78.3
"2001",37.2329,-119.5097,806.2,74.0333333333333
"2001",37.2331,-119.5047,829.1,77
"2001",37.2811,-121.0177,27.4,76.4
"2001",37.28597,-120.51788,46.5,76.3666666666667
"2001",37.2888,-120.5158,46.9,78.1
"2001",37.3053,-122.255,265.8,62.4333333333333
"2001",37.31167,-122.36167,83.8,57.6666666666667
"2001",37.3133,-122.185,691.9,66.6
"2001",37.3147,-119.0383,2256.4,66.3
"2001",37.3292,-121.2939,563.9,75.4333333333333
"2001",37.34336,-121.63473,1286.3,69.1333333333333
"2001",37.34972,-121.90333,20.4,70.7
"2001",37.3581,-122.1472,196.6,68.35
"2001",37.35938,-121.92444,15,68.0333333333333
"2001",37.37114,-118.35886,1252.8,75.0333333333333
"2001",37.3738,-117.9802,1592.6,76.2
"2001",37.3761,-119.1783,2748.7,58
"2001",37.39,-118.5506,1414.3,78.6
"2001",37.4058,-122.0481,11.9,66.8666666666667
"2001",37.4094,-119.7681,937.9,81.1666666666667
"2001",37.4286,-122.2561,115.8,69.8
"2001",37.4436,-122.1402,7.6,67.45
"2001",37.4681,-120.1106,365.8,80.65
"2001",37.4725,-122.4433,8.2,58.45
"2001",37.475,-122.2981,196.3,66.8333333333333
"2001",37.4767,-122.2386,9.4,68.25
"2001",37.4783,-118.4078,1371.6,73.1666666666667
"2001",37.5019,-121.7355,932.7,69.4333333333333
"2001",37.50193,-120.84566,31.4,77.2333333333333
"2001",37.5042,-119.9869,680,76.4666666666667
"2001",37.5122,-119.6331,1538.3,62.6666666666667
"2001",37.5128,-119.6047,1950.7,68.9
"2001",37.5147,-122.0325,3,68.0333333333333
"2001",37.5422,-122.0158,11.6,67.5666666666667
"2001",37.5514,-118.6672,2145.8,69.3666666666667
"2001",37.5531,-121.8439,374.9,66.6666666666667
"2001",37.5625,-122.4364,327.7,59.4333333333333
"2001",37.59167,-122.47167,144.8,61.3666666666667
"2001",37.61028,-122.48417,38.1,57.9
"2001",37.61962,-122.36562,3.2,62.8
"2001",37.62544,-120.95492,26.5,76.9666666666667
"2001",37.63,-119.0933,2304.3,56.6333333333333
"2001",37.6478,-118.9617,2378.7,60.3666666666667
"2001",37.65886,-122.12116,9.6,65.5
"2001",37.6819,-121.3466,41.1,73.4
"2001",37.68194,-121.75139,161.2,72.3
"2001",37.69309,-121.8149,119.7,70.7
"2001",37.7119,-121.8136,243.8,69.3333333333333
"2001",37.7178,-122.23301,1.5,63.1666666666667
"2001",37.728,-122.5052,2.4,57.3333333333333
"2001",37.745,-118.9833,2316.5,58.6
"2001",37.75027,-119.58972,1224.7,71.8666666666667
"2001",37.7617,-119.8247,2025.1,65.2
"2001",37.7705,-122.4269,45.7,61.1
"2001",37.7861,-122.1447,333.8,63.5666666666667
"2001",37.79589,-121.58319,18.6,76.3333333333333
"2001",37.7983,-122.2642,9.1,64.2
"2001",37.8172,-121.7789,621.8,72.3
"2001",37.8233,-120.0975,975.4,70.5666666666667
"2001",37.8331,-120.5,310.9,76.8666666666667
"2001",37.8339,-122.0669,536.4,69.4
"2001",37.8431,-118.4778,1661.2,71.2
"2001",37.8444,-120.2258,853.4,70.3
"2001",37.8511,-119.65,2446,58.3666666666667
"2001",37.865,-122.2208,427.6,64
"2001",37.8683,-119.3183,2825.5,51.7666666666667
"2001",37.8744,-122.2605,94.5,64.2666666666667
"2001",37.8792,-121.9303,661.4,68.4
"2001",37.8817,-121.9142,1173.2,69.1666666666667
"2001",37.88997,-121.22637,8.3,75.3333333333333
"2001",37.9191,-122.3772,6.1,63.2
"2001",37.9442,-122.1178,442,68.1333333333333
"2001",37.95,-121.8844,487.7,70.8
"2001",37.9566,-122.5447,44.2,67.9
"2001",37.9567,-119.1194,2071.7,67.2
"2001",37.9613,-119.783,1179.6,72.0333333333333
"2001",37.9672,-120.3872,510.5,71.9
"2001",37.9747,-119.9161,1452.4,71.5666666666667
"2001",37.99165,-122.05268,7,71.5333333333333
"2001",37.9983,-122.5372,36.6,66.5
"2001",37.9994,-121.3177,3.7,75
"2001",38.0047,-120.4863,292.6,78.65
"2001",38.0131,-122.1142,12.2,71.1
"2001",38.0281,-122.7022,378,63.2
"2001",38.0631,-120.2469,1503.6,71.1
"2001",38.07,-119.23,2878.8,58.4
"2001",38.1,-122.1869,103.9,70.4
"2001",38.1061,-121.2877,12.2,74.1666666666667
"2001",38.2075,-122.28041,4.7,65.7666666666667
"2001",38.2119,-119.0142,2551.2,54.4666666666667
"2001",38.2428,-120.515,780,75.0666666666667
"2001",38.2486,-120.8433,200.6,78.8333333333333
"2001",38.2575,-119.2286,1972.1,59.45
"2001",38.2577,-122.6077,6.1,66.2333333333333
"2001",38.2736,-122.0677,12.2,72.7333333333333
"2001",38.2769,-120.3113,1431,65.2666666666667
"2001",38.2777,-122.2647,10.7,68.9333333333333
"2001",38.28,-119.61,2931.3,51
"2001",38.3,-119.55,2194,59.4333333333333
"2001",38.31,-119.6,2690.5,57.1333333333333
"2001",38.37753,-121.95854,31.7,75.2
"2001",38.3858,-122.9661,263.7,64.9333333333333
"2001",38.3894,-120.6511,902.2,77.9666666666667
"2001",38.39556,-121.96083,33.5,76.35
"2001",38.4305,-122.8647,61,65.9
"2001",38.44,-119.37,2814.2,56.1666666666667
"2001",38.44472,-120.51222,914.4,73.7
"2001",38.45579,-122.71335,50.6,67.3
"2001",38.4786,-122.7119,175.6,67.7666666666667
"2001",38.4883,-120.325,1524,72.4
"2001",38.4916,-122.1241,146.3,74.7333333333333
"2001",38.492,-122.0039,57,77.1333333333333
"2001",38.50369,-122.81101,36.2,67.6
"2001",38.50659,-121.49604,5.9,73.7333333333333
"2001",38.5066,-122.4713,68.6,70.9666666666667
"2001",38.51,-119.63,2357.9,56.5333333333333
"2001",38.515,-123.2447,34.1,57.4
"2001",38.5252,-121.9777,41.1,77.9333333333333
"2001",38.5349,-121.7761,18.3,74.5
"2001",38.55,-119.8,2671.6,56.8666666666667
"2001",38.5552,-121.4183,11.6,76.3666666666667
"2001",38.5653,-119.4592,1658.1,73.6333333333333
"2001",38.573,-122.4405,522.7,68.9333333333333
"2001",38.57682,-122.57811,106.7,70.7
"2001",38.5908,-120.9336,275.8,73.8666666666667
"2001",38.61,-119.92,2455.8,56.9666666666667
"2001",38.62935,-122.86646,53.9,73.25
"2001",38.67,-119.82,1863.9,64.5666666666667
"2001",38.67,-119.61,2532.9,58.7
"2001",38.6829,-121.794,20.4,76.7666666666667
"2001",38.6833,-119.7667,1676.7,67.3
"2001",38.69194,-119.78028,1685.5,63.7666666666667
"2001",38.70069,-121.59479,7.5,74.3333333333333
"2001",38.7333,-120.245,1597.2,66.6
"2001",38.7383,-122.1447,107.9,77.5
"2001",38.7395,-119.518,1613,70.6
"2001",38.7817,-122.9169,609.6,70.4333333333333
"2001",38.79296,-123.0263,121.9,72.7
"2001",38.8325,-121.0086,365.8,73.2666666666667
"2001",38.8489,-120.0181,1923.3,61.0333333333333
"2001",38.85,-120.08,2337.8,60.5
"2001",38.85,-119.94,2370.1,56.3666666666667
"2001",38.8619,-122.4172,670.6,73.7333333333333
"2001",38.8825,-121.2683,61,76.6666666666667
"2001",38.89838,-119.99617,1907,58.9333333333333
"2001",38.9056,-120.6972,1426.5,73.6666666666667
"2001",38.9072,-121.0838,393.8,76.3333333333333
"2001",38.9119,-122.7064,659.3,75.4666666666667
"2001",38.9238,-122.5672,411.2,73.9
"2001",38.93,-120.05,1900.7,58.6666666666667
"2001",38.933,-120.8008,914.7,75.8
"2001",38.9875,-123.3486,196.3,64.8
"2001",39,-120.13,2343.6,65.95
"2001",39.0189,-122.4119,635.5,77.8
"2001",39.0717,-120.4217,1597.2,68.4333333333333
"2001",39.0901,-120.947,723.3,75.3333333333333
"2001",39.0914,-120.7317,1327.4,72.1
"2001",39.10205,-121.56884,18.9,75.4666666666667
"2001",39.1258,-123.0736,975.4,71.3666666666667
"2001",39.12781,-123.20015,183.7,71.8
"2001",39.14,-120.22,2028.4,57.9666666666667
"2001",39.1458,-121.5852,17.4,78.5
"2001",39.1466,-123.2102,193.9,69.75
"2001",39.1678,-120.1428,1898.9,60.9333333333333
"2001",39.17,-120.15,2071.7,60.5
"2001",39.1836,-120.8847,861.4,73.5
"2001",39.1875,-122.0269,15.2,74.6333333333333
"2001",39.19,-120.26,2447.2,57.2
"2001",39.2041,-121.068,731.5,70.8
"2001",39.2083,-122.8083,1475.2,69
"2001",39.2466,-121.0008,847.6,71.4
"2001",39.27617,-120.70927,1611.2,66.8666666666667
"2001",39.3,-120.18,1983.9,63.9
"2001",39.3036,-121.1172,617.2,75.5333333333333
"2001",39.3167,-120.8375,1316.7,72.9
"2001",39.31833,-120.63917,1571.5,59.6
"2001",39.3239,-120.2331,1809.6,61
"2001",39.33,-120.37,2089.4,58.2666666666667
"2001",39.333,-120.173,1774.9,61.4333333333333
"2001",39.3528,-123.6011,180.7,62.6
"2001",39.3575,-121.2011,499.9,74.7
"2001",39.35917,-122.51778,367.3,73.9
"2001",39.3619,-123.1286,310.3,73.7
"2001",39.3669,-122.575,365.8,75.5666666666667
"2001",39.3886,-120.0936,1699.3,61.3
"2001",39.3975,-121.3861,244.8,75.6333333333333
"2001",39.4172,-122.1825,36.6,76.4
"2001",39.4194,-123.3425,412.4,60.15
"2001",39.425,-122.9772,540.4,70.0333333333333
"2001",39.43,-120.31,2545.7,59.3
"2001",39.43167,-120.24056,1931.5,56.8
"2001",39.45,-120.29,2134.5,57.7333333333333
"2001",39.475,-121.2025,1132,74.3333333333333
"2001",39.4833,-120.075,2093.1,62.8333333333333
"2001",39.49,-120.28,1967.8,58.2
"2001",39.4943,-121.62226,56.9,76.9333333333333
"2001",39.51,-123.75639,37.5,56.2333333333333
"2001",39.52316,-122.3048,71.3,75.0666666666667
"2001",39.53194,-121.1611,1130.8,66.4333333333333
"2001",39.5619,-120.0478,1821.5,65.1
"2001",39.5633,-120.8238,888.5,69.1
"2001",39.5833,-120.3705,1516.4,65.3
"2001",39.5861,-122.5341,243.8,75.7666666666667
"2001",39.6375,-120.8653,2033,67.45
"2001",39.6514,-122.7236,1310.6,70.0333333333333
"2001",39.6681,-123.3211,740.1,68.4333333333333
"2001",39.7022,-123.485,554.7,71.6
"2001",39.7119,-121.7789,70.1,75.6333333333333
"2001",39.7458,-122.1997,77.4,75.3
"2001",39.7538,-121.6241,533.4,76.2666666666667
"2001",39.7833,-121.3667,1341.1,72.4666666666667
"2001",39.8053,-120.4719,1478.3,62.6666666666667
"2001",39.8075,-122.945,1652,66.1333333333333
"2001",39.8158,-123.2444,430.7,67.5
"2001",39.8333,-123.0833,457.2,73.4333333333333
"2001",39.8644,-122.6097,317,80.6666666666667
"2001",39.8716,-121.6108,826,73.5
"2001",39.8717,-121.7689,528.2,78.9
"2001",39.87778,-123.7275,260,65.2666666666667
"2001",39.9278,-122.6569,1131.7,73.3333333333333
"2001",39.9366,-120.9475,1042.4,66.3666666666667
"2001",39.9389,-122.1697,89.6,78.1666666666667
"2001",39.9717,-120.0828,1338.1,67.7333333333333
"2001",39.9733,-120.9419,1066.8,70.85
"2001",40.0222,-120.1056,1292.4,70.4
"2001",40.02611,-123.79306,153.3,65.9
"2001",40.03306,-124.07278,75,60.5
"2001",40.0686,-121.5825,1466.7,69.5666666666667
"2001",40.1383,-123.8236,135.9,68.5
"2001",40.1417,-120.3533,1767.8,70.2333333333333
"2001",40.15186,-122.25478,108,78.8
"2001",40.1705,-121.0886,1389.9,65.4
"2001",40.1867,-123.5903,281.3,67.6666666666667
"2001",40.2461,-120.6422,1737.4,66.2
"2001",40.2569,-124.2661,899.2,59.9666666666667
"2001",40.295,-122.8667,1066.8,71.9666666666667
"2001",40.30209,-121.24391,1387.1,63.5333333333333
"2001",40.3067,-120.9,1767.8,64.8666666666667
"2001",40.3375,-123.0656,1378.8,71.7
"2001",40.3442,-121.7136,1267.7,72.5
"2001",40.3458,-121.6091,1485.9,60.7333333333333
"2001",40.3983,-122.8333,579.1,76.7
"2001",40.4633,-123.5239,845.8,63.15
"2001",40.4808,-120.1139,1339.6,66.6
"2001",40.4833,-124.1038,41.5,61.3333333333333
"2001",40.505,-123.3417,1219.2,66.5666666666667
"2001",40.51462,-122.29773,152.6,78.9
"2001",40.5158,-122.2906,152.4,81.9
"2001",40.54,-121.5803,1725.2,59.9
"2001",40.5411,-121.5766,1752.6,60.0333333333333
"2001",40.55,-123.165,708.1,68.6666666666667
"2001",40.5981,-121.0831,1722.1,58.7333333333333
"2001",40.6116,-122.528,394.7,79.1
"2001",40.6194,-121.8994,736.7,75.6
"2001",40.6306,-120.5028,1554.5,65.3333333333333
"2001",40.7141,-122.4161,327.7,79
"2001",40.7263,-122.7947,567.2,71.0666666666667
"2001",40.7308,-120.3164,1614.8,65.7666666666667
"2001",40.7333,-123.2333,457.2,73.6333333333333
"2001",40.735,-122.9433,640.1,71.8666666666667
"2001",40.73529,-122.9441,627.3,70.7333333333333
"2001",40.7405,-123.2077,381.9,71.9666666666667
"2001",40.7817,-120.7844,1877,61.8666666666667
"2001",40.7864,-122.8045,1008.3,69.5
"2001",40.7964,-123.9367,512.1,62.5
"2001",40.8072,-121.2967,1752.6,65.8333333333333
"2001",40.8097,-124.1602,6.1,57.5666666666667
"2001",40.8802,-121.6547,974.8,67.4666666666667
"2001",40.8892,-123.1422,1432.6,68.7
"2001",40.9167,-122.4383,1280.2,74.3666666666667
"2001",40.9258,-121.5856,1130.8,70.1666666666667
"2001",40.9316,-121.5433,919,66
"2001",40.9466,-123.6363,141.4,71.9
"2001",40.97844,-124.10479,64.5,55
"2001",41.0478,-123.6714,114.3,69.1666666666667
"2001",41.0519,-120.6861,1554.5,62.3
"2001",41.0547,-120.3375,1711.5,63.3666666666667
"2001",41.075,-122.3733,731.5,75.5
"2001",41.0975,-123.6358,1088.1,63.7
"2001",41.1117,-122.6967,1341.1,70.6333333333333
"2001",41.1383,-123.9056,804.7,60.4
"2001",41.14167,-123.13917,704.1,64.5
"2001",41.1831,-122.28167,661.1,69.7666666666667
"2001",41.19334,-120.94458,1280.8,68.6
"2001",41.24,-120.79,1886.7,56.6333333333333
"2001",41.25171,-122.13827,985.4,66.7333333333333
"2001",41.2694,-123.1875,1815.4,61.9
"2001",41.2769,-121.9794,975.4,61.1
"2001",41.2944,-120.8639,1463,66.4333333333333
"2001",41.3003,-123.1322,668.1,73.0666666666667
"2001",41.30206,-123.53851,122.8,71.1666666666667
"2001",41.3075,-122.7958,955.9,68.4666666666667
"2001",41.314893,-122.317127,1083,65.9666666666667
"2001",41.3156,-122.3156,0,67.9666666666667
"2001",41.32175,-122.31725,1101.2,66.7
"2001",41.3322,-120.4725,1332.6,66.7333333333333
"2001",41.3378,-122.82484,940.3,65.6
"2001",41.3619,-124.0191,48.8,55.6666666666667
"2001",41.39,-123.4958,280.4,72.0666666666667
"2001",41.4219,-120.9016,1313.7,63.25
"2001",41.4272,-121.4639,1602.6,66.0666666666667
"2001",41.4342,-120.8678,1314.3,65.8666666666667
"2001",41.4789,-122.4539,893.1,69.9666666666667
"2001",41.48362,-120.5615,1335.9,63.8666666666667
"2001",41.49021,-120.54376,1332.9,64.1333333333333
"2001",41.53,-120.6714,1530.7,65.9
"2001",41.5301,-120.1791,1428.9,68.6666666666667
"2001",41.57861,-124.07472,8.5,58.5
"2001",41.58,-120.3,2142.7,59.7333333333333
"2001",41.5992,-122.9336,1287.8,71.0333333333333
"2001",41.6431,-121.7939,1502.1,65.3333333333333
"2001",41.6853,-122.5942,914.4,70.7666666666667
"2001",41.70237,-122.64169,826.6,69.4666666666667
"2001",41.71171,-121.5067,1455.4,65.8
"2001",41.7417,-121.5383,1453.9,66.5
"2001",41.77373,-122.46825,806.1,69.3666666666667
"2001",41.775,-122.9503,1674.3,63.9333333333333
"2001",41.78361,-124.23796,17,55.0333333333333
"2001",41.7861,-122.0056,1645.9,69.7
"2001",41.7958,-124.2147,13.1,58.1
"2001",41.8386,-122.85,591.3,70.5666666666667
"2001",41.8458,-123.9792,152.4,65.5666666666667
"2001",41.8586,-123.3525,1423.4,67.4
"2001",41.8715,-120.1574,1444.4,66.0666666666667
"2001",41.89,-120.75,1575.8,60.6
"2001",41.95999,-121.47449,1230.8,64
"2001",41.99,-120.18,2243.3,55.6666666666667
"2001",41.9919,-123.6036,1210.1,63.5
"2002",32.57583,-116.99391,158.9,66.7666666666667
"2002",32.6058,-116.6089,714.8,73.0666666666667
"2002",32.6261,-116.4681,805,69.6333333333333
"2002",32.6263,-116.4699,801.6,70.7666666666667
"2002",32.64,-117.0858,17.1,66.7333333333333
"2002",32.685,-116.9736,129.5,67.3666666666667
"2002",32.69219,-117.20983,4.4,66.7333333333333
"2002",32.7214,-116.4631,1049.4,70.9333333333333
"2002",32.7336,-117.1831,4.6,67.1
"2002",32.7397,-114.8839,66.1,92.9333333333333
"2002",32.76536,-117.2315,4.3,66.3
"2002",32.76654,-115.56638,-9.1,89.2
"2002",32.7675,-117.0233,161.5,71
"2002",32.8005,-116.928,150.9,71.65
"2002",32.81453,-117.13747,127.5,68.1333333333333
"2002",32.83241,-115.66377,-14.1,91.85
"2002",32.8336,-116.7392,622.1,73.8333333333333
"2002",32.83464,-115.57656,-16.8,90.7
"2002",32.8358,-116.7774,516.6,72.9
"2002",32.8488,-115.5666,-19.5,90.8666666666667
"2002",32.8569,-116.6222,1060.7,72.1666666666667
"2002",32.86667,-117.13333,145.4,68.7
"2002",32.8797,-116.4203,1755.6,69.0666666666667
"2002",32.9083,-114.4944,91.4,93.5666666666667
"2002",32.9544,-115.5581,-30.5,89.7333333333333
"2002",32.9736,-115.1736,84.7,94.5333333333333
"2002",32.9897,-116.5872,1414.3,69.7333333333333
"2002",32.9903,-116.0669,231.6,95.1
"2002",33.0113,-116.908,448.1,73.2
"2002",33.0164,-116.6339,0,70.8
"2002",33.03801,-116.915979,422,69.7333333333333
"2002",33.0736,-116.8458,466.3,70.3
"2002",33.0758,-116.5908,1292.4,73.9333333333333
"2002",33.0763,-116.5925,1284.7,68.6
"2002",33.0955,-116.9975,128,71.6666666666667
"2002",33.121,-117.09,182.9,74.1
"2002",33.12993,-117.27651,95.3,65.9
"2002",33.2097,-117.395,3,64.4333333333333
"2002",33.21946,-117.34962,9.1,66.0666666666667
"2002",33.2222,-116.4975,1345.7,77.5
"2002",33.2354,-117.2322,131.1,68.2
"2002",33.2372,-117.0086,452,73.3
"2002",33.2372,-116.7614,823,69.9333333333333
"2002",33.2559,-116.4036,246.9,91.0666666666667
"2002",33.2889,-117.4389,30.5,68.75
"2002",33.30424,-117.35508,21.4,67.05
"2002",33.3722,-117.3589,279.8,67.7333333333333
"2002",33.378,-116.84,1691.6,74.8
"2002",33.3814,-117.2856,325.5,68.4333333333333
"2002",33.3933,-116.795,838.8,75.0333333333333
"2002",33.40419,-118.41456,477,65.6
"2002",33.445,-117.4181,707.1,70.8333333333333
"2002",33.4781,-117.4858,366.7,69.5666666666667
"2002",33.5286,-117.2306,603.5,71.1
"2002",33.5319,-117.5525,114.3,70.3
"2002",33.5417,-117.5917,213.4,70.1333333333333
"2002",33.5453,-117.7813,13.4,67.7666666666667
"2002",33.555,-116.673,1194.8,72.7
"2002",33.6031,-117.8836,3,66.2333333333333
"2002",33.61388,-114.59813,81.7,91.2
"2002",33.61876,-114.71451,120.4,93.1333333333333
"2002",33.63166,-116.16412,-36,87.9333333333333
"2002",33.6472,-117.4111,926,76.1666666666667
"2002",33.6667,-116.7667,1499.6,73.1
"2002",33.67975,-117.86746,13,68.8333333333333
"2002",33.686,-117.3458,386.5,80.1
"2002",33.7025,-117.75389,71.6,69.2333333333333
"2002",33.7044,-115.6289,417.6,88.3333333333333
"2002",33.7086,-116.2152,-6.4,92.9
"2002",33.7381,-116.8939,552,75.1
"2002",33.7403,-116.8414,594.4,77.8333333333333
"2002",33.7442,-117.8667,41.1,70.2666666666667
"2002",33.7572,-116.7066,1639.8,70.4
"2002",33.7625,-117.4828,342.9,75.6666666666667
"2002",33.7965,-116.9753,464.8,77.5666666666667
"2002",33.8016,-118.3419,27.4,66.9
"2002",33.80807,-115.45138,296.6,92.7
"2002",33.8081,-117.7111,542.8,71.6
"2002",33.81177,-118.14718,10.2,69.5333333333333
"2002",33.82216,-116.50433,124.7,91.0333333333333
"2002",33.8275,-116.5097,129.5,92.2333333333333
"2002",33.8647,-117.8425,70.7,71.4666666666667
"2002",33.87154,-117.98561,26.3,71.3333333333333
"2002",33.8744,-117.5492,195.1,74.9
"2002",33.8767,-117.3089,524.3,72.3666666666667
"2002",33.89,-117.8188,106.7,72.3666666666667
"2002",33.92353,-118.33291,16.6,68.3666666666667
"2002",33.93816,-118.3866,29.7,67.2333333333333
"2002",33.9511,-117.388,256,76.9
"2002",33.95282,-117.43523,257.7,74.6
"2002",33.96694,-117.36139,300.5,75.4333333333333
"2002",33.97563,-117.62487,193.9,73.6666666666667
"2002",33.9778,-120.0778,395.6,57
"2002",33.9839,-118.01,289.6,70.8666666666667
"2002",33.9958,-119.7222,76.2,63.9
"2002",34.005,-118.4139,28,67.9666666666667
"2002",34.0075,-118.49972,4.3,63.1333333333333
"2002",34.0092,-119.6542,243.8,62.2
"2002",34.0178,-116.1878,1280.2,78.8666666666667
"2002",34.02099,-118.44712,53.3,66.4
"2002",34.037,-117.1948,429.8,77.0333333333333
"2002",34.0456,-118.9358,15.2,65.5
"2002",34.05314,-117.57689,281.6,75.0666666666667
"2002",34.0583,-118.6333,480.1,70.0333333333333
"2002",34.0608,-114.7322,249.9,92.5
"2002",34.0678,-118.2417,115.2,70.8
"2002",34.0697,-118.4427,131.1,67.0333333333333
"2002",34.0816,-117.7658,304.5,72.95
"2002",34.0836,-117.0347,899.2,76.0666666666667
"2002",34.0842,-118.1003,110.6,73.7333333333333
"2002",34.0869,-118.4794,340.5,69.6333333333333
"2002",34.1233,-116.4078,993.6,80.2
"2002",34.12407,-119.12281,3.8,62.5333333333333
"2002",34.125,-118.4122,384,68.4
"2002",34.128,-116.0369,602,88.3
"2002",34.13444,-117.25389,347.5,77.3
"2002",34.1369,-117.7069,501.4,72.3
"2002",34.1472,-115.1219,281,94.7666666666667
"2002",34.1483,-118.1447,263.3,73.9
"2002",34.1819,-118.5744,240.8,73.7666666666667
"2002",34.1847,-118.7172,502.9,70.6
"2002",34.1866,-118.348,199.6,72.1
"2002",34.1942,-116.9131,1712.4,68.9333333333333
"2002",34.19806,-119.17528,14.9,63.1
"2002",34.19966,-118.36543,222.7,72.5666666666667
"2002",34.20012,-119.20417,11.9,63.1
"2002",34.2066,-119.1375,15.8,65.4
"2002",34.2069,-117.7606,792.5,74.0666666666667
"2002",34.21,-118.87,242.3,67.8
"2002",34.2103,-116.6339,1828.8,75.4
"2002",34.21142,-119.08762,21.6,66.0333333333333
"2002",34.21214,-118.49146,239.2,73.8
"2002",34.2211,-117.4044,627,75.5
"2002",34.2308,-118.0711,1740.4,73.0333333333333
"2002",34.2339,-117.4803,851,74.6333333333333
"2002",34.243,-116.917,2058.3,65.4666666666667
"2002",34.2447,-118.525,275.5,73.9333333333333
"2002",34.2466,-117.1883,1586.5,67.65
"2002",34.2661,-116.8989,2103.1,63.2
"2002",34.28964,-114.17137,224.9,96.5
"2002",34.294,-116.14722,610.5,88.2333333333333
"2002",34.3175,-117.5019,1005.8,75.5
"2002",34.3194,-117.0131,2091.2,67.2333333333333
"2002",34.3317,-118.0303,1661.2,73.6333333333333
"2002",34.3617,-118.4217,1219.2,73.9333333333333
"2002",34.3617,-117.6386,1828.8,67.5333333333333
"2002",34.3903,-118.0825,1530.4,73.1333333333333
"2002",34.3906,-116.5169,883.9,85.3
"2002",34.3933,-118.5938,538,74.3
"2002",34.4044,-118.81,187.1,68.0666666666667
"2002",34.4167,-119.6844,4.9,65.1333333333333
"2002",34.4241,-119.84249,2.5,63.0333333333333
"2002",34.425,-118.525,442,74.8333333333333
"2002",34.4311,-118.6828,389.5,75.2333333333333
"2002",34.4458,-118.2,792.5,75.1333333333333
"2002",34.4477,-119.2275,227.1,73.25
"2002",34.4483,-119.2303,233.2,67.8
"2002",34.4614,-119.6481,457.2,69.0666666666667
"2002",34.4806,-118.7556,347.5,73.4333333333333
"2002",34.5025,-117.8969,945.2,79.3
"2002",34.52527,-117.29638,850.1,80.4333333333333
"2002",34.5356,-117.0258,1438.7,78.8333333333333
"2002",34.5358,-119.7833,310.9,71.7333333333333
"2002",34.5431,-119.1842,1015.3,63.9
"2002",34.5686,-118.7403,1255.8,74.8
"2002",34.58223,-119.98159,240.5,71.0666666666667
"2002",34.5883,-118.0938,796.1,81
"2002",34.5891,-117.6302,899.2,79.6333333333333
"2002",34.5958,-118.5786,1502.7,75.6666666666667
"2002",34.62944,-118.08309,764.7,79.0666666666667
"2002",34.6344,-117.5503,877.8,80.7666666666667
"2002",34.6538,-120.4513,22.9,63.25
"2002",34.6819,-119.3539,1118.6,74.4333333333333
"2002",34.6847,-117.8208,789.4,81.4333333333333
"2002",34.705,-118.4297,932.7,79.6666666666667
"2002",34.7325,-118.3833,841.2,81.7333333333333
"2002",34.74121,-118.21255,712.6,81.2666666666667
"2002",34.74361,-118.72528,1374.6,72.7666666666667
"2002",34.7455,-120.28,172.2,64.9
"2002",34.7586,-120.4861,320,58.1
"2002",34.76783,-114.61842,270.6,95.8
"2002",34.8083,-119.0125,1493.5,64.9333333333333
"2002",34.85371,-116.78702,584.8,88.0333333333333
"2002",34.8927,-117.0219,676.7,85.6666666666667
"2002",34.89403,-120.45216,74.2,61.5
"2002",34.9436,-115.5469,1325.9,82.2666666666667
"2002",34.9455,-119.6827,658.4,74.0333333333333
"2002",34.988,-120.3211,177.4,66.15
"2002",35.0233,-118.7497,434.3,81.5333333333333
"2002",35.0492,-118.1619,833.6,80.6
"2002",35.0531,-116.0794,289.6,93.1333333333333
"2002",35.0964,-119.7728,759,78.1
"2002",35.1011,-118.4222,1286.3,73.05
"2002",35.1231,-115.4114,1649.9,75.3333333333333
"2002",35.1397,-118.625,1219.2,73.2333333333333
"2002",35.1503,-119.43,235.6,78.7666666666667
"2002",35.1542,-117.1756,987.6,82.8
"2002",35.1792,-120.3919,319.4,76.9
"2002",35.1889,-120.0833,1149.1,74.8666666666667
"2002",35.23815,-120.64406,55.8,64.3333333333333
"2002",35.27611,-116.06278,293.2,92.6666666666667
"2002",35.3056,-120.6619,93.9,65.3666666666667
"2002",35.367,-120.8447,36,56.9
"2002",35.3692,-117.6525,1088.1,81.9666666666667
"2002",35.37,-117.5683,1103.4,82.5666666666667
"2002",35.3811,-120.1875,496.8,73.3
"2002",35.4028,-119.47,68.6,80.2666666666667
"2002",35.4186,-119.0508,143.3,80.5
"2002",35.43424,-119.05524,149.3,82.1666666666667
"2002",35.4783,-117.6989,1338.1,79.75
"2002",35.5317,-118.6303,718.1,78.6
"2002",35.5892,-119.352,88.7,78.4
"2002",35.6277,-120.6855,222.5,69.7
"2002",35.6564,-120.9242,303,70.2333333333333
"2002",35.6647,-118.0569,1698.3,76.9
"2002",35.66556,-121.28472,18,54.9666666666667
"2002",35.66936,-120.62918,249.8,71.6
"2002",35.6841,-121.1683,465.1,65.35
"2002",35.7217,-118.4989,960.1,77.8333333333333
"2002",35.7269,-118.7006,957.1,70.15
"2002",35.755,-118.4167,829.1,80.2
"2002",35.7636,-117.3908,516.6,88.75
"2002",35.7706,-115.9092,1524,81.2666666666667
"2002",35.7831,-118.4389,823.9,77.7
"2002",35.8717,-117.9183,1264.9,84.6333333333333
"2002",35.8842,-118.0517,2507.9,66.2
"2002",35.8889,-118.6333,1133.9,74.5333333333333
"2002",35.8922,-118.915,64,79.3666666666667
"2002",35.8989,-120.4319,467.9,71.9
"2002",35.9717,-118.545,1432.6,65.8333333333333
"2002",36.0117,-121.2417,335.3,73.1333333333333
"2002",36.0333,-120.0569,246.9,81.1333333333333
"2002",36.06778,-119.02,119.8,81.2333333333333
"2002",36.0931,-118.2603,2499.4,62.3666666666667
"2002",36.0975,-119.5817,61,80.0333333333333
"2002",36.1203,-117.0878,2097,74.7333333333333
"2002",36.1356,-120.3606,204.2,83.35
"2002",36.1388,-117.9527,1165.9,80.0333333333333
"2002",36.1753,-118.7017,987.6,78.0666666666667
"2002",36.18833,-120.69528,701,70.9666666666667
"2002",36.2032,-119.0545,132.6,77.8333333333333
"2002",36.2069,-121.1377,97.5,69.5
"2002",36.23,-121.4917,298.7,71.8333333333333
"2002",36.2314,-118.8689,586.1,83.85
"2002",36.2356,-121.785,137.2,62.2
"2002",36.2472,-121.7802,61,63.1666666666667
"2002",36.3114,-119.62319,76,78.7333333333333
"2002",36.3158,-119.637,72.2,80.1
"2002",36.32833,-119.2997,92.4,80.05
"2002",36.33333,-119.95,70.7,78.0333333333333
"2002",36.3478,-120.5978,1524,72.3333333333333
"2002",36.3642,-120.1561,86.9,76.9333333333333
"2002",36.3817,-119.0264,156.4,79.8
"2002",36.3825,-120.8558,1137.8,75
"2002",36.3886,-121.5517,574.5,66.4
"2002",36.4069,-118.4217,2621.3,65.1
"2002",36.4108,-118.8092,1966,67.5
"2002",36.445,-118.7033,1597.2,74.1
"2002",36.46263,-116.8672,-59.1,101.4
"2002",36.4708,-121.1472,402.9,73.0666666666667
"2002",36.4805,-121.7244,146.3,63.9
"2002",36.4819,-121.1822,398.4,71.7666666666667
"2002",36.4914,-118.8253,520.6,81.6
"2002",36.5625,-117.4736,2097,70.6333333333333
"2002",36.5672,-118.9556,1240.2,74.7
"2002",36.59041,-121.84881,48.8,59.4666666666667
"2002",36.5927,-121.8555,37.2,59.7
"2002",36.6044,-118.7325,2052.8,59.65
"2002",36.6269,-121.7981,140.2,57.5
"2002",36.6269,-121.7864,149.4,58.3666666666667
"2002",36.6594,-121.6663,13.7,63.0666666666667
"2002",36.66352,-121.60928,22.3,61.5333333333333
"2002",36.6853,-119,1237.5,74.5333333333333
"2002",36.715,-121.34917,275.8,66.75
"2002",36.7242,-118.9425,2298.2,62.9
"2002",36.7267,-118.675,2475,66.65
"2002",36.73751,-118.96197,2005.6,62.7
"2002",36.7672,-119.7092,103,80.1333333333333
"2002",36.77999,-119.72016,101.9,80.7333333333333
"2002",36.7878,-118.6561,1438.7,68.1333333333333
"2002",36.798,-118.2036,1204,82
"2002",36.8425,-118.2594,1479.8,79.8
"2002",36.8483,-121.4213,83.8,65.6333333333333
"2002",36.8839,-119.4658,280.4,82.6666666666667
"2002",36.9092,-119.0883,528.8,80.8333333333333
"2002",36.9111,-119.305,469.4,80.0333333333333
"2002",36.9308,-121.7691,29,61.3333333333333
"2002",36.93936,-121.79001,49.5,61.7666666666667
"2002",36.9614,-119.175,1538.6,72.3
"2002",36.98505,-120.11068,76.6,76.5666666666667
"2002",36.98785,-121.99952,21.3,61.8666666666667
"2002",36.98972,-120.92972,124.1,78.0666666666667
"2002",36.9911,-121.7978,137.2,65.1
"2002",36.99574,-119.70691,131.1,79.4
"2002",37.003,-121.5608,59.1,69.4666666666667
"2002",37.0153,-119.5678,366.1,76.1
"2002",37.05056,-122.075,121.9,64.7333333333333
"2002",37.05333,-121.05778,84.4,76.5333333333333
"2002",37.0544,-119.3711,1249.7,75.6333333333333
"2002",37.0547,-121.0531,106.7,76.4
"2002",37.0563,-120.8666,36.6,76.7333333333333
"2002",37.0664,-119.0394,1727.6,60.2333333333333
"2002",37.08689,-122.08221,132.6,66.6
"2002",37.0919,-119.5128,637,80.2
"2002",37.1317,-122.17,801.6,68
"2002",37.135,-119.2561,1751.4,62.8666666666667
"2002",37.1822,-120.7939,19.8,74.9
"2002",37.2064,-119.2419,1486.8,72.3666666666667
"2002",37.2275,-119.22056,2139.7,57.5
"2002",37.2319,-121.9592,111.3,68.5
"2002",37.2319,-119.5083,963.2,78.4666666666667
"2002",37.2329,-119.5097,806.2,74
"2002",37.2331,-119.5047,829.1,77.3
"2002",37.2811,-121.0177,27.4,77.0333333333333
"2002",37.28597,-120.51788,46.5,76.0333333333333
"2002",37.2888,-120.5158,46.9,78.35
"2002",37.3053,-122.255,265.8,61.4666666666667
"2002",37.31167,-122.36167,83.8,58.8666666666667
"2002",37.3133,-122.185,691.9,64.95
"2002",37.3147,-119.0383,2256.4,63.9666666666667
"2002",37.3292,-121.2939,563.9,75.2
"2002",37.34336,-121.63473,1286.3,69.7666666666667
"2002",37.3581,-122.1472,196.6,68.8666666666667
"2002",37.35938,-121.92444,15,68.5666666666667
"2002",37.37114,-118.35886,1252.8,76.4666666666667
"2002",37.3738,-117.9802,1592.6,75.55
"2002",37.3761,-119.1783,2748.7,58.2
"2002",37.39,-118.5506,1414.3,79.6666666666667
"2002",37.4058,-122.0481,11.9,66.8
"2002",37.4094,-119.7681,937.9,81.1666666666667
"2002",37.4286,-122.2561,115.8,67.35
"2002",37.4431,-121.7706,629.7,68.6666666666667
"2002",37.4436,-122.1402,7.6,66.4
"2002",37.4681,-120.1106,365.8,80.1333333333333
"2002",37.4725,-122.4433,8.2,57.9
"2002",37.475,-122.2981,196.3,66.8666666666667
"2002",37.4767,-122.2386,9.4,67.3333333333333
"2002",37.4783,-118.4078,1371.6,73.8
"2002",37.5019,-121.7355,932.7,70.7333333333333
"2002",37.50193,-120.84566,31.4,76.7333333333333
"2002",37.5042,-119.9869,680,76.7333333333333
"2002",37.5122,-119.6331,1538.3,62.9666666666667
"2002",37.5128,-119.6047,1950.7,69.3
"2002",37.5147,-122.0325,3,66.7333333333333
"2002",37.5422,-122.0158,11.6,66.8666666666667
"2002",37.5436,-119.8386,1188.7,78.9
"2002",37.5514,-118.6672,2145.8,69.7333333333333
"2002",37.5531,-121.8439,374.9,66.5
"2002",37.5625,-122.4364,327.7,59.6666666666667
"2002",37.59167,-122.47167,144.8,61.95
"2002",37.61028,-122.48417,38.1,57.75
"2002",37.61962,-122.36562,3.2,63.2
"2002",37.62544,-120.95492,26.5,76.5333333333333
"2002",37.63,-119.0933,2304.3,57.7333333333333
"2002",37.6478,-118.9617,2378.7,60.7333333333333
"2002",37.65886,-122.12116,9.6,65
"2002",37.6819,-121.3466,41.1,73.3
"2002",37.68194,-121.75139,161.2,71.7
"2002",37.69309,-121.8149,119.7,70.1333333333333
"2002",37.7119,-121.8136,243.8,70.1333333333333
"2002",37.7178,-122.23301,1.5,62.9
"2002",37.728,-122.5052,2.4,56.8666666666667
"2002",37.745,-118.9833,2316.5,59
"2002",37.75027,-119.58972,1224.7,69.95
"2002",37.7617,-119.8247,2025.1,67.2
"2002",37.7705,-122.4269,45.7,59.2
"2002",37.7861,-122.1447,333.8,63.3666666666667
"2002",37.79589,-121.58319,18.6,75.6666666666667
"2002",37.7983,-122.2642,9.1,64
"2002",37.8172,-121.7789,621.8,71.2
"2002",37.8233,-120.0975,975.4,71.5
"2002",37.8331,-120.5,310.9,76.6666666666667
"2002",37.8339,-122.0669,536.4,67.2666666666667
"2002",37.8431,-118.4778,1661.2,72.9666666666667
"2002",37.8444,-120.2258,853.4,70.9666666666667
"2002",37.8511,-119.65,2446,59.3
"2002",37.865,-122.2208,427.6,63.1
"2002",37.8683,-119.3183,2825.5,53.3333333333333
"2002",37.8744,-122.2605,94.5,63.2666666666667
"2002",37.8792,-121.9303,661.4,70.9666666666667
"2002",37.8817,-121.9142,1173.2,70.6666666666667
"2002",37.88997,-121.22637,8.3,74.6333333333333
"2002",37.9191,-122.3772,6.1,63.5333333333333
"2002",37.9442,-122.1178,442,67.2
"2002",37.95,-121.8844,487.7,70.2333333333333
"2002",37.9566,-122.5447,44.2,67.1
"2002",37.9567,-119.1194,2071.7,67.6333333333333
"2002",37.9613,-119.783,1179.6,72.1333333333333
"2002",37.9672,-120.3872,510.5,72.7333333333333
"2002",37.9747,-119.9161,1452.4,71.9666666666667
"2002",37.9833,-122.0692,12.2,71.4333333333333
"2002",37.9833,-121.7525,18.3,73.8333333333333
"2002",37.99165,-122.05268,7,70.8333333333333
"2002",37.9983,-122.5372,36.6,65.7
"2002",37.9994,-121.3177,3.7,74.9666666666667
"2002",38.0131,-122.1142,12.2,70.7
"2002",38.0281,-122.7022,378,64.55
"2002",38.0631,-120.2469,1503.6,72.0666666666667
"2002",38.07,-119.23,2878.8,58.5333333333333
"2002",38.1061,-121.2877,12.2,73.8
"2002",38.2075,-122.28041,4.7,65.1333333333333
"2002",38.2119,-119.0142,2551.2,55.4
"2002",38.2428,-120.515,780,75.6
"2002",38.2486,-120.8433,200.6,77.8
"2002",38.2575,-119.2286,1972.1,61.5666666666667
"2002",38.2577,-122.6077,6.1,66.9333333333333
"2002",38.2736,-122.0677,12.2,73.6666666666667
"2002",38.2769,-120.3113,1431,66.0333333333333
"2002",38.2777,-122.2647,10.7,68.7
"2002",38.28,-119.61,2931.3,51.3333333333333
"2002",38.2994,-122.4622,29.6,69.9
"2002",38.3,-119.55,2194,59.3333333333333
"2002",38.31,-119.6,2690.5,57.2
"2002",38.3772,-120.8008,483.4,76.7
"2002",38.37753,-121.95854,31.7,75.1333333333333
"2002",38.3894,-120.6511,902.2,79.1666666666667
"2002",38.39556,-121.96083,33.5,75.8333333333333
"2002",38.4305,-122.8647,61,65.8333333333333
"2002",38.44,-119.37,2814.2,56.1333333333333
"2002",38.44472,-120.51222,914.4,72.1
"2002",38.45579,-122.71335,50.6,66.9
"2002",38.4786,-122.7119,175.6,67.3666666666667
"2002",38.4883,-120.325,1524,72.7666666666667
"2002",38.4916,-122.1241,146.3,74.7666666666667
"2002",38.492,-122.0039,57,76.4666666666667
"2002",38.50369,-122.81101,36.2,67.2666666666667
"2002",38.50659,-121.49604,5.9,73.7666666666667
"2002",38.5066,-122.4713,68.6,71.0666666666667
"2002",38.51,-119.63,2357.9,56.3
"2002",38.5252,-121.9777,41.1,77.6333333333333
"2002",38.5349,-121.7761,18.3,74.5
"2002",38.55,-119.8,2671.6,57.9333333333333
"2002",38.5552,-121.4183,11.6,77.0666666666667
"2002",38.5653,-119.4592,1658.1,73.3333333333333
"2002",38.573,-122.4405,522.7,68.9
"2002",38.57682,-122.57811,106.7,70.3
"2002",38.5908,-120.9336,275.8,74
"2002",38.61,-119.92,2455.8,57.3666666666667
"2002",38.62935,-122.86646,53.9,72.65
"2002",38.67,-119.82,1863.9,64.3
"2002",38.67,-119.61,2532.9,59
"2002",38.6829,-121.794,20.4,76.0666666666667
"2002",38.6833,-119.7667,1676.7,66.9
"2002",38.69194,-119.78028,1685.5,62.9333333333333
"2002",38.70069,-121.59479,7.5,74.4333333333333
"2002",38.7333,-120.245,1597.2,67.9
"2002",38.7383,-122.1447,107.9,77.8333333333333
"2002",38.7817,-122.9169,609.6,69.9666666666667
"2002",38.79296,-123.0263,121.9,72.7
"2002",38.8325,-121.0086,365.8,73.6666666666667
"2002",38.8489,-120.0181,1923.3,60.2
"2002",38.85,-120.08,2337.8,60.6666666666667
"2002",38.85,-119.94,2370.1,56.7666666666667
"2002",38.8619,-122.4172,670.6,75
"2002",38.8825,-121.2683,61,77.7
"2002",38.89838,-119.99617,1907,58.9
"2002",38.9056,-120.6972,1426.5,74.8666666666667
"2002",38.9072,-121.0838,393.8,76.6333333333333
"2002",38.9119,-122.7064,659.3,77.3666666666667
"2002",38.92,-119.92,2615.8,55
"2002",38.9238,-122.5672,411.2,73.4
"2002",38.93,-120.05,1900.7,57.7
"2002",38.933,-120.8008,914.7,74.1
"2002",38.9875,-123.3486,196.3,62.8
"2002",39,-120.13,2343.6,61.3666666666667
"2002",39.0189,-122.4119,635.5,78.9666666666667
"2002",39.0308,-123.0806,817.5,72.4666666666667
"2002",39.0717,-120.4217,1597.2,69.4
"2002",39.0901,-120.947,723.3,75.8333333333333
"2002",39.0914,-120.7317,1327.4,72.6
"2002",39.10205,-121.56884,18.9,75.6333333333333
"2002",39.1258,-123.0736,975.4,72.9666666666667
"2002",39.12781,-123.20015,183.7,72.4
"2002",39.14,-120.22,2028.4,57.7
"2002",39.1439,-120.5089,2164.1,65.3666666666667
"2002",39.1458,-121.5852,17.4,80.8
"2002",39.1466,-123.2102,193.9,71.15
"2002",39.1678,-120.1428,1898.9,61.3
"2002",39.17,-120.15,2071.7,61.1
"2002",39.1836,-120.8847,861.4,74.4666666666667
"2002",39.1875,-122.0269,15.2,74.9333333333333
"2002",39.19,-120.26,2447.2,58.4333333333333
"2002",39.19056,-122.89639,406.9,70.0666666666667
"2002",39.2041,-121.068,731.5,71.7666666666667
"2002",39.2083,-122.8083,1475.2,73.3
"2002",39.2466,-121.0008,847.6,71.9333333333333
"2002",39.27617,-120.70927,1611.2,68.2666666666667
"2002",39.3,-120.18,1983.9,63.8333333333333
"2002",39.3036,-121.1172,617.2,77.1333333333333
"2002",39.3167,-120.8375,1316.7,74.2333333333333
"2002",39.31833,-120.63917,1571.5,63.9333333333333
"2002",39.3239,-120.2331,1809.6,61.8
"2002",39.33,-120.37,2089.4,59.3333333333333
"2002",39.333,-120.173,1774.9,60.0333333333333
"2002",39.3528,-123.6011,180.7,63.7666666666667
"2002",39.3575,-121.2011,499.9,73.7666666666667
"2002",39.35917,-122.51778,367.3,75.2
"2002",39.3669,-122.575,365.8,77.0333333333333
"2002",39.3886,-120.0936,1699.3,60.1
"2002",39.3975,-121.3861,244.8,76.2
"2002",39.4172,-122.1825,36.6,76.1333333333333
"2002",39.4194,-123.3425,412.4,60.85
"2002",39.425,-122.9772,540.4,71.2
"2002",39.43,-120.31,2545.7,57.3
"2002",39.43167,-120.24056,1931.5,56.7666666666667
"2002",39.45,-120.29,2134.5,58.4333333333333
"2002",39.475,-121.2025,1132,76.0333333333333
"2002",39.4833,-120.075,2093.1,62.6
"2002",39.49,-120.28,1967.8,58.8333333333333
"2002",39.4943,-121.62226,56.9,77.4666666666667
"2002",39.51,-123.75639,37.5,56.1666666666667
"2002",39.5177,-121.553,52.1,75.9666666666667
"2002",39.52316,-122.3048,71.3,75.5666666666667
"2002",39.53194,-121.1611,1130.8,67.2333333333333
"2002",39.5619,-120.0478,1821.5,64.4666666666667
"2002",39.5633,-120.8238,888.5,69.5666666666667
"2002",39.5833,-120.3705,1516.4,61.65
"2002",39.5861,-122.5341,243.8,77.2333333333333
"2002",39.6175,-120.59222,1663.3,65.5
"2002",39.6375,-120.8653,2033,66.2333333333333
"2002",39.6514,-122.7236,1310.6,73.1666666666667
"2002",39.6681,-123.3211,740.1,70.6666666666667
"2002",39.6911,-121.8211,56.4,76.8
"2002",39.7022,-123.485,554.7,70.45
"2002",39.7119,-121.7789,70.1,76.1666666666667
"2002",39.7458,-122.1997,77.4,76.1
"2002",39.7538,-121.6241,533.4,77.0666666666667
"2002",39.8053,-120.4719,1478.3,63.4333333333333
"2002",39.8075,-122.945,1652,70.6
"2002",39.8158,-123.2444,430.7,70.0333333333333
"2002",39.8333,-123.0833,457.2,74
"2002",39.8644,-122.6097,317,84.65
"2002",39.8716,-121.6108,826,74.2
"2002",39.8717,-121.7689,528.2,79.7333333333333
"2002",39.9278,-122.6569,1131.7,74.9
"2002",39.9366,-120.9475,1042.4,67.8666666666667
"2002",39.9389,-122.1697,89.6,79.2
"2002",39.9717,-120.0828,1338.1,67.8666666666667
"2002",39.9733,-120.9419,1066.8,70.4666666666667
"2002",40.0017,-120.915,1377.7,71.1666666666667
"2002",40.0222,-120.1056,1292.4,70.7333333333333
"2002",40.02611,-123.79306,153.3,68.2
"2002",40.03306,-124.07278,75,59.7
"2002",40.0686,-121.5825,1466.7,70.9666666666667
"2002",40.1383,-123.8236,135.9,68.4
"2002",40.1417,-120.3533,1767.8,71.2
"2002",40.15186,-122.25478,108,80.2333333333333
"2002",40.1705,-121.0886,1389.9,66.6333333333333
"2002",40.1867,-123.5903,281.3,69.6333333333333
"2002",40.2461,-120.6422,1737.4,67.1
"2002",40.2569,-124.2661,899.2,64.3
"2002",40.295,-122.8667,1066.8,73.8666666666667
"2002",40.30209,-121.24391,1387.1,64.7666666666667
"2002",40.3067,-120.9,1767.8,66.4
"2002",40.3375,-123.0656,1378.8,70.2
"2002",40.3442,-121.7136,1267.7,73.9
"2002",40.3458,-121.6091,1485.9,61.8
"2002",40.3983,-122.8333,579.1,78.7333333333333
"2002",40.4167,-120.6631,1283.8,70.6
"2002",40.4633,-123.5239,845.8,69.8
"2002",40.4808,-120.1139,1339.6,67.8
"2002",40.4833,-124.1038,41.5,61.7666666666667
"2002",40.505,-123.3417,1219.2,72.6
"2002",40.51462,-122.29773,152.6,81.2
"2002",40.5158,-122.2906,152.4,81.9666666666667
"2002",40.54,-121.5803,1725.2,60.9
"2002",40.5411,-121.5766,1752.6,62.0333333333333
"2002",40.55,-123.165,708.1,69.9666666666667
"2002",40.5524,-123.2122,701,66.8
"2002",40.5981,-121.0831,1722.1,59.9
"2002",40.6116,-122.528,394.7,78.45
"2002",40.6194,-121.8994,736.7,77.4
"2002",40.6306,-120.5028,1554.5,66.4
"2002",40.6506,-122.6056,404.2,79.4
"2002",40.7141,-122.4161,327.7,80.8333333333333
"2002",40.7263,-122.7947,567.2,72.2333333333333
"2002",40.7308,-120.3164,1614.8,67.2666666666667
"2002",40.7333,-123.2333,457.2,75.7
"2002",40.735,-122.9433,640.1,73.0333333333333
"2002",40.73529,-122.9441,627.3,71.7666666666667
"2002",40.7405,-123.2077,381.9,75.65
"2002",40.7817,-120.7844,1877,62.45
"2002",40.7864,-122.8045,1008.3,73.1666666666667
"2002",40.7964,-123.9367,512.1,63.1
"2002",40.8072,-121.2967,1752.6,67.3
"2002",40.8097,-124.1602,6.1,57.3
"2002",40.8802,-121.6547,974.8,67.7333333333333
"2002",40.8892,-123.1422,1432.6,71.8666666666667
"2002",40.9167,-122.4383,1280.2,76.4666666666667
"2002",40.9258,-121.5856,1130.8,72.7666666666667
"2002",40.9316,-121.5433,919,67.1666666666667
"2002",40.97844,-124.10479,64.5,55.3666666666667
"2002",41.0064,-121.9833,518.2,79.25
"2002",41.0478,-123.6714,114.3,70.7666666666667
"2002",41.0519,-120.6861,1554.5,63.5333333333333
"2002",41.0547,-120.3375,1711.5,64
"2002",41.075,-122.3733,731.5,76.9
"2002",41.0975,-123.6358,1088.1,67.3666666666667
"2002",41.1117,-122.6967,1341.1,73.6
"2002",41.1383,-123.9056,804.7,63.4333333333333
"2002",41.14167,-123.13917,704.1,71
"2002",41.1831,-122.28167,661.1,70.5666666666667
"2002",41.19334,-120.94458,1280.8,69.9
"2002",41.24,-120.79,1886.7,57.8
"2002",41.25171,-122.13827,985.4,68.1666666666667
"2002",41.2694,-123.1875,1815.4,65
"2002",41.2769,-121.9794,975.4,62.8666666666667
"2002",41.2944,-120.8639,1463,67.9666666666667
"2002",41.3003,-123.1322,668.1,75.1333333333333
"2002",41.30206,-123.53851,122.8,72.6666666666667
"2002",41.3075,-122.7958,955.9,72.2
"2002",41.314893,-122.317127,1083,66.2333333333333
"2002",41.3156,-122.3156,0,68.4
"2002",41.32175,-122.31725,1101.2,69.5
"2002",41.3322,-120.4725,1332.6,67.7666666666667
"2002",41.3378,-122.82484,940.3,66.5
"2002",41.3619,-124.0191,48.8,56.7
"2002",41.39,-123.4958,280.4,76.5
"2002",41.4219,-120.9016,1313.7,70.5
"2002",41.4272,-121.4639,1602.6,68
"2002",41.4342,-120.8678,1314.3,66.9
"2002",41.4589,-120.3536,1335,67.15
"2002",41.4789,-122.4539,893.1,72.4
"2002",41.48362,-120.5615,1335.9,65.0666666666667
"2002",41.49021,-120.54376,1332.9,65.5666666666667
"2002",41.53,-120.6714,1530.7,67.3
"2002",41.5301,-120.1791,1428.9,68.3666666666667
"2002",41.57861,-124.07472,8.5,58.6
"2002",41.58,-120.3,2142.7,60.4666666666667
"2002",41.5992,-122.9336,1287.8,75.2
"2002",41.6431,-121.7939,1502.1,64.9
"2002",41.6853,-122.5942,914.4,72.6666666666667
"2002",41.70237,-122.64169,826.6,69.7333333333333
"2002",41.71171,-121.5067,1455.4,67
"2002",41.7358,-123.7917,1615.4,62.75
"2002",41.7417,-121.5383,1453.9,67.6666666666667
"2002",41.77373,-122.46825,806.1,69.4333333333333
"2002",41.775,-122.9503,1674.3,67.5
"2002",41.78361,-124.23796,17,54.6666666666667
"2002",41.7861,-122.0056,1645.9,67.4666666666667
"2002",41.7958,-124.2147,13.1,56.6
"2002",41.8386,-122.85,591.3,74.1
"2002",41.8458,-123.9792,152.4,67.9
"2002",41.8586,-123.3525,1423.4,70.4
"2002",41.8715,-120.1574,1444.4,65.9333333333333
"2002",41.89,-120.75,1575.8,61.4333333333333
"2002",41.99,-120.18,2243.3,55.5666666666667
"2002",41.9919,-123.6036,1210.1,66.1333333333333
"2002",41.9992,-121.7003,1249.1,65.5
"2003",32.57583,-116.99391,158.9,68.6333333333333
"2003",32.6058,-116.6089,714.8,73.9
"2003",32.6261,-116.4681,805,69.15
"2003",32.6263,-116.4699,801.6,72.7
"2003",32.685,-116.9736,129.5,69.9
"2003",32.69219,-117.20983,4.4,68.2333333333333
"2003",32.7214,-116.4631,1049.4,72
"2003",32.7336,-117.1831,4.6,68.9666666666667
"2003",32.7397,-114.8839,66.1,93.0666666666667
"2003",32.76536,-117.2315,4.3,67.4333333333333
"2003",32.76654,-115.56638,-9.1,89.9
"2003",32.8005,-116.928,150.9,74.0333333333333
"2003",32.81453,-117.13747,127.5,69.9666666666667
"2003",32.83241,-115.66377,-14.1,85.5
"2003",32.8336,-116.7392,622.1,74.7333333333333
"2003",32.83464,-115.57656,-16.8,90.3666666666667
"2003",32.8358,-116.7774,516.6,72.55
"2003",32.8488,-115.5666,-19.5,91.3
"2003",32.8569,-116.6222,1060.7,76.6333333333333
"2003",32.86667,-117.13333,145.4,70.7666666666667
"2003",32.8797,-116.4203,1755.6,67.4333333333333
"2003",32.9083,-114.4944,91.4,93.1666666666667
"2003",32.9544,-115.5581,-30.5,89.9
"2003",32.9736,-115.1736,84.7,93.1
"2003",32.9897,-116.5872,1414.3,72.45
"2003",32.9903,-116.0669,231.6,94.1333333333333
"2003",33.0113,-116.908,448.1,75.85
"2003",33.0164,-116.6339,0,68.85
"2003",33.03801,-116.915979,422,71.5666666666667
"2003",33.0736,-116.8458,466.3,72.3666666666667
"2003",33.0758,-116.5908,1292.4,73.2333333333333
"2003",33.0763,-116.5925,1284.7,71.2333333333333
"2003",33.0955,-116.9975,128,73.3
"2003",33.121,-117.09,182.9,77.45
"2003",33.12993,-117.27651,95.3,67.8333333333333
"2003",33.1552,-116.1688,118.9,96.05
"2003",33.2097,-117.395,3,65.7666666666667
"2003",33.21946,-117.34962,9.1,68.3
"2003",33.2222,-116.4975,1345.7,76.3
"2003",33.2354,-117.2322,131.1,68.7666666666667
"2003",33.2372,-117.0086,452,75.3
"2003",33.2372,-116.7614,823,69.9666666666667
"2003",33.2559,-116.4036,246.9,90.8
"2003",33.2889,-117.4389,30.5,69.0333333333333
"2003",33.30424,-117.35508,21.4,68.2
"2003",33.3722,-117.3589,279.8,73.55
"2003",33.378,-116.84,1691.6,73.6
"2003",33.3814,-117.2856,325.5,70.9666666666667
"2003",33.3933,-116.795,838.8,76.8333333333333
"2003",33.40419,-118.41456,477,68.7
"2003",33.445,-117.4181,707.1,77.5
"2003",33.4781,-117.4858,366.7,72.0333333333333
"2003",33.5286,-117.2306,603.5,78
"2003",33.5319,-117.5525,114.3,72.3333333333333
"2003",33.5417,-117.5917,213.4,71.6666666666667
"2003",33.5453,-117.7813,13.4,69.4333333333333
"2003",33.555,-116.673,1194.8,71.45
"2003",33.5697,-116.073,-55.8,94.7
"2003",33.6031,-117.8836,3,69.4
"2003",33.61388,-114.59813,81.7,92.1
"2003",33.61876,-114.71451,120.4,93
"2003",33.63166,-116.16412,-36,90.1
"2003",33.6472,-117.4111,926,77
"2003",33.6667,-116.7667,1499.6,72.8666666666667
"2003",33.67975,-117.86746,13,71.2
"2003",33.686,-117.3458,386.5,75.3
"2003",33.7025,-117.75389,71.6,66.3
"2003",33.7044,-115.6289,417.6,88.6666666666667
"2003",33.72,-117.723,164.6,76.8
"2003",33.7381,-116.8939,552,77.5333333333333
"2003",33.7403,-116.8414,594.4,79.6
"2003",33.7442,-117.8667,41.1,72.4666666666667
"2003",33.7572,-116.7066,1639.8,68.3
"2003",33.7625,-117.4828,342.9,77.8333333333333
"2003",33.7965,-116.9753,464.8,76.25
"2003",33.8016,-118.3419,27.4,69.0666666666667
"2003",33.80807,-115.45138,296.6,92
"2003",33.8081,-117.7111,542.8,74.8333333333333
"2003",33.81177,-118.14718,10.2,72.1666666666667
"2003",33.82216,-116.50433,124.7,91.0333333333333
"2003",33.8275,-116.5097,129.5,92.4666666666667
"2003",33.8647,-117.8425,70.7,74.9666666666667
"2003",33.87154,-117.98561,26.3,74.0666666666667
"2003",33.8744,-117.5492,195.1,77.1333333333333
"2003",33.8767,-117.3089,524.3,74.2
"2003",33.89,-117.8188,106.7,70.4666666666667
"2003",33.92353,-118.33291,16.6,70.0333333333333
"2003",33.9306,-116.95,793.7,81.7
"2003",33.93816,-118.3866,29.7,69.2
"2003",33.9511,-117.388,256,78.4333333333333
"2003",33.95282,-117.43523,257.7,76.6666666666667
"2003",33.96694,-117.36139,300.5,77.2
"2003",33.97563,-117.62487,193.9,75.0333333333333
"2003",33.9778,-120.0778,395.6,58.1666666666667
"2003",33.9839,-118.01,289.6,73.8
"2003",33.9958,-119.7222,76.2,67.5666666666667
"2003",34.005,-118.4139,28,69.9333333333333
"2003",34.0075,-118.49972,4.3,67.2
"2003",34.0092,-119.6542,243.8,65.3666666666667
"2003",34.0178,-116.1878,1280.2,78.6
"2003",34.02099,-118.44712,53.3,69.0666666666667
"2003",34.037,-117.1948,429.8,78.4
"2003",34.0456,-118.9358,15.2,67.0666666666667
"2003",34.05314,-117.57689,281.6,76.7
"2003",34.0583,-118.6333,480.1,72.6666666666667
"2003",34.0608,-114.7322,249.9,92.9333333333333
"2003",34.0678,-118.2417,115.2,72.7
"2003",34.0697,-118.4427,131.1,69.6333333333333
"2003",34.0816,-117.7658,304.5,76.1333333333333
"2003",34.0836,-117.0347,899.2,77.1333333333333
"2003",34.0842,-118.1003,110.6,74.75
"2003",34.0869,-118.4794,340.5,71.8333333333333
"2003",34.1208,-117.9458,152.4,76.1666666666667
"2003",34.1233,-116.4078,993.6,80.8
"2003",34.12407,-119.12281,3.8,65.0333333333333
"2003",34.125,-118.4122,384,79
"2003",34.128,-116.0369,602,87.6666666666667
"2003",34.13444,-117.25389,347.5,82.5
"2003",34.1369,-117.7069,501.4,74.5333333333333
"2003",34.1472,-115.1219,281,93.2
"2003",34.1483,-118.1447,263.3,75.5
"2003",34.1819,-118.5744,240.8,75.1666666666667
"2003",34.1847,-118.7172,502.9,76.1333333333333
"2003",34.1866,-118.348,199.6,73.9666666666667
"2003",34.1942,-116.9131,1712.4,68.5
"2003",34.19966,-118.36543,222.7,75.2333333333333
"2003",34.20012,-119.20417,11.9,65.4
"2003",34.2066,-119.1375,15.8,67.1666666666667
"2003",34.2069,-117.7606,792.5,74.8
"2003",34.21,-118.87,242.3,67.05
"2003",34.2103,-116.6339,1828.8,74.4333333333333
"2003",34.21142,-119.08762,21.6,67.6
"2003",34.21214,-118.49146,239.2,76.0666666666667
"2003",34.2211,-117.4044,627,75.15
"2003",34.2308,-118.0711,1740.4,76.5
"2003",34.2339,-117.4803,851,76.0333333333333
"2003",34.243,-116.917,2058.3,64.9666666666667
"2003",34.2447,-118.525,275.5,76.1666666666667
"2003",34.2466,-117.1883,1586.5,68.1666666666667
"2003",34.2661,-116.8989,2103.1,62.9666666666667
"2003",34.2711,-118.1525,914.4,75.3
"2003",34.28964,-114.17137,224.9,94.7666666666667
"2003",34.2911,-118.8144,278.6,70.2
"2003",34.2936,-118.3608,423.7,73.4
"2003",34.294,-116.14722,610.5,85.3
"2003",34.3119,-119.13306,72.2,68.6333333333333
"2003",34.3175,-117.5019,1005.8,75.2666666666667
"2003",34.3194,-117.0131,2091.2,66.4666666666667
"2003",34.3317,-118.0303,1661.2,73.7333333333333
"2003",34.3617,-118.4217,1219.2,75.5666666666667
"2003",34.3617,-117.6386,1828.8,66.8666666666667
"2003",34.3789,-117.6919,2108.3,69.2
"2003",34.3903,-118.0825,1530.4,72.9333333333333
"2003",34.3906,-116.5169,883.9,85
"2003",34.3933,-118.5938,538,76.3
"2003",34.4044,-118.81,187.1,71.8333333333333
"2003",34.4167,-119.6844,4.9,67.2333333333333
"2003",34.4241,-119.84249,2.5,65.3
"2003",34.425,-118.525,442,80.7
"2003",34.4311,-118.6828,389.5,77.3666666666667
"2003",34.4456,-117.8511,1152.1,77.3
"2003",34.4458,-118.2,792.5,76.4666666666667
"2003",34.4477,-119.2275,227.1,75.85
"2003",34.4483,-119.2303,233.2,70.6333333333333
"2003",34.4614,-119.6481,457.2,71.7333333333333
"2003",34.4806,-118.7556,347.5,74.7666666666667
"2003",34.5025,-117.8969,945.2,81.3666666666667
"2003",34.52527,-117.29638,850.1,81.0333333333333
"2003",34.5356,-117.0258,1438.7,78.3666666666667
"2003",34.5358,-119.7833,310.9,73.6666666666667
"2003",34.5431,-119.1842,1015.3,68.0333333333333
"2003",34.5686,-118.7403,1255.8,76.1
"2003",34.58223,-119.98159,240.5,72.3666666666667
"2003",34.5883,-118.0938,796.1,80.6333333333333
"2003",34.5891,-117.6302,899.2,79.6666666666667
"2003",34.5958,-118.5786,1502.7,76.0333333333333
"2003",34.62944,-118.08309,764.7,81.2333333333333
"2003",34.6344,-117.5503,877.8,81.0666666666667
"2003",34.6538,-120.4513,22.9,63.4
"2003",34.6819,-119.3539,1118.6,74.6333333333333
"2003",34.6847,-117.8208,789.4,83.2
"2003",34.705,-118.4297,932.7,79.6666666666667
"2003",34.7325,-118.3833,841.2,81.5
"2003",34.7331,-120.0067,975.4,75
"2003",34.74121,-118.21255,712.6,81.6666666666667
"2003",34.74361,-118.72528,1374.6,73.0666666666667
"2003",34.7455,-120.28,172.2,66.2
"2003",34.7586,-120.4861,320,63.1
"2003",34.76783,-114.61842,270.6,95.3
"2003",34.8083,-119.0125,1493.5,66.5333333333333
"2003",34.85371,-116.78702,584.8,89.1
"2003",34.8927,-117.0219,676.7,85.9333333333333
"2003",34.89403,-120.45216,74.2,63.1
"2003",34.9436,-115.5469,1325.9,81.6333333333333
"2003",34.9455,-119.6827,658.4,73.5333333333333
"2003",34.988,-120.3211,177.4,67.6
"2003",35.0233,-118.7497,434.3,77.6
"2003",35.0492,-118.1619,833.6,81.35
"2003",35.0531,-116.0794,289.6,95.2
"2003",35.0964,-119.7728,759,78.7
"2003",35.1011,-118.4222,1286.3,73.4
"2003",35.1231,-115.4114,1649.9,75.2
"2003",35.1397,-118.625,1219.2,73.2666666666667
"2003",35.1503,-119.43,235.6,83.5333333333333
"2003",35.1542,-117.1756,987.6,82.9666666666667
"2003",35.1597,-120.683,11.9,66.1
"2003",35.1792,-120.3919,319.4,71.2666666666667
"2003",35.23815,-120.64406,55.8,65.8
"2003",35.27611,-116.06278,293.2,93.2
"2003",35.3056,-120.6619,93.9,67.9
"2003",35.367,-120.8447,36,58.7666666666667
"2003",35.3692,-117.6525,1088.1,82.0666666666667
"2003",35.37,-117.5683,1103.4,82.6
"2003",35.3811,-120.1875,496.8,74.1
"2003",35.4028,-119.47,68.6,81.5333333333333
"2003",35.4186,-119.0508,143.3,80.8333333333333
"2003",35.43424,-119.05524,149.3,83.2333333333333
"2003",35.47028,-115.54361,1441.7,78.5333333333333
"2003",35.4783,-117.6989,1338.1,81.7666666666667
"2003",35.5317,-118.6303,718.1,79.3666666666667
"2003",35.5892,-119.352,88.7,81.9666666666667
"2003",35.6277,-120.6855,222.5,70.3
"2003",35.6513,-117.8213,740.7,83.5
"2003",35.6564,-120.9242,303,71.9333333333333
"2003",35.6647,-118.0569,1698.3,77.0333333333333
"2003",35.66556,-121.28472,18,55.9666666666667
"2003",35.66936,-120.62918,249.8,73.2
"2003",35.6841,-121.1683,465.1,69.5333333333333
"2003",35.686254,-117.690911,680,81.7
"2003",35.7217,-118.4989,960.1,78.0333333333333
"2003",35.7269,-118.7006,957.1,70.0333333333333
"2003",35.755,-118.4167,829.1,80.1666666666667
"2003",35.7636,-117.3908,516.6,79.4333333333333
"2003",35.7706,-115.9092,1524,80.5333333333333
"2003",35.7831,-118.4389,823.9,81.8
"2003",35.8644,-120.8031,163.7,75.5333333333333
"2003",35.8717,-117.9183,1264.9,84.9333333333333
"2003",35.8842,-118.0517,2507.9,65.5333333333333
"2003",35.8889,-118.6333,1133.9,74.8333333333333
"2003",35.8922,-118.915,64,80.2
"2003",35.8989,-120.4319,467.9,81.2
"2003",35.9717,-118.545,1432.6,68.1
"2003",36.0067,-119.96,73.2,80.6
"2003",36.0117,-121.2417,335.3,74.7333333333333
"2003",36.0333,-120.0569,246.9,82.3
"2003",36.06778,-119.02,119.8,81.1
"2003",36.0931,-118.2603,2499.4,62.0666666666667
"2003",36.0975,-119.5817,61,80.8333333333333
"2003",36.1203,-117.0878,2097,73.9666666666667
"2003",36.1356,-120.3606,204.2,82.3666666666667
"2003",36.1388,-117.9527,1165.9,79.6
"2003",36.1753,-118.7017,987.6,79.0333333333333
"2003",36.18833,-120.69528,701,72.3333333333333
"2003",36.2032,-119.0545,132.6,81.1
"2003",36.2069,-121.1377,97.5,69.7333333333333
"2003",36.23,-121.4917,298.7,73.4333333333333
"2003",36.2314,-118.8689,586.1,85.35
"2003",36.2356,-121.785,137.2,64.4333333333333
"2003",36.2472,-121.7802,61,64.4
"2003",36.3114,-119.62319,76,80.0333333333333
"2003",36.3158,-119.637,72.2,80.3333333333333
"2003",36.32833,-119.2997,92.4,80.3
"2003",36.33333,-119.95,70.7,79.5
"2003",36.3478,-120.5978,1524,72.2
"2003",36.3642,-120.1561,86.9,79.6333333333333
"2003",36.3817,-119.0264,156.4,81.3333333333333
"2003",36.3825,-120.8558,1137.8,75.6
"2003",36.3886,-121.5517,574.5,67.2
"2003",36.4069,-118.4217,2621.3,64.35
"2003",36.4108,-118.8092,1966,67.5
"2003",36.445,-118.7033,1597.2,73.7
"2003",36.46263,-116.8672,-59.1,101.733333333333
"2003",36.465,-118.8619,347.5,78.25
"2003",36.4708,-121.1472,402.9,74.6666666666667
"2003",36.4805,-121.7244,146.3,65.3333333333333
"2003",36.4819,-121.1822,398.4,71.1666666666667
"2003",36.4914,-118.8253,520.6,82.5
"2003",36.5672,-118.9556,1240.2,75.1333333333333
"2003",36.59041,-121.84881,48.8,61.7
"2003",36.5927,-121.8555,37.2,61.5166666666667
"2003",36.6044,-118.7325,2052.8,59.3666666666667
"2003",36.6269,-121.7981,140.2,61.4
"2003",36.6269,-121.7864,149.4,60.1666666666667
"2003",36.6594,-121.6663,13.7,66.6
"2003",36.66352,-121.60928,22.3,63.6333333333333
"2003",36.6853,-119,1237.5,75.5
"2003",36.715,-121.34917,275.8,67.0333333333333
"2003",36.7242,-118.9425,2298.2,64.8666666666667
"2003",36.7267,-118.675,2475,65.9
"2003",36.73751,-118.96197,2005.6,64.2
"2003",36.7672,-119.7092,103,80.8
"2003",36.77999,-119.72016,101.9,82.0333333333333
"2003",36.7878,-118.6561,1438.7,68.9333333333333
"2003",36.798,-118.2036,1204,83.2333333333333
"2003",36.8422,-121.3622,123.1,68.4333333333333
"2003",36.8425,-118.2594,1479.8,79.6
"2003",36.8483,-121.4213,83.8,68.5666666666667
"2003",36.8839,-119.4658,280.4,83.4666666666667
"2003",36.9092,-119.0883,528.8,81.3333333333333
"2003",36.9111,-119.305,469.4,80.9
"2003",36.9308,-121.7691,29,63.1666666666667
"2003",36.93936,-121.79001,49.5,63.8
"2003",36.9539,-120.0378,82.3,78.6666666666667
"2003",36.9614,-119.175,1538.6,72.4666666666667
"2003",36.98505,-120.11068,76.6,78.0666666666667
"2003",36.98785,-121.99952,21.3,63.8
"2003",36.98972,-120.92972,124.1,78.8666666666667
"2003",36.9911,-121.7978,137.2,67.2666666666667
"2003",36.99574,-119.70691,131.1,80.2666666666667
"2003",37.003,-121.5608,59.1,70.1
"2003",37.0153,-119.5678,366.1,77.0666666666667
"2003",37.05056,-122.075,121.9,66.1333333333333
"2003",37.05333,-121.05778,84.4,78.1666666666667
"2003",37.0544,-119.3711,1249.7,75.6
"2003",37.0547,-121.0531,106.7,80.65
"2003",37.0563,-120.8666,36.6,78.0666666666667
"2003",37.0664,-119.0394,1727.6,61.7333333333333
"2003",37.08689,-122.08221,132.6,67.9
"2003",37.0919,-119.5128,637,80.6666666666667
"2003",37.1317,-122.17,801.6,68.8666666666667
"2003",37.135,-119.2561,1751.4,63.6333333333333
"2003",37.1822,-120.7939,19.8,76.0333333333333
"2003",37.2028,-121.9428,609.6,71.5333333333333
"2003",37.2064,-119.2419,1486.8,69.8666666666667
"2003",37.2275,-119.22056,2139.7,69.1333333333333
"2003",37.2319,-121.9592,111.3,69.4
"2003",37.2319,-119.5083,963.2,78.4666666666667
"2003",37.2329,-119.5097,806.2,75.8333333333333
"2003",37.2331,-119.5047,829.1,78.2666666666667
"2003",37.2811,-121.0177,27.4,76.05
"2003",37.28597,-120.51788,46.5,77.6
"2003",37.2888,-120.5158,46.9,78.6666666666667
"2003",37.3053,-122.255,265.8,63.0666666666667
"2003",37.31167,-122.36167,83.8,61
"2003",37.3133,-122.185,691.9,67.3
"2003",37.3147,-119.0383,2256.4,63.7333333333333
"2003",37.3292,-121.2939,563.9,76.2666666666667
"2003",37.34336,-121.63473,1286.3,70
"2003",37.34972,-121.90333,20.4,69.7333333333333
"2003",37.3581,-122.1472,196.6,69.7
"2003",37.35938,-121.92444,15,69.2
"2003",37.37114,-118.35886,1252.8,76.3
"2003",37.3761,-119.1783,2748.7,59.8
"2003",37.39,-118.5506,1414.3,79.0333333333333
"2003",37.4058,-122.0481,11.9,68.1
"2003",37.4094,-119.7681,937.9,81.9333333333333
"2003",37.4286,-122.2561,115.8,70.4
"2003",37.4431,-121.7706,629.7,70.3333333333333
"2003",37.4681,-120.1106,365.8,80.3333333333333
"2003",37.475,-122.2981,196.3,68.1666666666667
"2003",37.4767,-122.2386,9.4,68.7
"2003",37.4783,-118.4078,1371.6,73.8666666666667
"2003",37.5019,-121.7355,932.7,70.5666666666667
"2003",37.50193,-120.84566,31.4,78.1333333333333
"2003",37.5042,-119.9869,680,77.2666666666667
"2003",37.5122,-119.6331,1538.3,63.1
"2003",37.5147,-122.0325,3,68.2666666666667
"2003",37.5422,-122.0158,11.6,68
"2003",37.5436,-119.8386,1188.7,76.2
"2003",37.5514,-118.6672,2145.8,66.3666666666667
"2003",37.5531,-121.8439,374.9,68.5
"2003",37.5625,-122.4364,327.7,61.7333333333333
"2003",37.59167,-122.47167,144.8,62.8
"2003",37.61962,-122.36562,3.2,64.0333333333333
"2003",37.62544,-120.95492,26.5,78.3666666666667
"2003",37.63,-119.0933,2304.3,57.7
"2003",37.6478,-118.9617,2378.7,60.5
"2003",37.65886,-122.12116,9.6,66.6666666666667
"2003",37.6819,-121.3466,41.1,73.8
"2003",37.68194,-121.75139,161.2,72.8
"2003",37.69309,-121.8149,119.7,71.2333333333333
"2003",37.7119,-121.8136,243.8,71.5666666666667
"2003",37.7178,-122.23301,1.5,64.6333333333333
"2003",37.728,-122.5052,2.4,59.1
"2003",37.745,-118.9833,2316.5,59.3666666666667
"2003",37.75027,-119.58972,1224.7,71.4666666666667
"2003",37.7617,-119.8247,2025.1,65.9666666666667
"2003",37.7705,-122.4269,45.7,61.1
"2003",37.7861,-122.1447,333.8,65.2
"2003",37.79589,-121.58319,18.6,76.8
"2003",37.7983,-122.2642,9.1,65.3666666666667
"2003",37.8172,-121.7789,621.8,73.8333333333333
"2003",37.8233,-120.0975,975.4,71.8
"2003",37.8331,-120.5,310.9,77.6333333333333
"2003",37.8339,-122.0669,536.4,68.8
"2003",37.8431,-118.4778,1661.2,72.5666666666667
"2003",37.8444,-120.2258,853.4,71.8
"2003",37.8511,-119.65,2446,57.2
"2003",37.865,-122.2208,427.6,64.5333333333333
"2003",37.8683,-119.3183,2825.5,52.6333333333333
"2003",37.8744,-122.2605,94.5,65.4333333333333
"2003",37.8792,-121.9303,661.4,71.1666666666667
"2003",37.8817,-121.9142,1173.2,70.6333333333333
"2003",37.88997,-121.22637,8.3,76.1
"2003",37.9191,-122.3772,6.1,63.3
"2003",37.9442,-122.1178,442,69.1333333333333
"2003",37.95,-121.8844,487.7,71.3666666666667
"2003",37.9566,-122.5447,44.2,68.3666666666667
"2003",37.9567,-119.1194,2071.7,67.6666666666667
"2003",37.9613,-119.783,1179.6,71.7666666666667
"2003",37.9672,-120.3872,510.5,73.6333333333333
"2003",37.9747,-119.9161,1452.4,71.2333333333333
"2003",37.9833,-122.0692,12.2,72.5
"2003",37.9833,-121.7525,18.3,75.65
"2003",37.9906,-122.6447,426.7,67.6666666666667
"2003",37.99165,-122.05268,7,72.7
"2003",37.9983,-122.5372,36.6,67.3666666666667
"2003",37.9994,-121.3177,3.7,75.3
"2003",38.0047,-120.4863,292.6,81.5
"2003",38.0131,-122.1142,12.2,72.0666666666667
"2003",38.0281,-122.7022,378,64.4
"2003",38.0631,-120.2469,1503.6,72.4
"2003",38.07,-119.23,2878.8,58.5666666666667
"2003",38.1,-122.1869,103.9,67
"2003",38.1061,-121.2877,12.2,75.4333333333333
"2003",38.2075,-122.28041,4.7,66.1333333333333
"2003",38.2119,-119.0142,2551.2,55.2333333333333
"2003",38.2428,-120.515,780,75.9333333333333
"2003",38.2486,-120.8433,200.6,79.1666666666667
"2003",38.2575,-119.2286,1972.1,62.5
"2003",38.2577,-122.6077,6.1,67.1666666666667
"2003",38.2719,-119.2892,2026.9,66.1666666666667
"2003",38.2736,-122.0677,12.2,73.5
"2003",38.2769,-120.3113,1431,66.3
"2003",38.2777,-122.2647,10.7,70
"2003",38.28,-119.61,2931.3,52.8
"2003",38.2994,-122.4622,29.6,68.1
"2003",38.3,-119.55,2194,59.2333333333333
"2003",38.31,-119.6,2690.5,57.1333333333333
"2003",38.3772,-120.8008,483.4,77.2
"2003",38.37753,-121.95854,31.7,76.0333333333333
"2003",38.3894,-120.6511,902.2,75.95
"2003",38.395,-122.35667,29,69.7666666666667
"2003",38.39556,-121.96083,33.5,78
"2003",38.4305,-122.8647,61,66.5666666666667
"2003",38.44,-119.37,2814.2,56.2666666666667
"2003",38.44472,-120.51222,914.4,71.9
"2003",38.45579,-122.71335,50.6,67.0666666666667
"2003",38.4786,-122.7119,175.6,68.7666666666667
"2003",38.4883,-120.325,1524,72.9333333333333
"2003",38.4916,-122.1241,146.3,76.1333333333333
"2003",38.492,-122.0039,57,77.6666666666667
"2003",38.50369,-122.81101,36.2,67.6333333333333
"2003",38.50659,-121.49604,5.9,75.6
"2003",38.5066,-122.4713,68.6,71.8333333333333
"2003",38.51,-119.63,2357.9,56.1333333333333
"2003",38.5252,-121.9777,41.1,78.8333333333333
"2003",38.5349,-121.7761,18.3,75.4
"2003",38.55,-119.8,2671.6,57.3333333333333
"2003",38.5552,-121.4183,11.6,77.7333333333333
"2003",38.5653,-119.4592,1658.1,73.9333333333333
"2003",38.573,-122.4405,522.7,69.7
"2003",38.57682,-122.57811,106.7,70.2
"2003",38.5908,-120.9336,275.8,75.6333333333333
"2003",38.61,-119.92,2455.8,56.2666666666667
"2003",38.6197,-120.5614,1140,72.7666666666667
"2003",38.62935,-122.86646,53.9,72.8333333333333
"2003",38.67,-119.82,1863.9,64.3666666666667
"2003",38.67,-119.61,2532.9,59.3666666666667
"2003",38.6829,-121.794,20.4,77.4
"2003",38.6833,-119.7667,1676.7,67.5333333333333
"2003",38.69194,-119.78028,1685.5,63.8
"2003",38.6955,-120.8244,563.9,76.2666666666667
"2003",38.70069,-121.59479,7.5,76.0666666666667
"2003",38.7333,-120.245,1597.2,68.1333333333333
"2003",38.7383,-122.1447,107.9,78.9333333333333
"2003",38.7395,-119.518,1613,66.8
"2003",38.7817,-122.9169,609.6,71.2666666666667
"2003",38.8325,-121.0086,365.8,74.5
"2003",38.8489,-120.0181,1923.3,61.0333333333333
"2003",38.85,-120.08,2337.8,59.9666666666667
"2003",38.85,-119.94,2370.1,56.8666666666667
"2003",38.8619,-122.4172,670.6,74.4
"2003",38.8825,-121.2683,61,79.9666666666667
"2003",38.89838,-119.99617,1907,59.7666666666667
"2003",38.9056,-120.6972,1426.5,74.6
"2003",38.9072,-121.0838,393.8,78.3
"2003",38.9119,-122.7064,659.3,76.4333333333333
"2003",38.92,-119.92,2615.8,55.5
"2003",38.9238,-122.5672,411.2,69
"2003",38.93,-120.05,1900.7,54.7
"2003",38.933,-120.8008,914.7,72.55
"2003",38.9875,-123.3486,196.3,68.2
"2003",39,-120.13,2343.6,61.2666666666667
"2003",39.0189,-122.4119,635.5,78.9
"2003",39.0308,-123.0806,817.5,72.2
"2003",39.0717,-120.4217,1597.2,69.4333333333333
"2003",39.0901,-120.947,723.3,75.7666666666667
"2003",39.0914,-120.7317,1327.4,72.8333333333333
"2003",39.10205,-121.56884,18.9,77.1666666666667
"2003",39.1258,-123.0736,975.4,72.7333333333333
"2003",39.12781,-123.20015,183.7,72.5666666666667
"2003",39.14,-120.22,2028.4,58.1
"2003",39.1458,-121.5852,17.4,79.4666666666667
"2003",39.1466,-123.2102,193.9,71.7
"2003",39.1678,-120.1428,1898.9,61.3
"2003",39.17,-120.15,2071.7,61.1
"2003",39.1836,-120.8847,861.4,74.2666666666667
"2003",39.1875,-122.0269,15.2,76.5333333333333
"2003",39.19,-120.26,2447.2,58.6333333333333
"2003",39.19056,-122.89639,406.9,70.3
"2003",39.2041,-121.068,731.5,71.6
"2003",39.2083,-122.8083,1475.2,71.3
"2003",39.2466,-121.0008,847.6,71.7333333333333
"2003",39.27617,-120.70927,1611.2,68.2333333333333
"2003",39.3,-120.18,1983.9,63.9666666666667
"2003",39.3036,-121.1172,599.8,77.0666666666667
"2003",39.3167,-120.8375,1316.7,74.7
"2003",39.3239,-120.2331,1809.6,63.1
"2003",39.33,-120.37,2089.4,59.2
"2003",39.333,-120.173,1774.9,60.9666666666667
"2003",39.3528,-123.6011,180.7,65.4666666666667
"2003",39.3575,-121.2011,499.9,73.6
"2003",39.35917,-122.51778,367.3,74.8
"2003",39.3619,-123.1286,310.3,72.5333333333333
"2003",39.3669,-122.575,365.8,76.7333333333333
"2003",39.3886,-120.0936,1699.3,61.2
"2003",39.3975,-121.3861,244.8,76.9666666666667
"2003",39.4172,-122.1825,36.6,77.9666666666667
"2003",39.4194,-123.3425,412.4,60.8
"2003",39.425,-122.9772,540.4,71.5
"2003",39.43,-120.31,2545.7,59.6
"2003",39.43167,-120.24056,1931.5,57.7
"2003",39.45,-120.29,2134.5,59.2
"2003",39.4539,-120.6556,1641.3,66
"2003",39.475,-121.2025,1132,75.8
"2003",39.4833,-120.075,2093.1,63.1
"2003",39.49,-120.28,1967.8,58.9666666666667
"2003",39.4943,-121.62226,56.9,78.6
"2003",39.51,-123.75639,37.5,57.3666666666667
"2003",39.5177,-121.553,52.1,75.6
"2003",39.52316,-122.3048,71.3,76.2666666666667
"2003",39.53194,-121.1611,1130.8,66.8333333333333
"2003",39.5619,-120.0478,1821.5,65.1333333333333
"2003",39.5633,-120.8238,888.5,69.9333333333333
"2003",39.5833,-120.3705,1516.4,63.6
"2003",39.5861,-122.5341,243.8,76.8333333333333
"2003",39.6375,-120.8653,2033,66
"2003",39.6514,-122.7236,1310.6,71.9666666666667
"2003",39.6681,-123.3211,740.1,70.4666666666667
"2003",39.7022,-123.485,554.7,71.4666666666667
"2003",39.7119,-121.7789,70.1,77.4333333333333
"2003",39.7358,-121.4889,759,79.75
"2003",39.7458,-122.1997,77.4,78.4333333333333
"2003",39.7538,-121.6241,533.4,77.4333333333333
"2003",39.8053,-120.4719,1478.3,63.8333333333333
"2003",39.8075,-122.945,1652,67.7
"2003",39.8158,-123.2444,430.7,70.6333333333333
"2003",39.8333,-123.0833,457.2,74
"2003",39.8644,-122.6097,317,83.3333333333333
"2003",39.8716,-121.6108,826,73.4
"2003",39.8717,-121.7689,528.2,80.0666666666667
"2003",39.87778,-123.7275,260,63.6
"2003",39.9278,-122.6569,1131.7,75.2
"2003",39.9366,-120.9475,1042.4,69.1
"2003",39.9389,-122.1697,89.6,79.7
"2003",39.9717,-120.0828,1338.1,68.9666666666667
"2003",39.9733,-120.9419,1066.8,70.1333333333333
"2003",40.0017,-120.915,1377.7,70.7333333333333
"2003",40.0222,-120.1056,1292.4,71.1666666666667
"2003",40.02611,-123.79306,153.3,67.6
"2003",40.03306,-124.07278,75,61.1666666666667
"2003",40.0686,-121.5825,1466.7,70.5
"2003",40.1383,-123.8236,135.9,69.0333333333333
"2003",40.1417,-120.3533,1767.8,71.5
"2003",40.15186,-122.25478,108,80.2
"2003",40.1705,-121.0886,1389.9,66.5666666666667
"2003",40.1867,-123.5903,281.3,71.0666666666667
"2003",40.2461,-120.6422,1737.4,67
"2003",40.2506,-123.3158,832.7,68.2
"2003",40.2569,-124.2661,899.2,65.0333333333333
"2003",40.295,-122.8667,1066.8,73.7
"2003",40.30209,-121.24391,1387.1,64.3
"2003",40.3067,-120.9,1767.8,66.3666666666667
"2003",40.3375,-123.0656,1378.8,69.9666666666667
"2003",40.3442,-121.7136,1267.7,74.1666666666667
"2003",40.3458,-121.6091,1485.9,62.3666666666667
"2003",40.3983,-122.8333,579.1,78.6666666666667
"2003",40.4167,-120.6631,1283.8,70.4
"2003",40.4633,-123.5239,845.8,67.8333333333333
"2003",40.4808,-120.1139,1339.6,67.4333333333333
"2003",40.4833,-124.1038,41.5,63.5333333333333
"2003",40.505,-123.3417,1219.2,69.9666666666667
"2003",40.51462,-122.29773,152.6,81.0333333333333
"2003",40.5158,-122.2906,152.4,81.6333333333333
"2003",40.54,-121.5803,1725.2,59.15
"2003",40.5411,-121.5766,1752.6,61.3666666666667
"2003",40.55,-123.165,708.1,71.2666666666667
"2003",40.5524,-123.2122,701,72
"2003",40.5981,-121.0831,1722.1,60.5666666666667
"2003",40.6116,-122.528,394.7,79.7333333333333
"2003",40.6194,-121.8994,736.7,78.1666666666667
"2003",40.6306,-120.5028,1554.5,66.7666666666667
"2003",40.6506,-122.6056,404.2,79.5333333333333
"2003",40.6507,-122.6068,432.2,77.7
"2003",40.7141,-122.4161,327.7,80.8666666666667
"2003",40.7219,-123.4953,792.5,71.9
"2003",40.7263,-122.7947,567.2,72.1666666666667
"2003",40.7308,-120.3164,1614.8,67.7666666666667
"2003",40.7333,-123.2333,457.2,76.2666666666667
"2003",40.735,-122.9433,640.1,74
"2003",40.73529,-122.9441,627.3,72.5333333333333
"2003",40.7405,-123.2077,381.9,73
"2003",40.7586,-120.8961,1889.8,64.0333333333333
"2003",40.7817,-120.7844,1877,63.2
"2003",40.7864,-122.8045,1008.3,72.6333333333333
"2003",40.7964,-123.9367,512.1,64.2
"2003",40.8072,-121.2967,1752.6,67.5333333333333
"2003",40.8097,-124.1602,6.1,59.0666666666667
"2003",40.8802,-121.6547,974.8,68.2666666666667
"2003",40.8892,-123.1422,1432.6,71.9666666666667
"2003",40.9167,-122.4383,1280.2,74.25
"2003",40.9258,-121.5856,1130.8,72.5333333333333
"2003",40.9316,-121.5433,919,67.7333333333333
"2003",40.97844,-124.10479,64.5,56.6333333333333
"2003",41.0064,-121.9833,518.2,76.5666666666667
"2003",41.0478,-123.6714,114.3,72.0333333333333
"2003",41.0519,-120.6861,1554.5,64.3333333333333
"2003",41.0547,-120.3375,1711.5,65.6
"2003",41.075,-122.3733,731.5,77.5333333333333
"2003",41.0975,-123.6358,1088.1,67.5
"2003",41.1117,-122.6967,1341.1,73.1
"2003",41.1383,-123.9056,804.7,65.9
"2003",41.1831,-122.28167,661.1,70.9666666666667
"2003",41.19334,-120.94458,1280.8,67.2
"2003",41.24,-120.79,1886.7,58.1333333333333
"2003",41.25171,-122.13827,985.4,68.9
"2003",41.2694,-123.1875,1815.4,66.2666666666667
"2003",41.2769,-121.9794,975.4,67
"2003",41.2897,-123.8575,150.9,67.3333333333333
"2003",41.2944,-120.8639,1463,68.9666666666667
"2003",41.295,-120.3133,1889.8,63.9
"2003",41.3003,-123.1322,668.1,73.5666666666667
"2003",41.30206,-123.53851,122.8,73.5333333333333
"2003",41.3075,-122.7958,955.9,70.5666666666667
"2003",41.314893,-122.317127,1083,67.4666666666667
"2003",41.3156,-122.3156,0,70.2
"2003",41.32175,-122.31725,1101.2,67.5
"2003",41.3322,-120.4725,1332.6,68.8666666666667
"2003",41.3378,-122.82484,940.3,67.5333333333333
"2003",41.3619,-124.0191,48.8,58.2
"2003",41.4219,-120.9016,1313.7,63
"2003",41.4272,-121.4639,1602.6,68.4
"2003",41.4342,-120.8678,1314.3,67.5333333333333
"2003",41.4589,-120.3536,1335,66.4
"2003",41.4789,-122.4539,893.1,71.6666666666667
"2003",41.48362,-120.5615,1335.9,65.6666666666667
"2003",41.49021,-120.54376,1332.9,70.6
"2003",41.53,-120.6714,1530.7,68
"2003",41.5301,-120.1791,1428.9,69.9333333333333
"2003",41.57861,-124.07472,8.5,49.1666666666667
"2003",41.58,-120.3,2142.7,61.2
"2003",41.5992,-122.9336,1287.8,73.1
"2003",41.6294,-121.2981,1511.8,69.1333333333333
"2003",41.6431,-121.7939,1502.1,67.2666666666667
"2003",41.6853,-122.5942,914.4,73.1666666666667
"2003",41.70237,-122.64169,826.6,69.9
"2003",41.71171,-121.5067,1455.4,68.6
"2003",41.7358,-123.7917,1615.4,63.9333333333333
"2003",41.7417,-121.5383,1453.9,69.5
"2003",41.77373,-122.46825,806.1,70.9333333333333
"2003",41.775,-122.9503,1674.3,66.6333333333333
"2003",41.78361,-124.23796,17,56.7333333333333
"2003",41.7861,-122.0056,1645.9,68.5333333333333
"2003",41.7958,-124.2147,13.1,58.3666666666667
"2003",41.8386,-122.85,591.3,72.7666666666667
"2003",41.8458,-123.9792,152.4,68.4333333333333
"2003",41.8586,-123.3525,1423.4,70.8333333333333
"2003",41.8715,-120.1574,1444.4,66.9
"2003",41.89,-120.75,1575.8,62.5333333333333
"2003",41.99,-120.18,2243.3,57.3333333333333
"2003",41.9919,-123.6036,1210.1,77.8
"2003",41.9992,-121.7003,1249.1,65.0333333333333
"2004",32.57583,-116.99391,158.9,68.2333333333333
"2004",32.6058,-116.6089,714.8,71.5333333333333
"2004",32.6261,-116.4681,805,69.0666666666667
"2004",32.6263,-116.4699,801.6,70.0333333333333
"2004",32.685,-116.9736,129.5,69.4333333333333
"2004",32.69219,-117.20983,4.4,67.7
"2004",32.7214,-116.4631,1049.4,69.5
"2004",32.7336,-117.1831,4.6,70.2
"2004",32.7397,-114.8839,66.1,92.1333333333333
"2004",32.76536,-117.2315,4.3,67.4666666666667
"2004",32.76654,-115.56638,-9.1,89.7333333333333
"2004",32.8005,-116.928,150.9,75.75
"2004",32.81453,-117.13747,127.5,69.9
"2004",32.83241,-115.66377,-14.1,88.6
"2004",32.8336,-116.7392,622.1,73.2666666666667
"2004",32.83464,-115.57656,-16.8,89.3666666666667
"2004",32.8358,-116.7774,516.6,74.1
"2004",32.8488,-115.5666,-19.5,90.1
"2004",32.8569,-116.6222,1060.7,71.7333333333333
"2004",32.86667,-117.13333,145.4,71.25
"2004",32.8672,-116.4194,1804.4,69.4
"2004",32.8797,-116.4203,1755.6,65.1333333333333
"2004",32.9083,-114.4944,91.4,92.6666666666667
"2004",32.9544,-115.5581,-30.5,89.2
"2004",32.9736,-115.1736,84.7,94.5666666666667
"2004",32.9897,-116.5872,1414.3,68.7333333333333
"2004",32.9903,-116.0669,231.6,93.2
"2004",33.0113,-116.908,448.1,71.5333333333333
"2004",33.0164,-116.6339,0,73.3666666666667
"2004",33.03801,-116.915979,422,70.1666666666667
"2004",33.0736,-116.8458,466.3,70.1333333333333
"2004",33.0758,-116.5908,1292.4,72.2
"2004",33.0763,-116.5925,1284.7,70.3666666666667
"2004",33.0955,-116.9975,128,72.0333333333333
"2004",33.121,-117.09,182.9,75
"2004",33.12993,-117.27651,95.3,67.3666666666667
"2004",33.1552,-116.1688,118.9,91.4
"2004",33.2097,-117.395,3,65.25
"2004",33.21946,-117.34962,9.1,67.7
"2004",33.2222,-116.4975,1345.7,75.3
"2004",33.2354,-117.2322,131.1,68.05
"2004",33.2372,-117.0086,452,73.2333333333333
"2004",33.2372,-116.7614,823,66.9666666666667
"2004",33.2559,-116.4036,246.9,89.2333333333333
"2004",33.2889,-117.4389,30.5,68.2333333333333
"2004",33.30424,-117.35508,21.4,68.4
"2004",33.3722,-117.3589,279.8,67.3
"2004",33.378,-116.84,1691.6,72.5
"2004",33.3814,-117.2856,325.5,69.8666666666667
"2004",33.3933,-116.795,838.8,73.9666666666667
"2004",33.40419,-118.41456,477,64.9333333333333
"2004",33.445,-117.4181,707.1,70.1333333333333
"2004",33.4781,-117.4858,366.7,70.5333333333333
"2004",33.4833,-119.0333,53.6,63.5666666666667
"2004",33.5286,-117.2306,603.5,70.7333333333333
"2004",33.5319,-117.5525,114.3,71.4333333333333
"2004",33.5417,-117.5917,213.4,70.3
"2004",33.5453,-117.7813,13.4,69.1666666666667
"2004",33.555,-116.673,1194.8,71.5333333333333
"2004",33.5697,-116.073,-55.8,90.4
"2004",33.6031,-117.8836,3,67.55
"2004",33.61388,-114.59813,81.7,90.9
"2004",33.61876,-114.71451,120.4,91.7
"2004",33.63166,-116.16412,-36,88.1666666666667
"2004",33.6472,-117.4111,926,75.4333333333333
"2004",33.6667,-116.7667,1499.6,71.4333333333333
"2004",33.67975,-117.86746,13,70.0666666666667
"2004",33.686,-117.3458,386.5,75.7
"2004",33.7044,-115.6289,417.6,87.6333333333333
"2004",33.72,-117.723,164.6,72.8333333333333
"2004",33.7377,-115.3925,227.7,90.6666666666667
"2004",33.7381,-116.8939,552,75.5
"2004",33.7403,-116.8414,594.4,77.3333333333333
"2004",33.7442,-117.8667,41.1,72.0333333333333
"2004",33.7572,-116.7066,1639.8,67.35
"2004",33.7625,-117.4828,342.9,75.3666666666667
"2004",33.7965,-116.9753,464.8,76
"2004",33.8016,-118.3419,27.4,68.2
"2004",33.80807,-115.45138,296.6,91.1666666666667
"2004",33.8081,-117.7111,542.8,72.3
"2004",33.81177,-118.14718,10.2,71.4333333333333
"2004",33.82216,-116.50433,124.7,90.0666666666667
"2004",33.8275,-116.5097,129.5,91.3333333333333
"2004",33.8647,-117.8425,70.7,74.3666666666667
"2004",33.87154,-117.98561,26.3,72.9333333333333
"2004",33.8744,-117.5492,195.1,74.9333333333333
"2004",33.8767,-117.3089,524.3,74.4
"2004",33.89,-117.8188,106.7,71.45
"2004",33.92353,-118.33291,16.6,69.1
"2004",33.9306,-116.95,793.7,75.8333333333333
"2004",33.93816,-118.3866,29.7,68.4666666666667
"2004",33.9511,-117.388,256,76.5
"2004",33.95282,-117.43523,257.7,74.8333333333333
"2004",33.96694,-117.36139,300.5,75.4666666666667
"2004",33.97563,-117.62487,193.9,73.5666666666667
"2004",33.9778,-120.0778,395.6,58.5333333333333
"2004",33.9839,-118.01,289.6,71.1333333333333
"2004",33.9958,-119.7222,76.2,67.8
"2004",34.005,-118.4139,28,69.0666666666667
"2004",34.0075,-118.49972,4.3,65.5666666666667
"2004",34.0092,-119.6542,243.8,64.3
"2004",34.0178,-116.1878,1280.2,76.3333333333333
"2004",34.0191,-118.1052,75,74.9666666666667
"2004",34.02099,-118.44712,53.3,67.2333333333333
"2004",34.037,-117.1948,429.8,76.6666666666667
"2004",34.0456,-118.9358,15.2,66.1333333333333
"2004",34.05314,-117.57689,281.6,75.2666666666667
"2004",34.0583,-118.6333,480.1,69.6666666666667
"2004",34.0608,-114.7322,249.9,92.1666666666667
"2004",34.0678,-118.2417,115.2,71.6
"2004",34.0697,-118.4427,131.1,67.6666666666667
"2004",34.0816,-117.7658,304.5,73.85
"2004",34.0836,-117.0347,899.2,75.1666666666667
"2004",34.0869,-118.4794,340.5,68.4666666666667
"2004",34.1208,-117.9458,152.4,74.9333333333333
"2004",34.1233,-116.4078,993.6,78.6
"2004",34.12407,-119.12281,3.8,63.8333333333333
"2004",34.125,-118.4122,384,72.9333333333333
"2004",34.128,-116.0369,602,84
"2004",34.1369,-117.7069,501.4,72.5333333333333
"2004",34.1472,-115.1219,281,93.8
"2004",34.1483,-118.1447,263.3,73.8666666666667
"2004",34.1819,-118.5744,240.8,74.0333333333333
"2004",34.1847,-118.7172,502.9,74.0666666666667
"2004",34.1866,-118.348,199.6,72.1
"2004",34.1942,-116.9131,1712.4,66.7333333333333
"2004",34.19966,-118.36543,222.7,72.8333333333333
"2004",34.20012,-119.20417,11.9,66.3
"2004",34.2066,-119.1375,15.8,65.9666666666667
"2004",34.2069,-117.7606,792.5,72.7333333333333
"2004",34.21,-118.87,242.3,66.6666666666667
"2004",34.2103,-116.6339,1828.8,73.0666666666667
"2004",34.21142,-119.08762,21.6,66.2666666666667
"2004",34.21214,-118.49146,239.2,74.9666666666667
"2004",34.2211,-117.4044,627,75.4666666666667
"2004",34.2308,-118.0711,1740.4,70.9
"2004",34.2339,-117.4803,851,74.3333333333333
"2004",34.243,-116.917,2058.3,63.4333333333333
"2004",34.2447,-118.525,275.5,74.0333333333333
"2004",34.2661,-116.8989,2103.1,61.4666666666667
"2004",34.2711,-118.1525,914.4,73.2
"2004",34.28964,-114.17137,224.9,94.4666666666667
"2004",34.2911,-118.8144,278.6,67.9333333333333
"2004",34.2936,-118.3608,423.7,70.3
"2004",34.294,-116.14722,610.5,84.2
"2004",34.3175,-117.5019,1005.8,72.9666666666667
"2004",34.3194,-117.0131,2091.2,65.0666666666667
"2004",34.3317,-118.0303,1661.2,71.4
"2004",34.3617,-118.4217,1219.2,72.9666666666667
"2004",34.3617,-117.6386,1828.8,65.3
"2004",34.3789,-117.6919,2108.3,68
"2004",34.3903,-118.0825,1530.4,70.8666666666667
"2004",34.3906,-116.5169,883.9,83.7
"2004",34.3933,-118.5938,538,74.8666666666667
"2004",34.4044,-118.81,187.1,69.7
"2004",34.4167,-119.6844,4.9,66.1
"2004",34.4241,-119.84249,2.5,63.5
"2004",34.425,-118.525,442,74.7333333333333
"2004",34.4311,-118.6828,389.5,74.7666666666667
"2004",34.4456,-117.8511,1152.1,75.2
"2004",34.4458,-118.2,792.5,74.2666666666667
"2004",34.4477,-119.2275,227.1,70.1666666666667
"2004",34.4483,-119.2303,233.2,68.6
"2004",34.4614,-119.6481,457.2,68.4666666666667
"2004",34.4806,-118.7556,347.5,72.6333333333333
"2004",34.5025,-117.8969,945.2,79.8
"2004",34.52527,-117.29638,850.1,79.4666666666667
"2004",34.5356,-117.0258,1438.7,77.0666666666667
"2004",34.5358,-119.7833,310.9,71.9666666666667
"2004",34.5431,-119.1842,1015.3,65.3666666666667
"2004",34.5686,-118.7403,1255.8,73.4666666666667
"2004",34.58223,-119.98159,240.5,71.2
"2004",34.5883,-118.0938,796.1,79.5333333333333
"2004",34.5891,-117.6302,899.2,77.2666666666667
"2004",34.5958,-118.5786,1502.7,75.1333333333333
"2004",34.62944,-118.08309,764.7,79.5333333333333
"2004",34.6344,-117.5503,877.8,79.6
"2004",34.6538,-120.4513,22.9,63.4666666666667
"2004",34.6819,-119.3539,1118.6,73.4333333333333
"2004",34.6847,-117.8208,789.4,79.9666666666667
"2004",34.705,-118.4297,932.7,77.9333333333333
"2004",34.7325,-118.3833,841.2,80.3
"2004",34.7331,-120.0067,975.4,73.2
"2004",34.74121,-118.21255,712.6,80.3666666666667
"2004",34.74361,-118.72528,1374.6,71.8
"2004",34.7455,-120.28,172.2,66.3666666666667
"2004",34.7586,-120.4861,320,61.4
"2004",34.76783,-114.61842,270.6,93.6666666666667
"2004",34.8083,-119.0125,1493.5,64.6
"2004",34.85371,-116.78702,584.8,87.5
"2004",34.8927,-117.0219,676.7,84.3
"2004",34.89403,-120.45216,74.2,62.8666666666667
"2004",34.9436,-115.5469,1325.9,79.9333333333333
"2004",34.9455,-119.6827,658.4,74
"2004",34.988,-120.3211,177.4,66.7666666666667
"2004",35.0233,-118.7497,434.3,78.3
"2004",35.0492,-118.1619,833.6,83.3
"2004",35.0531,-116.0794,289.6,91.5333333333333
"2004",35.0964,-119.7728,759,77.2666666666667
"2004",35.1011,-118.4222,1286.3,70
"2004",35.1231,-115.4114,1649.9,73.1
"2004",35.1397,-118.625,1219.2,71.8
"2004",35.1503,-119.43,235.6,81.8
"2004",35.1542,-117.1756,987.6,81.8333333333333
"2004",35.1597,-120.683,11.9,62.9
"2004",35.1792,-120.3919,319.4,68.4333333333333
"2004",35.1889,-120.0833,1149.1,77.05
"2004",35.23815,-120.64406,55.8,65.5666666666667
"2004",35.27611,-116.06278,293.2,91.4333333333333
"2004",35.3056,-120.6619,93.9,66.3333333333333
"2004",35.367,-120.8447,36,59.3666666666667
"2004",35.3692,-117.6525,1088.1,80.5
"2004",35.37,-117.5683,1103.4,81
"2004",35.3811,-120.1875,496.8,72.8
"2004",35.4028,-119.47,68.6,80.4333333333333
"2004",35.4186,-119.0508,143.3,79.5333333333333
"2004",35.43424,-119.05524,149.3,81.2
"2004",35.47028,-115.54361,1441.7,76.5666666666667
"2004",35.4783,-117.6989,1338.1,79.8666666666667
"2004",35.5317,-118.6303,718.1,78.3666666666667
"2004",35.5892,-119.352,88.7,79.85
"2004",35.6277,-120.6855,222.5,69.55
"2004",35.6513,-117.8213,740.7,83
"2004",35.6564,-120.9242,303,70.2333333333333
"2004",35.6647,-118.0569,1698.3,75.8333333333333
"2004",35.66556,-121.28472,18,56.6
"2004",35.66936,-120.62918,249.8,71.7
"2004",35.6841,-121.1683,465.1,66.5
"2004",35.686254,-117.690911,680,84.5
"2004",35.7217,-118.4989,960.1,77.9
"2004",35.7269,-118.7006,957.1,68.8333333333333
"2004",35.755,-118.4167,829.1,80.1666666666667
"2004",35.7636,-117.3908,516.6,90.3
"2004",35.7706,-115.9092,1524,79.2
"2004",35.7831,-118.4389,823.9,77.8666666666667
"2004",35.8644,-120.8031,163.7,74.5666666666667
"2004",35.8717,-117.9183,1264.9,83.2666666666667
"2004",35.8842,-118.0517,2507.9,64.3333333333333
"2004",35.8889,-118.6333,1133.9,73.6
"2004",35.8922,-118.915,64,78.7666666666667
"2004",35.8989,-120.4319,467.9,74.1666666666667
"2004",35.9717,-118.545,1432.6,66.2
"2004",36.0067,-119.96,73.2,80.8666666666667
"2004",36.0117,-121.2417,335.3,72.6333333333333
"2004",36.0333,-120.0569,246.9,81.1666666666667
"2004",36.06778,-119.02,119.8,77
"2004",36.0931,-118.2603,2499.4,63.95
"2004",36.0975,-119.5817,61,79.4333333333333
"2004",36.1203,-117.0878,2097,72.1
"2004",36.1356,-120.3606,204.2,81.4
"2004",36.1388,-117.9527,1165.9,77.2666666666667
"2004",36.1753,-118.7017,987.6,78.2
"2004",36.18833,-120.69528,701,71.3
"2004",36.2032,-119.0545,132.6,79.4666666666667
"2004",36.2069,-121.1377,97.5,68.7333333333333
"2004",36.23,-121.4917,298.7,71.4666666666667
"2004",36.2314,-118.8689,586.1,83.85
"2004",36.2356,-121.785,137.2,62.7333333333333
"2004",36.2472,-121.7802,61,63.3666666666667
"2004",36.3114,-119.62319,76,78.4666666666667
"2004",36.3158,-119.637,72.2,78.6333333333333
"2004",36.32833,-119.2997,92.4,78.5666666666667
"2004",36.33333,-119.95,70.7,77.8
"2004",36.3478,-120.5978,1524,71.1333333333333
"2004",36.3642,-120.1561,86.9,77.4666666666667
"2004",36.3817,-119.0264,156.4,79.2666666666667
"2004",36.3825,-120.8558,1137.8,74
"2004",36.3886,-121.5517,574.5,66.2666666666667
"2004",36.4069,-118.4217,2621.3,63.55
"2004",36.4108,-118.8092,1966,65.8333333333333
"2004",36.445,-118.7033,1597.2,73.5666666666667
"2004",36.46263,-116.8672,-59.1,99.6666666666667
"2004",36.465,-118.8619,347.5,78.15
"2004",36.4708,-121.1472,402.9,73
"2004",36.4805,-121.7244,146.3,64.3333333333333
"2004",36.4819,-121.1822,398.4,69.7333333333333
"2004",36.4914,-118.8253,520.6,82.0333333333333
"2004",36.5625,-117.4736,2097,68.3666666666667
"2004",36.5672,-118.9556,1240.2,74.8
"2004",36.59041,-121.84881,48.8,61.3333333333333
"2004",36.5927,-121.8555,37.2,61.1
"2004",36.602,-117.1449,25.6,99.2
"2004",36.6044,-118.7325,2052.8,59.0333333333333
"2004",36.6269,-121.7981,140.2,58.6
"2004",36.6269,-121.7864,149.4,58.6
"2004",36.6594,-121.6663,13.7,63.3666666666667
"2004",36.66352,-121.60928,22.3,63.2666666666667
"2004",36.6853,-119,1237.5,74.3666666666667
"2004",36.715,-121.34917,275.8,65.35
"2004",36.7242,-118.9425,2298.2,63.6
"2004",36.7267,-118.675,2475,64.3
"2004",36.7269,-120.7658,619.4,74.9
"2004",36.73751,-118.96197,2005.6,63.4333333333333
"2004",36.7672,-119.7092,103,79.4
"2004",36.77999,-119.72016,101.9,80.6666666666667
"2004",36.7878,-118.6561,1438.7,68.3666666666667
"2004",36.798,-118.2036,1204,82.1
"2004",36.8422,-121.3622,123.1,67.0666666666667
"2004",36.8425,-118.2594,1479.8,78.0333333333333
"2004",36.8483,-121.4213,83.8,67.6
"2004",36.8839,-119.4658,280.4,82.1333333333333
"2004",36.9092,-119.0883,528.8,80.8333333333333
"2004",36.9111,-119.305,469.4,79.4333333333333
"2004",36.9308,-121.7691,29,62.6333333333333
"2004",36.93936,-121.79001,49.5,62.9666666666667
"2004",36.9539,-120.0378,82.3,77.3666666666667
"2004",36.9614,-119.175,1538.6,73.7
"2004",36.98505,-120.11068,76.6,76.4666666666667
"2004",36.98785,-121.99952,21.3,63.3333333333333
"2004",36.98972,-120.92972,124.1,77.5666666666667
"2004",36.9911,-121.7978,137.2,66.1
"2004",36.99574,-119.70691,131.1,80.35
"2004",37.003,-121.5608,59.1,71.1
"2004",37.0153,-119.5678,366.1,75.7666666666667
"2004",37.05056,-122.075,121.9,65.6
"2004",37.05333,-121.05778,84.4,75.7666666666667
"2004",37.0544,-119.3711,1249.7,75.0666666666667
"2004",37.0547,-121.0531,106.7,76.0333333333333
"2004",37.0563,-120.8666,36.6,76.6333333333333
"2004",37.0664,-119.0394,1727.6,60.0666666666667
"2004",37.08689,-122.08221,132.6,66.9
"2004",37.0919,-119.5128,637,78.9666666666667
"2004",37.1317,-122.17,801.6,66.4666666666667
"2004",37.135,-119.2561,1751.4,64.3
"2004",37.1822,-120.7939,19.8,74.6666666666667
"2004",37.2028,-121.9428,609.6,68.8666666666667
"2004",37.2064,-119.2419,1486.8,70.3333333333333
"2004",37.2275,-119.22056,2139.7,54.95
"2004",37.2319,-121.9592,111.3,68.3
"2004",37.2319,-119.5083,963.2,78.0666666666667
"2004",37.2321,-118.5994,2581.7,64.8
"2004",37.2329,-119.5097,806.2,75.4666666666667
"2004",37.2331,-119.5047,829.1,77.2333333333333
"2004",37.2381,-120.8825,23.8,71.9666666666667
"2004",37.2811,-121.0177,27.4,75.9666666666667
"2004",37.28597,-120.51788,46.5,76.4
"2004",37.2888,-120.5158,46.9,77.5
"2004",37.3053,-122.255,265.8,62.5
"2004",37.31167,-122.36167,83.8,60.8666666666667
"2004",37.3133,-122.185,691.9,64
"2004",37.3147,-119.0383,2256.4,63.2
"2004",37.3292,-121.2939,563.9,75.2
"2004",37.34336,-121.63473,1286.3,68.3666666666667
"2004",37.34972,-121.90333,20.4,68.7
"2004",37.3581,-122.1472,196.6,69.4666666666667
"2004",37.35938,-121.92444,15,68.7333333333333
"2004",37.37114,-118.35886,1252.8,74.4333333333333
"2004",37.3738,-117.9802,1592.6,74
"2004",37.3761,-119.1783,2748.7,57.1666666666667
"2004",37.39,-118.5506,1414.3,77.7
"2004",37.4058,-122.0481,11.9,67.6333333333333
"2004",37.4094,-119.7681,937.9,81.3666666666667
"2004",37.4286,-122.2561,115.8,69.35
"2004",37.4431,-121.7706,629.7,66.8333333333333
"2004",37.4436,-122.1402,7.6,67.3333333333333
"2004",37.4681,-120.1106,365.8,79.1
"2004",37.4725,-122.4433,8.2,60.0333333333333
"2004",37.475,-122.2981,196.3,66.9666666666667
"2004",37.4767,-122.2386,9.4,68.2333333333333
"2004",37.4783,-118.4078,1371.6,72.2333333333333
"2004",37.5019,-121.7355,932.7,69.2333333333333
"2004",37.50193,-120.84566,31.4,76.9666666666667
"2004",37.5042,-119.9869,680,76.0333333333333
"2004",37.5122,-119.6331,1538.3,65.7
"2004",37.5128,-119.6047,1950.7,69.1333333333333
"2004",37.5147,-122.0325,3,67.2
"2004",37.5422,-122.0158,11.6,66.9666666666667
"2004",37.5436,-119.8386,1188.7,75.8666666666667
"2004",37.5514,-118.6672,2145.8,64.6333333333333
"2004",37.5531,-121.8439,374.9,67.8
"2004",37.5625,-122.4364,327.7,59.7666666666667
"2004",37.59167,-122.47167,144.8,64.9
"2004",37.61028,-122.48417,38.1,60.55
"2004",37.61962,-122.36562,3.2,64.3
"2004",37.62544,-120.95492,26.5,76.4666666666667
"2004",37.63,-119.0933,2304.3,56
"2004",37.6478,-118.9617,2378.7,59.4666666666667
"2004",37.65886,-122.12116,9.6,65.9
"2004",37.6819,-121.3466,41.1,73.2
"2004",37.68194,-121.75139,161.2,71.6333333333333
"2004",37.69309,-121.8149,119.7,69.7
"2004",37.7119,-121.8136,243.8,66.1
"2004",37.7178,-122.23301,1.5,64.1
"2004",37.728,-122.5052,2.4,59.65
"2004",37.745,-118.9833,2316.5,57.1
"2004",37.75027,-119.58972,1224.7,70.05
"2004",37.7617,-119.8247,2025.1,65.1
"2004",37.7705,-122.4269,45.7,60.8
"2004",37.7861,-122.1447,333.8,63.6666666666667
"2004",37.79589,-121.58319,18.6,75.9
"2004",37.7983,-122.2642,9.1,66.4
"2004",37.8172,-121.7789,621.8,71.2333333333333
"2004",37.8233,-120.0975,975.4,72.45
"2004",37.8331,-120.5,310.9,75.9333333333333
"2004",37.8339,-122.0669,536.4,66.6333333333333
"2004",37.8431,-118.4778,1661.2,70.9666666666667
"2004",37.8444,-120.2258,853.4,70.8
"2004",37.8511,-119.65,2446,57.7333333333333
"2004",37.865,-122.2208,427.6,62.4666666666667
"2004",37.8683,-119.3183,2825.5,51.2333333333333
"2004",37.8744,-122.2605,94.5,64.2
"2004",37.8792,-121.9303,661.4,68.7333333333333
"2004",37.8817,-121.9142,1173.2,69.0666666666667
"2004",37.88997,-121.22637,8.3,74.6333333333333
"2004",37.9191,-122.3772,6.1,63.9333333333333
"2004",37.9442,-122.1178,442,63.6
"2004",37.95,-121.8844,487.7,69
"2004",37.9566,-122.5447,44.2,67.4666666666667
"2004",37.9567,-119.1194,2071.7,65.7
"2004",37.9613,-119.783,1179.6,72.2666666666667
"2004",37.9672,-120.3872,510.5,72.3
"2004",37.9747,-119.9161,1452.4,71.1666666666667
"2004",37.9833,-122.0692,12.2,72.1333333333333
"2004",37.9833,-121.7525,18.3,73.9
"2004",37.9906,-122.6447,426.7,67.4333333333333
"2004",37.99165,-122.05268,7,71.8
"2004",37.9994,-121.3177,3.7,75.3666666666667
"2004",38.0047,-120.4863,292.6,78.1333333333333
"2004",38.0131,-122.1142,12.2,70.6
"2004",38.0281,-122.7022,378,62.6333333333333
"2004",38.0394,-122.57,457.2,65.0666666666667
"2004",38.0631,-120.2469,1503.6,71.6333333333333
"2004",38.07,-119.23,2878.8,57.1666666666667
"2004",38.1061,-121.2877,12.2,74.1666666666667
"2004",38.2075,-122.28041,4.7,65.8666666666667
"2004",38.2119,-119.0142,2551.2,53.7333333333333
"2004",38.2428,-120.515,780,75
"2004",38.2486,-120.8433,200.6,76.8
"2004",38.2575,-119.2286,1972.1,59.7
"2004",38.2577,-122.6077,6.1,67.2333333333333
"2004",38.2719,-119.2892,2026.9,64.7333333333333
"2004",38.2736,-122.0677,12.2,72.3333333333333
"2004",38.2769,-120.3113,1431,65.8333333333333
"2004",38.2777,-122.2647,10.7,68.9333333333333
"2004",38.28,-119.61,2931.3,51.9666666666667
"2004",38.2994,-122.4622,29.6,69.7
"2004",38.3,-119.55,2194,58.2
"2004",38.31,-119.6,2690.5,54.75
"2004",38.3772,-120.8008,483.4,77
"2004",38.37753,-121.95854,31.7,75.1666666666667
"2004",38.3894,-120.6511,902.2,78.6333333333333
"2004",38.395,-122.35667,29,68.85
"2004",38.39556,-121.96083,33.5,76.6333333333333
"2004",38.4,-119.54,2838.6,55.6666666666667
"2004",38.4305,-122.8647,61,66.8
"2004",38.44,-119.37,2814.2,54.5
"2004",38.45579,-122.71335,50.6,66.5666666666667
"2004",38.4786,-122.7119,175.6,68
"2004",38.4883,-120.325,1524,72.7666666666667
"2004",38.4916,-122.1241,146.3,74.8666666666667
"2004",38.492,-122.0039,57,77.2666666666667
"2004",38.50369,-122.81101,36.2,67.2333333333333
"2004",38.50659,-121.49604,5.9,74.3333333333333
"2004",38.5066,-122.4713,68.6,71.55
"2004",38.51,-119.63,2357.9,55.2666666666667
"2004",38.515,-123.2447,34.1,57.9
"2004",38.5252,-121.9777,41.1,77
"2004",38.5349,-121.7761,18.3,74.1333333333333
"2004",38.55,-119.8,2671.6,56.5666666666667
"2004",38.5552,-121.4183,11.6,76.6
"2004",38.5653,-119.4592,1658.1,72.5
"2004",38.573,-122.4405,522.7,68.1
"2004",38.57682,-122.57811,106.7,69
"2004",38.5908,-120.9336,275.8,74.0333333333333
"2004",38.61,-119.92,2455.8,56.5333333333333
"2004",38.6197,-120.5614,1140,71.8
"2004",38.62935,-122.86646,53.9,73.0333333333333
"2004",38.67,-119.82,1863.9,63.2333333333333
"2004",38.67,-119.61,2532.9,58.0333333333333
"2004",38.68,-119.96,2443.6,58.7333333333333
"2004",38.6829,-121.794,20.4,76.2333333333333
"2004",38.6833,-119.7667,1676.7,66.5333333333333
"2004",38.6955,-120.8244,563.9,70.4
"2004",38.70069,-121.59479,7.5,75.0333333333333
"2004",38.72,-119.89,2477.7,52.7
"2004",38.7333,-120.245,1597.2,65.95
"2004",38.7383,-122.1447,107.9,78.2
"2004",38.7395,-119.518,1613,69.6
"2004",38.7817,-122.9169,609.6,68.9666666666667
"2004",38.79296,-123.0263,121.9,72
"2004",38.8325,-121.0086,365.8,73.5333333333333
"2004",38.84,-119.89,2608.2,57.0333333333333
"2004",38.8489,-120.0181,1923.3,60.1666666666667
"2004",38.85,-120.08,2337.8,59.0666666666667
"2004",38.85,-119.94,2370.1,56.1
"2004",38.8619,-122.4172,670.6,73.0666666666667
"2004",38.8825,-121.2683,61,79.4333333333333
"2004",38.89838,-119.99617,1907,58.3666666666667
"2004",38.9056,-120.6972,1426.5,74.2
"2004",38.9072,-121.0838,393.8,77.7
"2004",38.9119,-122.7064,659.3,75.7666666666667
"2004",38.92,-119.92,2615.8,54
"2004",38.9238,-122.5672,411.2,72.6
"2004",38.93,-120.05,1900.7,57.3
"2004",38.933,-120.8008,914.7,74.5666666666667
"2004",38.9875,-123.3486,196.3,68.1
"2004",39,-120.13,2343.6,60.6333333333333
"2004",39.0189,-122.4119,635.5,77.8333333333333
"2004",39.0308,-123.0806,817.5,71.3
"2004",39.0717,-120.4217,1597.2,68.7666666666667
"2004",39.0901,-120.947,723.3,75.6333333333333
"2004",39.0914,-120.7317,1327.4,72.2
"2004",39.10205,-121.56884,18.9,76.2
"2004",39.1258,-123.0736,975.4,71.3666666666667
"2004",39.12781,-123.20015,183.7,71.7666666666667
"2004",39.14,-120.22,2028.4,56.3666666666667
"2004",39.1466,-123.2102,193.9,70.9666666666667
"2004",39.1678,-120.1428,1898.9,60.2333333333333
"2004",39.17,-120.15,2071.7,60.4333333333333
"2004",39.1836,-120.8847,861.4,74.3
"2004",39.1875,-122.0269,15.2,74.5666666666667
"2004",39.19,-120.26,2447.2,57.4666666666667
"2004",39.19056,-122.89639,406.9,69.3
"2004",39.2041,-121.068,731.5,70.8666666666667
"2004",39.2083,-122.8083,1475.2,70.1666666666667
"2004",39.2466,-121.0008,847.6,71.4
"2004",39.27617,-120.70927,1611.2,67.2
"2004",39.3,-120.18,1983.9,63.0333333333333
"2004",39.3036,-121.1172,599.8,76.8
"2004",39.3167,-120.8375,1316.7,73.7
"2004",39.3239,-120.2331,1809.6,63.3
"2004",39.33,-120.37,2089.4,58.4666666666667
"2004",39.333,-120.173,1774.9,59.7666666666667
"2004",39.3528,-123.6011,180.7,65.6333333333333
"2004",39.3575,-121.2011,499.9,72.7666666666667
"2004",39.3619,-123.1286,310.3,71.4
"2004",39.3669,-122.575,365.8,75.8666666666667
"2004",39.3886,-120.0936,1699.3,59.9
"2004",39.3975,-121.3861,244.8,75.9666666666667
"2004",39.4172,-122.1825,36.6,76.2
"2004",39.4194,-123.3425,412.4,62.7
"2004",39.425,-122.9772,540.4,70.4
"2004",39.43,-120.31,2545.7,57.25
"2004",39.43167,-120.24056,1931.5,56.1333333333333
"2004",39.45,-120.29,2134.5,57.9333333333333
"2004",39.475,-121.2025,1132,74.8333333333333
"2004",39.4833,-120.075,2093.1,61.7
"2004",39.49,-120.28,1967.8,57.9333333333333
"2004",39.4943,-121.62226,56.9,78.1
"2004",39.51,-123.75639,37.5,60
"2004",39.5177,-121.553,52.1,77.15
"2004",39.52316,-122.3048,71.3,75.1666666666667
"2004",39.53194,-121.1611,1130.8,66.7333333333333
"2004",39.5619,-120.0478,1821.5,64.0333333333333
"2004",39.5633,-120.8238,888.5,69.1333333333333
"2004",39.5833,-120.3705,1516.4,61.15
"2004",39.5861,-122.5341,243.8,76.5333333333333
"2004",39.6375,-120.8653,2033,64.7666666666667
"2004",39.6514,-122.7236,1310.6,70.8333333333333
"2004",39.6681,-123.3211,740.1,70.2666666666667
"2004",39.7022,-123.485,554.7,70.5
"2004",39.7119,-121.7789,70.1,76.2666666666667
"2004",39.7358,-121.4889,759,78.0333333333333
"2004",39.7458,-122.1997,77.4,76.6666666666667
"2004",39.7538,-121.6241,533.4,76.4666666666667
"2004",39.8053,-120.4719,1478.3,62.5333333333333
"2004",39.8075,-122.945,1652,67.5666666666667
"2004",39.8158,-123.2444,430.7,70.6
"2004",39.8333,-123.0833,457.2,73.7666666666667
"2004",39.8644,-122.6097,317,81.9
"2004",39.8716,-121.6108,826,72.5666666666667
"2004",39.8717,-121.7689,528.2,79.2666666666667
"2004",39.87778,-123.7275,260,69.4
"2004",39.9278,-122.6569,1131.7,74.3
"2004",39.9366,-120.9475,1042.4,68.1333333333333
"2004",39.9389,-122.1697,89.6,78.6
"2004",39.9717,-120.0828,1338.1,68.1
"2004",39.9733,-120.9419,1066.8,69.7666666666667
"2004",40.0017,-120.915,1377.7,69.8
"2004",40.0222,-120.1056,1292.4,70.6
"2004",40.02611,-123.79306,153.3,67.2
"2004",40.03306,-124.07278,75,60.85
"2004",40.0686,-121.5825,1466.7,69.6333333333333
"2004",40.1383,-123.8236,135.9,69.4666666666667
"2004",40.1417,-120.3533,1767.8,70.7666666666667
"2004",40.15186,-122.25478,108,79.4666666666667
"2004",40.1705,-121.0886,1389.9,67.2
"2004",40.1867,-123.5903,281.3,70.9
"2004",40.2461,-120.6422,1737.4,65.8
"2004",40.2506,-123.3158,832.7,67.6333333333333
"2004",40.2569,-124.2661,899.2,64.8666666666667
"2004",40.295,-122.8667,1066.8,72.5
"2004",40.30209,-121.24391,1387.1,64.9666666666667
"2004",40.3067,-120.9,1767.8,64.9666666666667
"2004",40.3375,-123.0656,1378.8,68.8
"2004",40.3442,-121.7136,1267.7,73.1666666666667
"2004",40.3458,-121.6091,1485.9,60.7
"2004",40.3983,-122.8333,579.1,80.4
"2004",40.4633,-123.5239,845.8,67.1
"2004",40.4808,-120.1139,1339.6,67.0666666666667
"2004",40.4833,-124.1038,41.5,63.2
"2004",40.505,-123.3417,1219.2,68.6333333333333
"2004",40.51462,-122.29773,152.6,80.6666666666667
"2004",40.5158,-122.2906,152.4,82.2666666666667
"2004",40.54,-121.5803,1725.2,59.6333333333333
"2004",40.55,-123.165,708.1,69.7666666666667
"2004",40.5524,-123.2122,701,69.2
"2004",40.5981,-121.0831,1722.1,58.8666666666667
"2004",40.6116,-122.528,394.7,78.9333333333333
"2004",40.6194,-121.8994,736.7,76.9666666666667
"2004",40.6306,-120.5028,1554.5,65.3
"2004",40.6506,-122.6056,404.2,78.4666666666667
"2004",40.6507,-122.6068,432.2,77.3333333333333
"2004",40.7141,-122.4161,327.7,80.5
"2004",40.7219,-123.4953,792.5,70.5
"2004",40.7263,-122.7947,567.2,71.6333333333333
"2004",40.7308,-120.3164,1614.8,66.5666666666667
"2004",40.7333,-123.2333,457.2,75.8333333333333
"2004",40.735,-122.9433,640.1,73.3333333333333
"2004",40.73529,-122.9441,627.3,72.1
"2004",40.7405,-123.2077,381.9,73
"2004",40.7586,-120.8961,1889.8,62.1
"2004",40.7817,-120.7844,1877,61.8333333333333
"2004",40.7864,-122.8045,1008.3,71.8
"2004",40.7964,-123.9367,512.1,64.2333333333333
"2004",40.8072,-121.2967,1752.6,66.1
"2004",40.8097,-124.1602,6.1,59.8
"2004",40.8802,-121.6547,974.8,66.55
"2004",40.8892,-123.1422,1432.6,70.7
"2004",40.9167,-122.4383,1280.2,76.1
"2004",40.9258,-121.5856,1130.8,71.3333333333333
"2004",40.9316,-121.5433,919,66.8
"2004",40.97844,-124.10479,64.5,58.2
"2004",41.0064,-121.9833,518.2,75.4666666666667
"2004",41.0478,-123.6714,114.3,72.9
"2004",41.0519,-120.6861,1554.5,62.7666666666667
"2004",41.0547,-120.3375,1711.5,63.3333333333333
"2004",41.075,-122.3733,731.5,76.6
"2004",41.0975,-123.6358,1088.1,66.9333333333333
"2004",41.1117,-122.6967,1341.1,73.0666666666667
"2004",41.1383,-123.9056,804.7,62.7666666666667
"2004",41.1831,-122.28167,661.1,70.3666666666667
"2004",41.19334,-120.94458,1280.8,70.5
"2004",41.24,-120.79,1886.7,57.7
"2004",41.25171,-122.13827,985.4,67.7666666666667
"2004",41.2694,-123.1875,1815.4,64.2333333333333
"2004",41.2769,-121.9794,975.4,62.1666666666667
"2004",41.2897,-123.8575,150.9,67.5333333333333
"2004",41.2944,-120.8639,1463,67.5333333333333
"2004",41.3003,-123.1322,668.1,72.4
"2004",41.30206,-123.53851,122.8,72.8
"2004",41.3075,-122.7958,955.9,69.7
"2004",41.314893,-122.317127,1083,66.4666666666667
"2004",41.3156,-122.3156,0,68.0666666666667
"2004",41.32175,-122.31725,1101.2,65.8
"2004",41.3322,-120.4725,1332.6,67
"2004",41.3378,-122.82484,940.3,66.3333333333333
"2004",41.3619,-124.0191,48.8,58.15
"2004",41.39,-123.4958,280.4,77.35
"2004",41.4219,-120.9016,1313.7,65
"2004",41.4272,-121.4639,1602.6,67.0666666666667
"2004",41.4342,-120.8678,1314.3,66.6666666666667
"2004",41.4589,-120.3536,1335,65.3666666666667
"2004",41.4789,-122.4539,893.1,70.7333333333333
"2004",41.48362,-120.5615,1335.9,65.0333333333333
"2004",41.49021,-120.54376,1332.9,64.9
"2004",41.53,-120.6714,1530.7,66.7333333333333
"2004",41.5301,-120.1791,1428.9,68.2333333333333
"2004",41.57861,-124.07472,8.5,60.0666666666667
"2004",41.58,-120.3,2142.7,59.7666666666667
"2004",41.5992,-122.9336,1287.8,72
"2004",41.6294,-121.2981,1511.8,67.4666666666667
"2004",41.6431,-121.7939,1502.1,66.4666666666667
"2004",41.6853,-122.5942,914.4,72.1333333333333
"2004",41.70237,-122.64169,826.6,70.8
"2004",41.71171,-121.5067,1455.4,66.7333333333333
"2004",41.7417,-121.5383,1453.9,67.6333333333333
"2004",41.77373,-122.46825,806.1,70.0333333333333
"2004",41.775,-122.9503,1674.3,64.7666666666667
"2004",41.78361,-124.23796,17,58.3
"2004",41.7861,-122.0056,1645.9,66.3
"2004",41.7958,-124.2147,13.1,59.6333333333333
"2004",41.8386,-122.85,591.3,71.6
"2004",41.8458,-123.9792,152.4,68.5666666666667
"2004",41.8586,-123.3525,1423.4,71.45
"2004",41.8715,-120.1574,1444.4,65.8666666666667
"2004",41.89,-120.75,1575.8,61.5666666666667
"2004",41.95999,-121.47449,1230.8,67
"2004",41.99,-120.18,2243.3,56.2
"2004",41.9919,-123.6036,1210.1,72.1
"2004",41.9992,-121.7003,1249.1,63.6666666666667
"2005",32.57583,-116.99391,158.9,68.3666666666667
"2005",32.6058,-116.6089,714.8,65.6
"2005",32.6261,-116.4681,805,70.4333333333333
"2005",32.6263,-116.4699,801.6,71.6333333333333
"2005",32.685,-116.9736,129.5,69.1666666666667
"2005",32.69219,-117.20983,4.4,66.4
"2005",32.7214,-116.4631,1049.4,70.2666666666667
"2005",32.7336,-117.1831,4.6,69.1
"2005",32.7397,-114.8839,66.1,92.7333333333333
"2005",32.76536,-117.2315,4.3,68.2
"2005",32.76654,-115.56638,-9.1,93.45
"2005",32.8005,-116.928,150.9,72.8
"2005",32.81453,-117.13747,127.5,70.8
"2005",32.83241,-115.66377,-14.1,89.85
"2005",32.8336,-116.7392,622.1,75.2
"2005",32.83464,-115.57656,-16.8,90.8
"2005",32.8488,-115.5666,-19.5,89.0666666666667
"2005",32.8569,-116.6222,1060.7,72.0666666666667
"2005",32.86667,-117.13333,145.4,69.0666666666667
"2005",32.8797,-116.4203,1755.6,65.5333333333333
"2005",32.9083,-114.4944,91.4,93
"2005",32.9544,-115.5581,-30.5,90.8666666666667
"2005",32.9736,-115.1736,84.7,93.5666666666667
"2005",32.9897,-116.5872,1414.3,68.5666666666667
"2005",32.9903,-116.0669,231.6,93.5333333333333
"2005",33.0113,-116.908,448.1,70.7
"2005",33.0164,-116.6339,0,71.2
"2005",33.03801,-116.915979,422,71.1
"2005",33.0736,-116.8458,466.3,72.4333333333333
"2005",33.0758,-116.5908,1292.4,72.0333333333333
"2005",33.0763,-116.5925,1284.7,70.0666666666667
"2005",33.0955,-116.9975,128,72.7666666666667
"2005",33.121,-117.09,182.9,72.3
"2005",33.12993,-117.27651,95.3,67.6333333333333
"2005",33.2097,-117.395,3,65.1666666666667
"2005",33.21946,-117.34962,9.1,68
"2005",33.2222,-116.4975,1345.7,74.8
"2005",33.2354,-117.2322,131.1,69.4
"2005",33.2372,-117.0086,452,71.9
"2005",33.2372,-116.7614,823,67.4666666666667
"2005",33.2559,-116.4036,246.9,89.1666666666667
"2005",33.2889,-117.4389,30.5,68.0666666666667
"2005",33.30424,-117.35508,21.4,67.4
"2005",33.3722,-117.3589,279.8,68.8333333333333
"2005",33.378,-116.84,1691.6,70.5333333333333
"2005",33.3814,-117.2856,325.5,70.9
"2005",33.3933,-116.795,838.8,75.3
"2005",33.40419,-118.41456,477,65.8666666666667
"2005",33.445,-117.4181,707.1,71.8666666666667
"2005",33.4781,-117.4858,366.7,71.1
"2005",33.4833,-119.0333,53.6,62.1333333333333
"2005",33.5286,-117.2306,603.5,71.8666666666667
"2005",33.5319,-117.5525,114.3,67
"2005",33.5417,-117.5917,213.4,73.3
"2005",33.5453,-117.7813,13.4,68.7333333333333
"2005",33.555,-116.673,1194.8,71.6333333333333
"2005",33.5697,-116.073,-55.8,91.5
"2005",33.6031,-117.8836,3,66.9333333333333
"2005",33.61388,-114.59813,81.7,90.4
"2005",33.61876,-114.71451,120.4,92.0333333333333
"2005",33.63166,-116.16412,-36,89.5333333333333
"2005",33.6472,-117.4111,926,76.2333333333333
"2005",33.6667,-116.7667,1499.6,71.4666666666667
"2005",33.67975,-117.86746,13,70.2333333333333
"2005",33.7044,-115.6289,417.6,85
"2005",33.72,-117.723,164.6,73
"2005",33.7377,-115.3925,227.7,90.5333333333333
"2005",33.7381,-116.8939,552,77.0333333333333
"2005",33.7403,-116.8414,594.4,77.7333333333333
"2005",33.7442,-117.8667,41.1,72.1
"2005",33.7572,-116.7066,1639.8,71.15
"2005",33.7625,-117.4828,342.9,77.0666666666667
"2005",33.7965,-116.9753,464.8,72.1
"2005",33.8016,-118.3419,27.4,67.3
"2005",33.80807,-115.45138,296.6,90.8333333333333
"2005",33.8081,-117.7111,542.8,73.8666666666667
"2005",33.81177,-118.14718,10.2,71.0333333333333
"2005",33.82216,-116.50433,124.7,90.8
"2005",33.8275,-116.5097,129.5,93.9
"2005",33.8647,-117.8425,70.7,73.3
"2005",33.87154,-117.98561,26.3,72
"2005",33.8744,-117.5492,195.1,75.4333333333333
"2005",33.8767,-117.3089,524.3,74.3
"2005",33.89,-117.8188,106.7,72.7333333333333
"2005",33.92353,-118.33291,16.6,69.3666666666667
"2005",33.9306,-116.95,793.7,76.4333333333333
"2005",33.93816,-118.3866,29.7,67.7
"2005",33.9511,-117.388,256,77.2
"2005",33.95282,-117.43523,257.7,75.8
"2005",33.96694,-117.36139,300.5,77.3
"2005",33.97563,-117.62487,193.9,74.2666666666667
"2005",33.9778,-120.0778,395.6,59.4
"2005",33.9839,-118.01,289.6,72.3666666666667
"2005",33.9958,-119.7222,76.2,67.0333333333333
"2005",34.005,-118.4139,28,70.2
"2005",34.0075,-118.49972,4.3,62.8
"2005",34.0092,-119.6542,243.8,66.6666666666667
"2005",34.0178,-116.1878,1280.2,75.8333333333333
"2005",34.02099,-118.44712,53.3,67.4333333333333
"2005",34.037,-117.1948,429.8,75.05
"2005",34.0456,-118.9358,15.2,65.1333333333333
"2005",34.05314,-117.57689,281.6,75.8333333333333
"2005",34.0583,-118.6333,480.1,71.1
"2005",34.0608,-114.7322,249.9,91.6
"2005",34.0678,-118.2417,115.2,71.2333333333333
"2005",34.0697,-118.4427,131.1,67.8333333333333
"2005",34.0816,-117.7658,304.5,75.7666666666667
"2005",34.0836,-117.0347,899.2,75.9
"2005",34.0842,-118.1003,110.6,75.4
"2005",34.0869,-118.4794,340.5,68.6666666666667
"2005",34.1208,-117.9458,152.4,75.3333333333333
"2005",34.1233,-116.4078,993.6,78.8
"2005",34.12407,-119.12281,3.8,63.3
"2005",34.125,-118.4122,384,73
"2005",34.128,-116.0369,602,86.8333333333333
"2005",34.1369,-117.7069,501.4,73.4333333333333
"2005",34.1472,-115.1219,281,93.5666666666667
"2005",34.1483,-118.1447,263.3,74.3333333333333
"2005",34.1819,-118.5744,240.8,79.35
"2005",34.18194,-118.89861,238.7,68.6
"2005",34.1847,-118.7172,502.9,74.3666666666667
"2005",34.1866,-118.348,199.6,72.8
"2005",34.1942,-116.9131,1712.4,66.4333333333333
"2005",34.19966,-118.36543,222.7,73.7666666666667
"2005",34.20012,-119.20417,11.9,65.2333333333333
"2005",34.2066,-119.1375,15.8,65.8333333333333
"2005",34.2069,-117.7606,792.5,73.7
"2005",34.21,-118.87,242.3,66.8
"2005",34.2103,-116.6339,1828.8,72.6333333333333
"2005",34.21142,-119.08762,21.6,66.4666666666667
"2005",34.21214,-118.49146,239.2,74.3666666666667
"2005",34.2211,-117.4044,627,76.4333333333333
"2005",34.2308,-118.0711,1740.4,70.05
"2005",34.2339,-117.4803,851,74.2
"2005",34.243,-116.917,2058.3,65.95
"2005",34.2447,-118.525,275.5,74.8333333333333
"2005",34.2466,-117.1883,1586.5,67.5666666666667
"2005",34.2661,-116.8989,2103.1,60.4666666666667
"2005",34.2711,-118.1525,914.4,73.3
"2005",34.28964,-114.17137,224.9,93.4666666666667
"2005",34.2911,-118.8144,278.6,67.9333333333333
"2005",34.2936,-118.3608,423.7,71.6666666666667
"2005",34.294,-116.14722,610.5,88.4
"2005",34.3119,-119.13306,72.2,68.9
"2005",34.3175,-117.5019,1005.8,73.8666666666667
"2005",34.3194,-117.0131,2091.2,64.7
"2005",34.3317,-118.0303,1661.2,71.4666666666667
"2005",34.3617,-118.4217,1219.2,71.7666666666667
"2005",34.3617,-117.6386,1828.8,63.9
"2005",34.3789,-117.6919,2108.3,67.2333333333333
"2005",34.3903,-118.0825,1530.4,70.9666666666667
"2005",34.3906,-116.5169,883.9,83.2333333333333
"2005",34.3933,-118.5938,538,75.2
"2005",34.4044,-118.81,187.1,70
"2005",34.4167,-119.6844,4.9,65.8666666666667
"2005",34.4241,-119.84249,2.5,63.9
"2005",34.425,-118.525,442,75.5333333333333
"2005",34.4311,-118.6828,389.5,74.8666666666667
"2005",34.4456,-117.8511,1152.1,74.6333333333333
"2005",34.4458,-118.2,792.5,74.2666666666667
"2005",34.4477,-119.2275,227.1,73.4
"2005",34.4483,-119.2303,233.2,68.5333333333333
"2005",34.4614,-119.6481,457.2,70.4666666666667
"2005",34.4806,-118.7556,347.5,73.6666666666667
"2005",34.5025,-117.8969,945.2,76.1
"2005",34.52527,-117.29638,850.1,83.25
"2005",34.5356,-117.0258,1438.7,75.25
"2005",34.5358,-119.7833,310.9,72.3666666666667
"2005",34.5431,-119.1842,1015.3,66.0666666666667
"2005",34.5686,-118.7403,1255.8,73.7333333333333
"2005",34.58223,-119.98159,240.5,71
"2005",34.5883,-118.0938,796.1,79.2333333333333
"2005",34.5891,-117.6302,899.2,75.6
"2005",34.5958,-118.5786,1502.7,75
"2005",34.62944,-118.08309,764.7,78.8666666666667
"2005",34.6344,-117.5503,877.8,78.5333333333333
"2005",34.6538,-120.4513,22.9,63.95
"2005",34.6819,-119.3539,1118.6,72.5666666666667
"2005",34.6847,-117.8208,789.4,78.2666666666667
"2005",34.705,-118.4297,932.7,78.3
"2005",34.7325,-118.3833,841.2,79.7333333333333
"2005",34.7331,-120.0067,975.4,74.2333333333333
"2005",34.74121,-118.21255,712.6,79.5
"2005",34.74361,-118.72528,1374.6,71.9
"2005",34.7455,-120.28,172.2,62.1
"2005",34.7586,-120.4861,320,60.9333333333333
"2005",34.76783,-114.61842,270.6,95.9333333333333
"2005",34.8083,-119.0125,1493.5,63.6333333333333
"2005",34.85371,-116.78702,584.8,86.7333333333333
"2005",34.8927,-117.0219,676.7,83.7
"2005",34.89403,-120.45216,74.2,62.3333333333333
"2005",34.9436,-115.5469,1325.9,82.05
"2005",34.9455,-119.6827,658.4,79.6
"2005",34.988,-120.3211,177.4,65.3666666666667
"2005",35.0531,-116.0794,289.6,91.6333333333333
"2005",35.0964,-119.7728,759,77.9666666666667
"2005",35.1011,-118.4222,1286.3,69.8333333333333
"2005",35.1231,-115.4114,1649.9,74.6
"2005",35.1503,-119.43,235.6,80.7333333333333
"2005",35.1542,-117.1756,987.6,80.7666666666667
"2005",35.1792,-120.3919,319.4,68.2333333333333
"2005",35.1889,-120.0833,1149.1,74.8333333333333
"2005",35.23815,-120.64406,55.8,64.6
"2005",35.27611,-116.06278,293.2,91.2333333333333
"2005",35.367,-120.8447,36,57.9666666666667
"2005",35.3692,-117.6525,1088.1,80.5
"2005",35.37,-117.5683,1103.4,80.6
"2005",35.3811,-120.1875,496.8,72.6333333333333
"2005",35.4028,-119.47,68.6,80.5666666666667
"2005",35.4186,-119.0508,143.3,80.2
"2005",35.43424,-119.05524,149.3,82.0333333333333
"2005",35.47028,-115.54361,1441.7,75.3
"2005",35.4783,-117.6989,1338.1,79.9666666666667
"2005",35.5317,-118.6303,718.1,77.9333333333333
"2005",35.5892,-119.352,88.7,84.35
"2005",35.6277,-120.6855,222.5,70.5
"2005",35.6513,-117.8213,740.7,79.65
"2005",35.6564,-120.9242,303,71.9666666666667
"2005",35.6647,-118.0569,1698.3,75.7666666666667
"2005",35.66936,-120.62918,249.8,72.5
"2005",35.6841,-121.1683,465.1,64.95
"2005",35.7217,-118.4989,960.1,76.7333333333333
"2005",35.7269,-118.7006,957.1,72.35
"2005",35.755,-118.4167,829.1,80.3333333333333
"2005",35.7636,-117.3908,516.6,88.1333333333333
"2005",35.7706,-115.9092,1524,78.1666666666667
"2005",35.7831,-118.4389,823.9,77.4
"2005",35.8644,-120.8031,163.7,74.7
"2005",35.8717,-117.9183,1264.9,83
"2005",35.8842,-118.0517,2507.9,63.0333333333333
"2005",35.8889,-118.6333,1133.9,73.1
"2005",35.8922,-118.915,64,80.7
"2005",35.8989,-120.4319,467.9,72.1
"2005",35.9717,-118.545,1432.6,66.3
"2005",36.0067,-119.96,73.2,80.5666666666667
"2005",36.0117,-121.2417,335.3,73.4
"2005",36.0333,-120.0569,246.9,82.3333333333333
"2005",36.0931,-118.2603,2499.4,59.8666666666667
"2005",36.0975,-119.5817,61,79.9333333333333
"2005",36.1203,-117.0878,2097,71.2
"2005",36.1356,-120.3606,204.2,85.9
"2005",36.1388,-117.9527,1165.9,74.2
"2005",36.1753,-118.7017,987.6,77.1
"2005",36.18833,-120.69528,701,71.2
"2005",36.2032,-119.0545,132.6,78.4
"2005",36.2069,-121.1377,97.5,68.8666666666667
"2005",36.23,-121.4917,298.7,72.2333333333333
"2005",36.2314,-118.8689,586.1,85.5
"2005",36.2356,-121.785,137.2,62.4
"2005",36.2472,-121.7802,61,62.5666666666667
"2005",36.3114,-119.62319,76,78.4333333333333
"2005",36.3158,-119.637,72.2,78.7666666666667
"2005",36.33333,-119.95,70.7,77.1666666666667
"2005",36.3478,-120.5978,1524,70.3
"2005",36.3642,-120.1561,86.9,77.4
"2005",36.3817,-119.0264,156.4,80.2
"2005",36.3825,-120.8558,1137.8,74.6
"2005",36.3886,-121.5517,574.5,68.6
"2005",36.4069,-118.4217,2621.3,64.95
"2005",36.4108,-118.8092,1966,66.1333333333333
"2005",36.445,-118.7033,1597.2,73.1666666666667
"2005",36.46263,-116.8672,-59.1,100.7
"2005",36.465,-118.8619,347.5,75.05
"2005",36.4708,-121.1472,402.9,74.2333333333333
"2005",36.4805,-121.7244,146.3,63.3333333333333
"2005",36.4819,-121.1822,398.4,71
"2005",36.4914,-118.8253,520.6,81.4
"2005",36.5625,-117.4736,2097,67.8666666666667
"2005",36.5672,-118.9556,1240.2,74.5333333333333
"2005",36.59041,-121.84881,48.8,60.2333333333333
"2005",36.5927,-121.8555,37.2,60.1833333333333
"2005",36.602,-117.1449,25.6,99.2
"2005",36.6044,-118.7325,2052.8,49.9
"2005",36.6269,-121.7981,140.2,59.1666666666667
"2005",36.6269,-121.7864,149.4,58.1333333333333
"2005",36.6594,-121.6663,13.7,62.0333333333333
"2005",36.66352,-121.60928,22.3,62.3666666666667
"2005",36.6853,-119,1237.5,74.5
"2005",36.715,-121.34917,275.8,68.4
"2005",36.7242,-118.9425,2298.2,63.0666666666667
"2005",36.7267,-118.675,2475,66.55
"2005",36.7269,-120.7658,619.4,79.0333333333333
"2005",36.73751,-118.96197,2005.6,67.1
"2005",36.7672,-119.7092,103,80.2333333333333
"2005",36.77999,-119.72016,101.9,81.5
"2005",36.7878,-118.6561,1438.7,67.8666666666667
"2005",36.798,-118.2036,1204,77.5
"2005",36.8422,-121.3622,123.1,67.3
"2005",36.8425,-118.2594,1479.8,77.6
"2005",36.8483,-121.4213,83.8,67
"2005",36.8839,-119.4658,280.4,82.4333333333333
"2005",36.9092,-119.0883,528.8,78.5333333333333
"2005",36.9111,-119.305,469.4,78.9333333333333
"2005",36.9308,-121.7691,29,61.8666666666667
"2005",36.93936,-121.79001,49.5,62.4
"2005",36.9539,-120.0378,82.3,81.1
"2005",36.9614,-119.175,1538.6,71.6
"2005",36.98505,-120.11068,76.6,77.4
"2005",36.98785,-121.99952,21.3,62.7
"2005",36.98972,-120.92972,124.1,79.1
"2005",36.9911,-121.7978,137.2,66.1666666666667
"2005",36.99574,-119.70691,131.1,78.7333333333333
"2005",37.003,-121.5608,59.1,71
"2005",37.0153,-119.5678,366.1,75.6333333333333
"2005",37.05056,-122.075,121.9,64.7333333333333
"2005",37.05333,-121.05778,84.4,77.8666666666667
"2005",37.0544,-119.3711,1249.7,74.0333333333333
"2005",37.0547,-121.0531,106.7,77.5
"2005",37.0563,-120.8666,36.6,80.4
"2005",37.0664,-119.0394,1727.6,60.7666666666667
"2005",37.08689,-122.08221,132.6,66.1666666666667
"2005",37.0919,-119.5128,637,78.6666666666667
"2005",37.1317,-122.17,801.6,68.9333333333333
"2005",37.135,-119.2561,1751.4,62.4333333333333
"2005",37.1822,-120.7939,19.8,74.65
"2005",37.2028,-121.9428,609.6,72.0666666666667
"2005",37.2064,-119.2419,1486.8,69.6666666666667
"2005",37.2275,-119.22056,2139.7,58.7
"2005",37.2319,-121.9592,111.3,69.5666666666667
"2005",37.2319,-119.5083,963.2,76.9333333333333
"2005",37.2321,-118.5994,2581.7,63.5333333333333
"2005",37.2329,-119.5097,806.2,74.7333333333333
"2005",37.2331,-119.5047,829.1,77
"2005",37.2381,-120.8825,23.8,72.8666666666667
"2005",37.2811,-121.0177,27.4,80.95
"2005",37.28597,-120.51788,46.5,77.3333333333333
"2005",37.2888,-120.5158,46.9,78.5
"2005",37.3053,-122.255,265.8,62.0666666666667
"2005",37.31167,-122.36167,83.8,58.9
"2005",37.3147,-119.0383,2256.4,59.1
"2005",37.3292,-121.2939,563.9,76.6
"2005",37.34336,-121.63473,1286.3,68.8
"2005",37.34972,-121.90333,20.4,69.2333333333333
"2005",37.3581,-122.1472,196.6,69.0666666666667
"2005",37.35938,-121.92444,15,68.6666666666667
"2005",37.37114,-118.35886,1252.8,74.5666666666667
"2005",37.3761,-119.1783,2748.7,47.5
"2005",37.39,-118.5506,1414.3,77.3666666666667
"2005",37.4058,-122.0481,11.9,67.2666666666667
"2005",37.4094,-119.7681,937.9,80.4
"2005",37.4286,-122.2561,115.8,71
"2005",37.4431,-121.7706,629.7,70.2666666666667
"2005",37.4436,-122.1402,7.6,66.3666666666667
"2005",37.4681,-120.1106,365.8,79.6333333333333
"2005",37.4725,-122.4433,8.2,58.2666666666667
"2005",37.475,-122.2981,196.3,69.2
"2005",37.4767,-122.2386,9.4,66.15
"2005",37.5019,-121.7355,932.7,70.8
"2005",37.50193,-120.84566,31.4,78.1666666666667
"2005",37.5042,-119.9869,680,76.3333333333333
"2005",37.5122,-119.6331,1538.3,62.7
"2005",37.5128,-119.6047,1950.7,67.4333333333333
"2005",37.5147,-122.0325,3,68.2
"2005",37.5422,-122.0158,11.6,67.2666666666667
"2005",37.5436,-119.8386,1188.7,74
"2005",37.5514,-118.6672,2145.8,64.3
"2005",37.5531,-121.8439,374.9,68.4333333333333
"2005",37.5625,-122.4364,327.7,60.4333333333333
"2005",37.59167,-122.47167,144.8,60.6
"2005",37.61028,-122.48417,38.1,58.2666666666667
"2005",37.61962,-122.36562,3.2,63.2
"2005",37.62544,-120.95492,26.5,77.6333333333333
"2005",37.6478,-118.9617,2378.7,58.7
"2005",37.65886,-122.12116,9.6,65.1333333333333
"2005",37.6819,-121.3466,41.1,72.15
"2005",37.68194,-121.75139,161.2,72.8333333333333
"2005",37.69309,-121.8149,119.7,71.3333333333333
"2005",37.7119,-121.8136,243.8,71.2666666666667
"2005",37.7178,-122.23301,1.5,62.9333333333333
"2005",37.728,-122.5052,2.4,57.6
"2005",37.745,-118.9833,2316.5,57.3333333333333
"2005",37.7617,-119.8247,2025.1,64.4
"2005",37.7705,-122.4269,45.7,60.0333333333333
"2005",37.7861,-122.1447,333.8,65
"2005",37.79589,-121.58319,18.6,76.9
"2005",37.7983,-122.2642,9.1,63.7
"2005",37.8172,-121.7789,621.8,74
"2005",37.8233,-120.0975,975.4,70.1333333333333
"2005",37.8331,-120.5,310.9,78.4666666666667
"2005",37.8339,-122.0669,536.4,69.4333333333333
"2005",37.8431,-118.4778,1661.2,70.3333333333333
"2005",37.8444,-120.2258,853.4,70.7666666666667
"2005",37.8511,-119.65,2446,56.7
"2005",37.865,-122.2208,427.6,64.8333333333333
"2005",37.8683,-119.3183,2825.5,50.7
"2005",37.8744,-122.2605,94.5,63.6333333333333
"2005",37.8792,-121.9303,661.4,69.9666666666667
"2005",37.8817,-121.9142,1173.2,69.7666666666667
"2005",37.88997,-121.22637,8.3,77.0666666666667
"2005",37.95,-121.8844,487.7,71.6
"2005",37.9566,-122.5447,44.2,66.4333333333333
"2005",37.9567,-119.1194,2071.7,65.4666666666667
"2005",37.9613,-119.783,1179.6,68.8333333333333
"2005",37.9672,-120.3872,510.5,72.1333333333333
"2005",37.9747,-119.9161,1452.4,69.9333333333333
"2005",37.9833,-122.0692,12.2,71.9
"2005",37.9833,-121.7525,18.3,73.3
"2005",37.9906,-122.6447,426.7,68.3333333333333
"2005",37.99165,-122.05268,7,71.7333333333333
"2005",37.9983,-122.5372,36.6,65.7666666666667
"2005",37.9994,-121.3177,3.7,75.5333333333333
"2005",38.0047,-120.4863,292.6,79.6666666666667
"2005",38.0131,-122.1142,12.2,68.9333333333333
"2005",38.0281,-122.7022,378,63.1333333333333
"2005",38.0394,-122.57,457.2,69.8
"2005",38.0631,-120.2469,1503.6,71.3666666666667
"2005",38.07,-119.23,2878.8,54.7
"2005",38.1,-122.1869,103.9,68.1
"2005",38.1061,-121.2877,12.2,74.3333333333333
"2005",38.2075,-122.28041,4.7,64.3
"2005",38.2119,-119.0142,2551.2,57.75
"2005",38.2428,-120.515,780,74.7
"2005",38.2486,-120.8433,200.6,77.2333333333333
"2005",38.2577,-122.6077,6.1,65
"2005",38.2719,-119.2892,2026.9,64.0333333333333
"2005",38.2736,-122.0677,12.2,71.7333333333333
"2005",38.2769,-120.3113,1431,64.5333333333333
"2005",38.2777,-122.2647,10.7,68.5666666666667
"2005",38.28,-119.61,2931.3,50.8333333333333
"2005",38.3,-119.55,2194,58.2666666666667
"2005",38.31,-119.6,2690.5,54.8666666666667
"2005",38.3772,-120.8008,483.4,81.05
"2005",38.37753,-121.95854,31.7,75.8
"2005",38.3894,-120.6511,902.2,79.2666666666667
"2005",38.395,-122.35667,29,68.4
"2005",38.39556,-121.96083,33.5,76.3666666666667
"2005",38.4,-119.54,2838.6,54.5666666666667
"2005",38.4305,-122.8647,61,65.1666666666667
"2005",38.44,-119.37,2814.2,54.0333333333333
"2005",38.45579,-122.71335,50.6,65.7333333333333
"2005",38.4786,-122.7119,175.6,66.0666666666667
"2005",38.4883,-120.325,1524,71.8333333333333
"2005",38.4916,-122.1241,146.3,74.9
"2005",38.492,-122.0039,57,77.7666666666667
"2005",38.50369,-122.81101,36.2,66.5
"2005",38.50659,-121.49604,5.9,74.7666666666667
"2005",38.5066,-122.4713,68.6,70.8333333333333
"2005",38.51,-119.63,2357.9,54.5333333333333
"2005",38.5252,-121.9777,41.1,78
"2005",38.5349,-121.7761,18.3,73.9
"2005",38.55,-119.8,2671.6,55.4666666666667
"2005",38.5552,-121.4183,11.6,77.3333333333333
"2005",38.5653,-119.4592,1658.1,72
"2005",38.573,-122.4405,522.7,69.6666666666667
"2005",38.57682,-122.57811,106.7,70.5
"2005",38.57944,-122.25,138.7,75.1333333333333
"2005",38.5908,-120.9336,275.8,75.2666666666667
"2005",38.61,-119.92,2455.8,57.6
"2005",38.6197,-120.5614,1140,70.3
"2005",38.62935,-122.86646,53.9,72.1
"2005",38.67,-119.82,1863.9,67.3
"2005",38.67,-119.61,2532.9,55.95
"2005",38.68,-119.96,2443.6,57.2333333333333
"2005",38.6829,-121.794,20.4,76.8666666666667
"2005",38.6833,-119.7667,1676.7,65.5666666666667
"2005",38.69,-119.99,2546,54.2333333333333
"2005",38.6955,-120.8244,563.9,76.4333333333333
"2005",38.70069,-121.59479,7.5,75.5666666666667
"2005",38.72,-119.89,2477.7,51.7333333333333
"2005",38.7333,-120.245,1597.2,64.7
"2005",38.7383,-122.1447,107.9,77.3666666666667
"2005",38.7395,-119.518,1613,68.8333333333333
"2005",38.7817,-122.9169,609.6,70.1666666666667
"2005",38.79296,-123.0263,121.9,71.2
"2005",38.8325,-121.0086,365.8,73.7
"2005",38.84,-119.89,2608.2,56.2333333333333
"2005",38.8489,-120.0181,1923.3,59.5333333333333
"2005",38.85,-120.08,2337.8,57.8666666666667
"2005",38.85,-119.94,2370.1,55.1
"2005",38.8619,-122.4172,670.6,72.9
"2005",38.8825,-121.2683,61,77.5333333333333
"2005",38.89838,-119.99617,1907,58.3333333333333
"2005",38.9056,-120.6972,1426.5,72.2666666666667
"2005",38.9119,-122.7064,659.3,75.3
"2005",38.92,-119.92,2615.8,53.0666666666667
"2005",38.9238,-122.5672,411.2,73.1
"2005",38.93,-120.05,1900.7,56.8
"2005",38.933,-120.8008,914.7,72.2333333333333
"2005",38.9875,-123.3486,196.3,67.8
"2005",39,-120.13,2343.6,59.1666666666667
"2005",39.0189,-122.4119,635.5,77.6
"2005",39.0308,-123.0806,817.5,71.2
"2005",39.0717,-120.4217,1597.2,67.3666666666667
"2005",39.0901,-120.947,723.3,74.7333333333333
"2005",39.0914,-120.7317,1327.4,70.7
"2005",39.10205,-121.56884,18.9,76.6333333333333
"2005",39.1258,-123.0736,975.4,70.9
"2005",39.12781,-123.20015,183.7,71.4666666666667
"2005",39.14,-120.22,2028.4,55.7
"2005",39.1458,-121.5852,17.4,84.7
"2005",39.1466,-123.2102,193.9,70.9333333333333
"2005",39.1678,-120.1428,1898.9,59.3666666666667
"2005",39.17,-120.15,2071.7,58.7666666666667
"2005",39.1836,-120.8847,861.4,72.8333333333333
"2005",39.1875,-122.0269,15.2,76.1
"2005",39.19,-120.26,2447.2,56.4
"2005",39.19056,-122.89639,406.9,67.9
"2005",39.2041,-121.068,731.5,70.9333333333333
"2005",39.2083,-122.8083,1475.2,68.0666666666667
"2005",39.2466,-121.0008,847.6,75.15
"2005",39.27617,-120.70927,1611.2,65.9
"2005",39.3,-120.18,1983.9,61.7333333333333
"2005",39.3036,-121.1172,599.8,75.6666666666667
"2005",39.3167,-120.8375,1316.7,72.4666666666667
"2005",39.3239,-120.2331,1809.6,60.4
"2005",39.33,-120.37,2089.4,56.8666666666667
"2005",39.333,-120.173,1774.9,59.3
"2005",39.3528,-123.6011,180.7,65.5
"2005",39.3575,-121.2011,499.9,72.1
"2005",39.3619,-123.1286,310.3,71.6333333333333
"2005",39.3669,-122.575,365.8,74.6333333333333
"2005",39.3886,-120.0936,1699.3,59.5
"2005",39.3975,-121.3861,244.8,76.8666666666667
"2005",39.4172,-122.1825,36.6,76.8666666666667
"2005",39.4194,-123.3425,412.4,62.4666666666667
"2005",39.425,-122.9772,540.4,70.1333333333333
"2005",39.43,-120.31,2545.7,59.7666666666667
"2005",39.43167,-120.24056,1931.5,55.7666666666667
"2005",39.45,-120.29,2134.5,56.7333333333333
"2005",39.475,-121.2025,1132,72.6666666666667
"2005",39.4833,-120.075,2093.1,61.4333333333333
"2005",39.49,-120.28,1967.8,57.3
"2005",39.4943,-121.62226,56.9,78.1666666666667
"2005",39.51,-123.75639,37.5,56.1
"2005",39.5177,-121.553,52.1,79.9
"2005",39.52316,-122.3048,71.3,75.9666666666667
"2005",39.53194,-121.1611,1130.8,65.3333333333333
"2005",39.5619,-120.0478,1821.5,63.2333333333333
"2005",39.5633,-120.8238,888.5,67.6
"2005",39.5833,-120.3705,1516.4,59.8
"2005",39.5861,-122.5341,243.8,75
"2005",39.6375,-120.8653,2033,63.7333333333333
"2005",39.6514,-122.7236,1310.6,70
"2005",39.6681,-123.3211,740.1,69.1
"2005",39.7022,-123.485,554.7,70.2666666666667
"2005",39.7119,-121.7789,70.1,77.1
"2005",39.7358,-121.4889,759,76.4333333333333
"2005",39.7458,-122.1997,77.4,76.9666666666667
"2005",39.7538,-121.6241,533.4,77.1666666666667
"2005",39.8053,-120.4719,1478.3,62.1666666666667
"2005",39.8075,-122.945,1652,66.2
"2005",39.8158,-123.2444,430.7,67.9
"2005",39.8333,-123.0833,457.2,72.9666666666667
"2005",39.8644,-122.6097,317,81.6666666666667
"2005",39.8716,-121.6108,826,71.2
"2005",39.8717,-121.7689,528.2,78.7666666666667
"2005",39.87778,-123.7275,260,64.75
"2005",39.9278,-122.6569,1131.7,74.0333333333333
"2005",39.9366,-120.9475,1042.4,66.9
"2005",39.9389,-122.1697,89.6,78.8333333333333
"2005",39.9717,-120.0828,1338.1,67.6
"2005",39.9733,-120.9419,1066.8,68.2333333333333
"2005",40.0017,-120.915,1377.7,68.1333333333333
"2005",40.0222,-120.1056,1292.4,69.6666666666667
"2005",40.02611,-123.79306,153.3,66.2
"2005",40.03306,-124.07278,75,58.8
"2005",40.0686,-121.5825,1466.7,68.5
"2005",40.1383,-123.8236,135.9,68.6
"2005",40.1417,-120.3533,1767.8,69.3
"2005",40.15186,-122.25478,108,78.9333333333333
"2005",40.1705,-121.0886,1389.9,68.65
"2005",40.1867,-123.5903,281.3,70.0666666666667
"2005",40.2461,-120.6422,1737.4,64.5
"2005",40.2506,-123.3158,832.7,65.1
"2005",40.2569,-124.2661,899.2,64.5666666666667
"2005",40.295,-122.8667,1066.8,70.9333333333333
"2005",40.30209,-121.24391,1387.1,68.9
"2005",40.3067,-120.9,1767.8,63.8
"2005",40.3375,-123.0656,1378.8,67.8666666666667
"2005",40.3442,-121.7136,1267.7,72.3
"2005",40.3458,-121.6091,1485.9,64.45
"2005",40.3983,-122.8333,579.1,76.8333333333333
"2005",40.4167,-120.6631,1283.8,65.8
"2005",40.4633,-123.5239,845.8,66.6
"2005",40.4808,-120.1139,1339.6,65.5
"2005",40.4833,-124.1038,41.5,62.8666666666667
"2005",40.505,-123.3417,1219.2,67.1666666666667
"2005",40.51462,-122.29773,152.6,79.5
"2005",40.5158,-122.2906,152.4,79.2666666666667
"2005",40.54,-121.5803,1725.2,59.6
"2005",40.55,-123.165,708.1,68.9
"2005",40.5524,-123.2122,701,69.9
"2005",40.5981,-121.0831,1722.1,57.7
"2005",40.6116,-122.528,394.7,76.6666666666667
"2005",40.6194,-121.8994,736.7,75.9666666666667
"2005",40.6306,-120.5028,1554.5,64
"2005",40.6506,-122.6056,404.2,77.7
"2005",40.6507,-122.6068,432.2,75.4666666666667
"2005",40.7141,-122.4161,327.7,77
"2005",40.7219,-123.4953,792.5,69.5
"2005",40.7263,-122.7947,567.2,70.2666666666667
"2005",40.7308,-120.3164,1614.8,64.8
"2005",40.7333,-123.2333,457.2,73.9
"2005",40.735,-122.9433,640.1,69.7
"2005",40.73529,-122.9441,627.3,69.7333333333333
"2005",40.7405,-123.2077,381.9,70.8
"2005",40.7586,-120.8961,1889.8,60.7333333333333
"2005",40.7817,-120.7844,1877,60.6666666666667
"2005",40.7864,-122.8045,1008.3,70.0666666666667
"2005",40.7964,-123.9367,512.1,64.4666666666667
"2005",40.8072,-121.2967,1752.6,65.0666666666667
"2005",40.8097,-124.1602,6.1,57.6666666666667
"2005",40.8802,-121.6547,974.8,69.7
"2005",40.8892,-123.1422,1432.6,69.0333333333333
"2005",40.9167,-122.4383,1280.2,74.1666666666667
"2005",40.9258,-121.5856,1130.8,70.4
"2005",40.9316,-121.5433,919,65.3333333333333
"2005",40.97844,-124.10479,64.5,56.4
"2005",41.0064,-121.9833,518.2,74.1
"2005",41.0478,-123.6714,114.3,71.4666666666667
"2005",41.0519,-120.6861,1554.5,61.8
"2005",41.0547,-120.3375,1711.5,62
"2005",41.075,-122.3733,731.5,73.8666666666667
"2005",41.0975,-123.6358,1088.1,66.2666666666667
"2005",41.1117,-122.6967,1341.1,71.0666666666667
"2005",41.1383,-123.9056,804.7,63.7666666666667
"2005",41.1831,-122.28167,661.1,69.2666666666667
"2005",41.19334,-120.94458,1280.8,57.6
"2005",41.24,-120.79,1886.7,57.0666666666667
"2005",41.25171,-122.13827,985.4,57.8
"2005",41.2694,-123.1875,1815.4,62.8333333333333
"2005",41.2769,-121.9794,975.4,61.0666666666667
"2005",41.2897,-123.8575,150.9,68.7
"2005",41.2944,-120.8639,1463,62.7
"2005",41.295,-120.3133,1889.8,65.4
"2005",41.3003,-123.1322,668.1,71.7333333333333
"2005",41.30206,-123.53851,122.8,71.9666666666667
"2005",41.3075,-122.7958,955.9,70.3
"2005",41.314893,-122.317127,1083,64.8
"2005",41.3156,-122.3156,0,66.4666666666667
"2005",41.32175,-122.31725,1101.2,65.4
"2005",41.3322,-120.4725,1332.6,65.4
"2005",41.3378,-122.82484,940.3,65.3
"2005",41.3619,-124.0191,48.8,58
"2005",41.39,-123.4958,280.4,73.5
"2005",41.4219,-120.9016,1313.7,68.5
"2005",41.4272,-121.4639,1602.6,65.8333333333333
"2005",41.4342,-120.8678,1314.3,65.5666666666667
"2005",41.4589,-120.3536,1335,64.5333333333333
"2005",41.4789,-122.4539,893.1,69.1666666666667
"2005",41.48362,-120.5615,1335.9,63.6333333333333
"2005",41.49021,-120.54376,1332.9,60.5
"2005",41.53,-120.6714,1530.7,65.5666666666667
"2005",41.5301,-120.1791,1428.9,68
"2005",41.58,-120.3,2142.7,59.1
"2005",41.5992,-122.9336,1287.8,70.6666666666667
"2005",41.6294,-121.2981,1511.8,66.3
"2005",41.6431,-121.7939,1502.1,65.1333333333333
"2005",41.6853,-122.5942,914.4,70.5
"2005",41.70237,-122.64169,826.6,69.8
"2005",41.71171,-121.5067,1455.4,65.5666666666667
"2005",41.7417,-121.5383,1453.9,66.4
"2005",41.77373,-122.46825,806.1,68.3333333333333
"2005",41.775,-122.9503,1674.3,63.2333333333333
"2005",41.78361,-124.23796,17,56.5666666666667
"2005",41.7861,-122.0056,1645.9,64.9333333333333
"2005",41.7958,-124.2147,13.1,58.4
"2005",41.8386,-122.85,591.3,70.5
"2005",41.8458,-123.9792,152.4,72.15
"2005",41.8586,-123.3525,1423.4,66.7333333333333
"2005",41.8715,-120.1574,1444.4,64.6666666666667
"2005",41.89,-120.75,1575.8,60.5
"2005",41.99,-120.18,2243.3,55.0333333333333
"2005",41.9919,-123.6036,1210.1,65.5
"2005",41.9992,-121.7003,1249.1,62.7
"2006",32.57583,-116.99391,158.9,73.6
"2006",32.6058,-116.6089,714.8,75.8333333333333
"2006",32.6261,-116.4681,805,71.9
"2006",32.6263,-116.4699,801.6,74.5333333333333
"2006",32.685,-116.9736,129.5,72.7333333333333
"2006",32.7214,-116.4631,1049.4,73.5
"2006",32.7336,-117.1831,4.6,73.4
"2006",32.7397,-114.8839,66.1,94.9666666666667
"2006",32.76536,-117.2315,4.3,69.65
"2006",32.76654,-115.56638,-9.1,93.1333333333333
"2006",32.8005,-116.928,150.9,77.6333333333333
"2006",32.81453,-117.13747,127.5,74.7
"2006",32.8336,-116.7392,622.1,77.8333333333333
"2006",32.83464,-115.57656,-16.8,93.8666666666667
"2006",32.8488,-115.5666,-19.5,92.1
"2006",32.8569,-116.6222,1060.7,74.8666666666667
"2006",32.8672,-116.4194,1804.4,70.5
"2006",32.8797,-116.4203,1755.6,68.2
"2006",32.9083,-114.4944,91.4,95.6
"2006",32.9544,-115.5581,-30.5,92.9
"2006",32.9736,-115.1736,84.7,96.0666666666667
"2006",32.9897,-116.5872,1414.3,70.2
"2006",32.9903,-116.0669,231.6,96.4666666666667
"2006",33.0113,-116.908,448.1,75.0666666666667
"2006",33.0164,-116.6339,0,74.8
"2006",33.03801,-116.915979,422,73.9666666666667
"2006",33.0736,-116.8458,466.3,77.1
"2006",33.0758,-116.5908,1292.4,75.4333333333333
"2006",33.0955,-116.9975,128,76.5666666666667
"2006",33.12993,-117.27651,95.3,71.8333333333333
"2006",33.2097,-117.395,3,69.6
"2006",33.21946,-117.34962,9.1,70.1333333333333
"2006",33.2222,-116.4975,1345.7,77.9666666666667
"2006",33.2354,-117.2322,131.1,73.1
"2006",33.2372,-117.0086,452,77.5
"2006",33.2372,-116.7614,823,74.1333333333333
"2006",33.2559,-116.4036,246.9,92.5
"2006",33.2889,-117.4389,30.5,71.4666666666667
"2006",33.3722,-117.3589,279.8,73
"2006",33.3814,-117.2856,325.5,74.4333333333333
"2006",33.3933,-116.795,838.8,78.1
"2006",33.40419,-118.41456,477,71.65
"2006",33.445,-117.4181,707.1,75.2666666666667
"2006",33.4781,-117.4858,366.7,74.4333333333333
"2006",33.4833,-119.0333,53.6,65.4
"2006",33.5286,-117.2306,603.5,75.8
"2006",33.5417,-117.5917,213.4,74.8
"2006",33.5453,-117.7813,13.4,72.1333333333333
"2006",33.555,-116.673,1194.8,74.2666666666667
"2006",33.6031,-117.8836,3,70.1333333333333
"2006",33.61388,-114.59813,81.7,95.6
"2006",33.61876,-114.71451,120.4,94.7
"2006",33.63166,-116.16412,-36,91.2333333333333
"2006",33.6472,-117.4111,926,80.2666666666667
"2006",33.6667,-116.7667,1499.6,73.5666666666667
"2006",33.67975,-117.86746,13,74.3
"2006",33.7044,-115.6289,417.6,90.3
"2006",33.72,-117.723,164.6,75.8333333333333
"2006",33.7377,-115.3925,227.7,93.4666666666667
"2006",33.7381,-116.8939,552,80.1333333333333
"2006",33.7403,-116.8414,594.4,81.1333333333333
"2006",33.7442,-117.8667,41.1,76.3
"2006",33.7572,-116.7066,1639.8,71
"2006",33.7625,-117.4828,342.9,80
"2006",33.7965,-116.9753,464.8,81.6
"2006",33.8016,-118.3419,27.4,71.2
"2006",33.80807,-115.45138,296.6,93.1
"2006",33.8081,-117.7111,542.8,77.6333333333333
"2006",33.81177,-118.14718,10.2,74.2333333333333
"2006",33.82216,-116.50433,124.7,93.5666666666667
"2006",33.8275,-116.5097,129.5,92.9
"2006",33.8647,-117.8425,70.7,78.5666666666667
"2006",33.87154,-117.98561,26.3,76.6333333333333
"2006",33.8744,-117.5492,195.1,76.1
"2006",33.8767,-117.3089,524.3,78.6
"2006",33.89,-117.8188,106.7,76.4
"2006",33.92353,-118.33291,16.6,73.5
"2006",33.9306,-116.95,793.7,80.3
"2006",33.93816,-118.3866,29.7,71.4
"2006",33.9511,-117.388,256,82.45
"2006",33.95282,-117.43523,257.7,78.3
"2006",33.96694,-117.36139,300.5,81.9
"2006",33.97563,-117.62487,193.9,78.6
"2006",33.9778,-120.0778,395.6,62.6666666666667
"2006",33.9839,-118.01,289.6,75.8333333333333
"2006",33.9958,-119.7222,76.2,69
"2006",34.0075,-118.49972,4.3,68.2
"2006",34.0092,-119.6542,243.8,68.5666666666667
"2006",34.0178,-116.1878,1280.2,78.6
"2006",34.02099,-118.44712,53.3,70.2
"2006",34.037,-117.1948,429.8,79.5
"2006",34.0456,-118.9358,15.2,68.0666666666667
"2006",34.05314,-117.57689,281.6,79.9
"2006",34.0583,-118.6333,480.1,74.5
"2006",34.0608,-114.7322,249.9,94.2333333333333
"2006",34.0678,-118.2417,115.2,76.3333333333333
"2006",34.0697,-118.4427,131.1,71.6333333333333
"2006",34.0816,-117.7658,304.5,78.45
"2006",34.0836,-117.0347,899.2,78.5
"2006",34.0842,-118.1003,110.6,77.7
"2006",34.0869,-118.4794,340.5,71.15
"2006",34.1208,-117.9458,152.4,78.6666666666667
"2006",34.1233,-116.4078,993.6,81.2333333333333
"2006",34.125,-118.4122,384,77.2
"2006",34.128,-116.0369,602,90.1
"2006",34.1369,-117.7069,501.4,76.5666666666667
"2006",34.1472,-115.1219,281,95.6333333333333
"2006",34.1483,-118.1447,263.3,78.0666666666667
"2006",34.1819,-118.5744,240.8,79.9333333333333
"2006",34.18194,-118.89861,238.7,73.1
"2006",34.1847,-118.7172,502.9,78.8
"2006",34.1866,-118.348,199.6,76.1333333333333
"2006",34.1942,-116.9131,1712.4,68.8333333333333
"2006",34.19966,-118.36543,222.7,77.5333333333333
"2006",34.20012,-119.20417,11.9,65.8666666666667
"2006",34.2066,-119.1375,15.8,69
"2006",34.2069,-117.7606,792.5,77.2666666666667
"2006",34.21,-118.87,242.3,70.8333333333333
"2006",34.2103,-116.6339,1828.8,74.7333333333333
"2006",34.21142,-119.08762,21.6,68.4
"2006",34.21214,-118.49146,239.2,78.2333333333333
"2006",34.2211,-117.4044,627,79.0333333333333
"2006",34.2308,-118.0711,1740.4,73.7
"2006",34.2339,-117.4803,851,77.7
"2006",34.243,-116.917,2058.3,62.45
"2006",34.2447,-118.525,275.5,78.7666666666667
"2006",34.2466,-117.1883,1586.5,68.5333333333333
"2006",34.2661,-116.8989,2103.1,62.4333333333333
"2006",34.2711,-118.1525,914.4,76.6666666666667
"2006",34.28964,-114.17137,224.9,96.3
"2006",34.2911,-118.8144,278.6,72.3666666666667
"2006",34.2936,-118.3608,423.7,76
"2006",34.3119,-119.13306,72.2,68
"2006",34.3175,-117.5019,1005.8,76.8666666666667
"2006",34.3194,-117.0131,2091.2,67.1
"2006",34.3317,-118.0303,1661.2,73.9
"2006",34.3617,-118.4217,1219.2,75.6
"2006",34.3617,-117.6386,1828.8,65.9333333333333
"2006",34.3717,-118.8408,501.4,76.7666666666667
"2006",34.3789,-117.6919,2108.3,70.0666666666667
"2006",34.3903,-118.0825,1530.4,72.7666666666667
"2006",34.3906,-116.5169,883.9,85.7666666666667
"2006",34.3933,-118.5938,538,80.6333333333333
"2006",34.4044,-118.81,187.1,73.2333333333333
"2006",34.4167,-119.6844,4.9,66.6
"2006",34.4241,-119.84249,2.5,66.5666666666667
"2006",34.425,-118.525,442,79.1333333333333
"2006",34.4311,-118.6828,389.5,79.0666666666667
"2006",34.4456,-117.8511,1152.1,77.0333333333333
"2006",34.4458,-118.2,792.5,77.3666666666667
"2006",34.4477,-119.2275,227.1,73.8333333333333
"2006",34.4483,-119.2303,233.2,71.7
"2006",34.4614,-119.6481,457.2,74.5
"2006",34.4806,-118.7556,347.5,76.8
"2006",34.5025,-117.8969,945.2,81.7333333333333
"2006",34.52527,-117.29638,850.1,81.2
"2006",34.5358,-119.7833,310.9,74.6
"2006",34.5431,-119.1842,1015.3,68.1
"2006",34.5686,-118.7403,1255.8,75.6333333333333
"2006",34.58223,-119.98159,240.5,74.4333333333333
"2006",34.5883,-118.0938,796.1,80.8
"2006",34.5891,-117.6302,899.2,79.3
"2006",34.5958,-118.5786,1502.7,77.3
"2006",34.62944,-118.08309,764.7,81.1666666666667
"2006",34.6344,-117.5503,877.8,80.8666666666667
"2006",34.6538,-120.4513,22.9,65.15
"2006",34.6819,-119.3539,1118.6,74.2666666666667
"2006",34.6847,-117.8208,789.4,80.9666666666667
"2006",34.705,-118.4297,932.7,78.3333333333333
"2006",34.7325,-118.3833,841.2,79.1
"2006",34.7331,-120.0067,975.4,76.3
"2006",34.74121,-118.21255,712.6,81.5333333333333
"2006",34.74361,-118.72528,1374.6,74.4
"2006",34.7586,-120.4861,320,63.4333333333333
"2006",34.76783,-114.61842,270.6,98.2666666666667
"2006",34.8083,-119.0125,1493.5,65.5333333333333
"2006",34.85371,-116.78702,584.8,89.2666666666667
"2006",34.8927,-117.0219,676.7,86.0666666666667
"2006",34.89403,-120.45216,74.2,65.2666666666667
"2006",34.9436,-115.5469,1325.9,82.3
"2006",34.9455,-119.6827,658.4,73.4
"2006",34.988,-120.3211,177.4,71.5333333333333
"2006",34.98833,-117.86472,695.9,82.3333333333333
"2006",35.0233,-118.7497,434.3,74.4
"2006",35.0492,-118.1619,833.6,83.6
"2006",35.0531,-116.0794,289.6,93.9
"2006",35.0964,-119.7728,759,80.1666666666667
"2006",35.1011,-118.4222,1286.3,71.3
"2006",35.1231,-115.4114,1649.9,76.7333333333333
"2006",35.1503,-119.43,235.6,82.8333333333333
"2006",35.1542,-117.1756,987.6,83.6666666666667
"2006",35.1792,-120.3919,319.4,73.45
"2006",35.1889,-120.0833,1149.1,76.3
"2006",35.23815,-120.64406,55.8,66.3333333333333
"2006",35.27611,-116.06278,293.2,94.9
"2006",35.367,-120.8447,36,58.8
"2006",35.3692,-117.6525,1088.1,81.6
"2006",35.37,-117.5683,1103.4,83.0333333333333
"2006",35.3811,-120.1875,496.8,73.2333333333333
"2006",35.4028,-119.47,68.6,81.8333333333333
"2006",35.4186,-119.0508,143.3,83.55
"2006",35.43424,-119.05524,149.3,83.3666666666667
"2006",35.4783,-117.6989,1338.1,81.8
"2006",35.5317,-118.6303,718.1,79.7666666666667
"2006",35.5892,-119.352,88.7,79.2
"2006",35.6277,-120.6855,222.5,73.1333333333333
"2006",35.6564,-120.9242,303,71.2
"2006",35.6647,-118.0569,1698.3,76.9666666666667
"2006",35.66936,-120.62918,249.8,74.0666666666667
"2006",35.6841,-121.1683,465.1,66.45
"2006",35.7217,-118.4989,960.1,78.9666666666667
"2006",35.7269,-118.7006,957.1,70.0333333333333
"2006",35.7636,-117.3908,516.6,89.5
"2006",35.7706,-115.9092,1524,81.3333333333333
"2006",35.7831,-118.4389,823.9,78.6333333333333
"2006",35.8644,-120.8031,163.7,75.8333333333333
"2006",35.8717,-117.9183,1264.9,84.9666666666667
"2006",35.8842,-118.0517,2507.9,65.1333333333333
"2006",35.8889,-118.6333,1133.9,75.1666666666667
"2006",35.8922,-118.915,64,80.5666666666667
"2006",35.8989,-120.4319,467.9,75.5
"2006",35.9717,-118.545,1432.6,67.8
"2006",36.0067,-119.96,73.2,82.0333333333333
"2006",36.0117,-121.2417,335.3,75.0666666666667
"2006",36.0333,-120.0569,246.9,83.3
"2006",36.0931,-118.2603,2499.4,61.9666666666667
"2006",36.0975,-119.5817,61,81.2
"2006",36.1203,-117.0878,2097,73.1666666666667
"2006",36.1356,-120.3606,204.2,84.7
"2006",36.1388,-117.9527,1165.9,80.6
"2006",36.1753,-118.7017,987.6,79.4
"2006",36.18833,-120.69528,701,71.8666666666667
"2006",36.2032,-119.0545,132.6,80.1333333333333
"2006",36.2069,-121.1377,97.5,70.6333333333333
"2006",36.23,-121.4917,298.7,73.7333333333333
"2006",36.2314,-118.8689,586.1,84.9
"2006",36.2356,-121.785,137.2,64.7666666666667
"2006",36.2472,-121.7802,61,62.3333333333333
"2006",36.3114,-119.62319,76,79.8333333333333
"2006",36.3158,-119.637,72.2,79.4666666666667
"2006",36.32833,-119.2997,92.4,79
"2006",36.33333,-119.95,70.7,75.6
"2006",36.3478,-120.5978,1524,72.4333333333333
"2006",36.3642,-120.1561,86.9,80.5333333333333
"2006",36.3817,-119.0264,156.4,81.4666666666667
"2006",36.3825,-120.8558,1137.8,75.2
"2006",36.3886,-121.5517,574.5,70.0333333333333
"2006",36.4069,-118.4217,2621.3,61.2
"2006",36.4108,-118.8092,1966,69
"2006",36.445,-118.7033,1597.2,74.9
"2006",36.46263,-116.8672,-59.1,102.5
"2006",36.465,-118.8619,347.5,80.6
"2006",36.4708,-121.1472,402.9,75.3333333333333
"2006",36.4805,-121.7244,146.3,65.1333333333333
"2006",36.4819,-121.1822,398.4,70.9333333333333
"2006",36.4914,-118.8253,520.6,80.7
"2006",36.5625,-117.4736,2097,69.9
"2006",36.5672,-118.9556,1240.2,73.75
"2006",36.59041,-121.84881,48.8,61.4
"2006",36.5927,-121.8555,37.2,60.6333333333333
"2006",36.602,-117.1449,25.6,100.866666666667
"2006",36.6044,-118.7325,2052.8,59.9
"2006",36.6269,-121.7981,140.2,60.7333333333333
"2006",36.6269,-121.7864,149.4,59.3333333333333
"2006",36.6594,-121.6663,13.7,63.1333333333333
"2006",36.66352,-121.60928,22.3,63.6333333333333
"2006",36.6853,-119,1237.5,75
"2006",36.715,-121.34917,275.8,67.6
"2006",36.7242,-118.9425,2298.2,65.2
"2006",36.7267,-118.675,2475,65.2
"2006",36.7269,-120.7658,619.4,80.5666666666667
"2006",36.73751,-118.96197,2005.6,65.9
"2006",36.7672,-119.7092,103,81.9
"2006",36.77999,-119.72016,101.9,82.8333333333333
"2006",36.7878,-118.6561,1438.7,68.8
"2006",36.798,-118.2036,1204,81.7
"2006",36.8422,-121.3622,123.1,67
"2006",36.8425,-118.2594,1479.8,78.9666666666667
"2006",36.8483,-121.4213,83.8,68.2333333333333
"2006",36.8839,-119.4658,280.4,85.3
"2006",36.9092,-119.0883,528.8,79.5333333333333
"2006",36.9111,-119.305,469.4,80.9
"2006",36.9308,-121.7691,29,63.4
"2006",36.93936,-121.79001,49.5,63.2
"2006",36.9539,-120.0378,82.3,79.7
"2006",36.9614,-119.175,1538.6,73.2
"2006",36.98505,-120.11068,76.6,79.3333333333333
"2006",36.98785,-121.99952,21.3,63.5333333333333
"2006",36.98972,-120.92972,124.1,79.3666666666667
"2006",36.9911,-121.7978,137.2,68.8666666666667
"2006",36.99574,-119.70691,131.1,80.4333333333333
"2006",37.003,-121.5608,59.1,73.05
"2006",37.0153,-119.5678,366.1,77.7
"2006",37.05056,-122.075,121.9,65.7
"2006",37.05333,-121.05778,84.4,76.45
"2006",37.0544,-119.3711,1249.7,76.1333333333333
"2006",37.0547,-121.0531,106.7,78.8666666666667
"2006",37.0563,-120.8666,36.6,76.4
"2006",37.0664,-119.0394,1727.6,61.7
"2006",37.08689,-122.08221,132.6,68.1333333333333
"2006",37.0919,-119.5128,637,80.5666666666667
"2006",37.1317,-122.17,801.6,71.1
"2006",37.135,-119.2561,1751.4,63.5666666666667
"2006",37.1822,-120.7939,19.8,75
"2006",37.2028,-121.9428,609.6,73.2
"2006",37.2064,-119.2419,1486.8,70.9
"2006",37.2275,-119.22056,2139.7,61.8666666666667
"2006",37.2319,-121.9592,111.3,70.7333333333333
"2006",37.2319,-119.5083,963.2,80.85
"2006",37.2321,-118.5994,2581.7,60.8
"2006",37.2331,-119.5047,829.1,78.6666666666667
"2006",37.2381,-120.8825,23.8,74.1666666666667
"2006",37.2811,-121.0177,27.4,81.3666666666667
"2006",37.28597,-120.51788,46.5,78.4
"2006",37.2888,-120.5158,46.9,79.8333333333333
"2006",37.3053,-122.255,265.8,63.3333333333333
"2006",37.31167,-122.36167,83.8,60.9333333333333
"2006",37.3133,-122.185,691.9,69.15
"2006",37.3147,-119.0383,2256.4,63.4666666666667
"2006",37.3292,-121.2939,563.9,78.1333333333333
"2006",37.34336,-121.63473,1286.3,71.2
"2006",37.34972,-121.90333,20.4,70.5333333333333
"2006",37.3581,-122.1472,196.6,70.7
"2006",37.35938,-121.92444,15,70.2
"2006",37.37114,-118.35886,1252.8,75.3333333333333
"2006",37.39,-118.5506,1414.3,78.3666666666667
"2006",37.4058,-122.0481,11.9,68.3333333333333
"2006",37.4094,-119.7681,937.9,79.75
"2006",37.4286,-122.2561,115.8,70.5666666666667
"2006",37.4431,-121.7706,629.7,71.8666666666667
"2006",37.4436,-122.1402,7.6,68.25
"2006",37.4681,-120.1106,365.8,81.5333333333333
"2006",37.4725,-122.4433,8.2,59.1666666666667
"2006",37.475,-122.2981,196.3,68.7333333333333
"2006",37.4767,-122.2386,9.4,69.7333333333333
"2006",37.5019,-121.7355,932.7,71.8666666666667
"2006",37.50193,-120.84566,31.4,78.9
"2006",37.5042,-119.9869,680,76.9
"2006",37.5122,-119.6331,1538.3,64.1
"2006",37.5128,-119.6047,1950.7,69.4666666666667
"2006",37.5147,-122.0325,3,68.1
"2006",37.5422,-122.0158,11.6,68.7333333333333
"2006",37.5436,-119.8386,1188.7,76.4
"2006",37.5514,-118.6672,2145.8,65.4666666666667
"2006",37.5531,-121.8439,374.9,70.3
"2006",37.59167,-122.47167,144.8,62.7666666666667
"2006",37.61028,-122.48417,38.1,58.3
"2006",37.61962,-122.36562,3.2,64.1333333333333
"2006",37.62544,-120.95492,26.5,79.6333333333333
"2006",37.6478,-118.9617,2378.7,60.1
"2006",37.65886,-122.12116,9.6,66.9333333333333
"2006",37.6819,-121.3466,41.1,76.6
"2006",37.68194,-121.75139,161.2,73.9333333333333
"2006",37.69309,-121.8149,119.7,72.5666666666667
"2006",37.7119,-121.8136,243.8,71.9333333333333
"2006",37.7178,-122.23301,1.5,64.4
"2006",37.728,-122.5052,2.4,58.5
"2006",37.745,-118.9833,2316.5,59.3333333333333
"2006",37.7705,-122.4269,45.7,60.4666666666667
"2006",37.79589,-121.58319,18.6,77.5333333333333
"2006",37.7983,-122.2642,9.1,65.1666666666667
"2006",37.8172,-121.7789,621.8,76.45
"2006",37.8233,-120.0975,975.4,71.8333333333333
"2006",37.8331,-120.5,310.9,77.5
"2006",37.8339,-122.0669,536.4,71.4333333333333
"2006",37.8431,-118.4778,1661.2,72.45
"2006",37.8444,-120.2258,853.4,72.0333333333333
"2006",37.8511,-119.65,2446,58.3
"2006",37.865,-122.2208,427.6,62.5
"2006",37.8683,-119.3183,2825.5,52.1333333333333
"2006",37.8744,-122.2605,94.5,64.8333333333333
"2006",37.8792,-121.9303,661.4,71.1333333333333
"2006",37.8817,-121.9142,1173.2,71.5666666666667
"2006",37.88997,-121.22637,8.3,77.7666666666667
"2006",37.9191,-122.3772,6.1,63.6
"2006",37.9442,-122.1178,442,70.8
"2006",37.95,-121.8844,487.7,72.8666666666667
"2006",37.9566,-122.5447,44.2,68.5666666666667
"2006",37.9567,-119.1194,2071.7,67.0333333333333
"2006",37.9613,-119.783,1179.6,71.1666666666667
"2006",37.9672,-120.3872,510.5,74.6
"2006",37.9747,-119.9161,1452.4,72.0333333333333
"2006",37.9833,-122.0692,12.2,72
"2006",37.9833,-121.7525,18.3,75.3333333333333
"2006",37.9906,-122.6447,426.7,71.1
"2006",37.99165,-122.05268,7,73.0333333333333
"2006",37.9983,-122.5372,36.6,67.6333333333333
"2006",37.9994,-121.3177,3.7,77.1333333333333
"2006",38.0047,-120.4863,292.6,82.75
"2006",38.0131,-122.1142,12.2,71.2666666666667
"2006",38.0281,-122.7022,378,65.5333333333333
"2006",38.0394,-122.57,457.2,69.3
"2006",38.0631,-120.2469,1503.6,72.6
"2006",38.07,-119.23,2878.8,57.4333333333333
"2006",38.1,-122.1869,103.9,67.8
"2006",38.1061,-121.2877,12.2,75.1333333333333
"2006",38.2075,-122.28041,4.7,66.6666666666667
"2006",38.2119,-119.0142,2551.2,54.7666666666667
"2006",38.2428,-120.515,780,76.5
"2006",38.2486,-120.8433,200.6,78.8
"2006",38.2575,-119.2286,1972.1,63.1
"2006",38.2577,-122.6077,6.1,66.15
"2006",38.2719,-119.2892,2026.9,66.1
"2006",38.2736,-122.0677,12.2,74
"2006",38.2769,-120.3113,1431,66.4
"2006",38.2777,-122.2647,10.7,70.1
"2006",38.28,-119.61,2931.3,57.1
"2006",38.3,-119.55,2194,60.0333333333333
"2006",38.31,-119.6,2690.5,56.7333333333333
"2006",38.3772,-120.8008,483.4,77.9
"2006",38.37753,-121.95854,31.7,76.8666666666667
"2006",38.3858,-122.9661,263.7,66.0333333333333
"2006",38.3894,-120.6511,902.2,79.2666666666667
"2006",38.395,-122.35667,29,68.6
"2006",38.39556,-121.96083,33.5,78.7
"2006",38.4,-119.54,2838.6,56.5333333333333
"2006",38.4305,-122.8647,61,66.3
"2006",38.44,-119.37,2814.2,55.8333333333333
"2006",38.45579,-122.71335,50.6,66.8
"2006",38.4786,-122.7119,175.6,69.2
"2006",38.4883,-120.325,1524,74.3
"2006",38.4916,-122.1241,146.3,75.3333333333333
"2006",38.492,-122.0039,57,78
"2006",38.50369,-122.81101,36.2,68.0666666666667
"2006",38.50659,-121.49604,5.9,75.3666666666667
"2006",38.5066,-122.4713,68.6,72.6
"2006",38.51,-119.63,2357.9,56.0666666666667
"2006",38.515,-123.2447,34.1,58.6
"2006",38.5252,-121.9777,41.1,78.8
"2006",38.5349,-121.7761,18.3,75.7333333333333
"2006",38.55,-119.8,2671.6,57.5666666666667
"2006",38.5552,-121.4183,11.6,77.7666666666667
"2006",38.5653,-119.4592,1658.1,73.6333333333333
"2006",38.573,-122.4405,522.7,71.2
"2006",38.57682,-122.57811,106.7,71.9333333333333
"2006",38.57944,-122.25,138.7,76.4333333333333
"2006",38.5908,-120.9336,275.8,76.5666666666667
"2006",38.61,-119.92,2455.8,56.1
"2006",38.6197,-120.5614,1140,73.1
"2006",38.67,-119.82,1863.9,65.6666666666667
"2006",38.67,-119.61,2532.9,59.5
"2006",38.68,-119.96,2443.6,59.5
"2006",38.6829,-121.794,20.4,78.4666666666667
"2006",38.6833,-119.7667,1676.7,67.6666666666667
"2006",38.69,-119.99,2546,56.3
"2006",38.6955,-120.8244,563.9,78.8333333333333
"2006",38.70069,-121.59479,7.5,76.3
"2006",38.72,-119.89,2477.7,53.4666666666667
"2006",38.7333,-120.245,1597.2,68.2
"2006",38.7383,-122.1447,107.9,78.7333333333333
"2006",38.7817,-122.9169,609.6,72.1333333333333
"2006",38.8325,-121.0086,365.8,75.3666666666667
"2006",38.84,-119.89,2608.2,58.1666666666667
"2006",38.8489,-120.0181,1923.3,61.5
"2006",38.85,-120.08,2337.8,60.2
"2006",38.85,-119.94,2370.1,55.2666666666667
"2006",38.8619,-122.4172,670.6,75.4
"2006",38.8825,-121.2683,61,79.4333333333333
"2006",38.89838,-119.99617,1907,60.0666666666667
"2006",38.9056,-120.6972,1426.5,75.1666666666667
"2006",38.9119,-122.7064,659.3,77.4333333333333
"2006",38.92,-119.92,2615.8,55.1333333333333
"2006",38.9238,-122.5672,411.2,72.1666666666667
"2006",38.93,-120.05,1900.7,58.2333333333333
"2006",38.9875,-123.3486,196.3,68.7666666666667
"2006",39,-120.13,2343.6,61.3666666666667
"2006",39.0189,-122.4119,635.5,79.5333333333333
"2006",39.0308,-123.0806,817.5,74.3333333333333
"2006",39.0717,-120.4217,1597.2,70.6666666666667
"2006",39.0901,-120.947,723.3,74.3
"2006",39.0914,-120.7317,1327.4,73.3666666666667
"2006",39.10205,-121.56884,18.9,77.8666666666667
"2006",39.1258,-123.0736,975.4,73.5666666666667
"2006",39.12781,-123.20015,183.7,73.7
"2006",39.14,-120.22,2028.4,57.4666666666667
"2006",39.1439,-120.5089,2164.1,63.9
"2006",39.1466,-123.2102,193.9,73.3666666666667
"2006",39.1678,-120.1428,1898.9,60.6666666666667
"2006",39.17,-120.15,2071.7,61.0333333333333
"2006",39.1836,-120.8847,861.4,74.9666666666667
"2006",39.1875,-122.0269,15.2,76.5333333333333
"2006",39.19,-120.26,2447.2,58.8666666666667
"2006",39.19056,-122.89639,406.9,69.5
"2006",39.2041,-121.068,731.5,70.4
"2006",39.2083,-122.8083,1475.2,71.2
"2006",39.2466,-121.0008,847.6,72.3666666666667
"2006",39.27617,-120.70927,1611.2,69.4666666666667
"2006",39.3,-120.18,1983.9,63.5666666666667
"2006",39.3036,-121.1172,599.8,77.9
"2006",39.3167,-120.8375,1316.7,74.0333333333333
"2006",39.3239,-120.2331,1809.6,59.75
"2006",39.33,-120.37,2089.4,58.3333333333333
"2006",39.333,-120.173,1774.9,60.6
"2006",39.3528,-123.6011,180.7,65.0666666666667
"2006",39.3575,-121.2011,499.9,73.6333333333333
"2006",39.3619,-123.1286,310.3,73.5
"2006",39.3669,-122.575,365.8,77.0333333333333
"2006",39.3886,-120.0936,1699.3,58.75
"2006",39.3975,-121.3861,244.8,78.1
"2006",39.4172,-122.1825,36.6,77.7666666666667
"2006",39.4194,-123.3425,412.4,64.6666666666667
"2006",39.425,-122.9772,540.4,71.7333333333333
"2006",39.43,-120.31,2545.7,59.4
"2006",39.43167,-120.24056,1931.5,58
"2006",39.45,-120.29,2134.5,58.3
"2006",39.475,-121.2025,1132,74.9333333333333
"2006",39.4833,-120.075,2093.1,63.2
"2006",39.49,-120.28,1967.8,58.6666666666667
"2006",39.4943,-121.62226,56.9,80.1666666666667
"2006",39.51,-123.75639,37.5,56.75
"2006",39.5177,-121.553,52.1,79.2333333333333
"2006",39.52316,-122.3048,71.3,77.2333333333333
"2006",39.53194,-121.1611,1130.8,68.8666666666667
"2006",39.5619,-120.0478,1821.5,64.7333333333333
"2006",39.5633,-120.8238,888.5,69.7333333333333
"2006",39.5833,-120.3705,1516.4,61.2
"2006",39.5861,-122.5341,243.8,76.5666666666667
"2006",39.6375,-120.8653,2033,64.55
"2006",39.6514,-122.7236,1310.6,72.5
"2006",39.6681,-123.3211,740.1,73.5
"2006",39.7022,-123.485,554.7,72.7
"2006",39.7119,-121.7789,70.1,78.7
"2006",39.7358,-121.4889,759,79.2333333333333
"2006",39.7458,-122.1997,77.4,78.4333333333333
"2006",39.7538,-121.6241,533.4,80.3
"2006",39.8053,-120.4719,1478.3,63.9
"2006",39.8158,-123.2444,430.7,71.6666666666667
"2006",39.8333,-123.0833,457.2,75.9333333333333
"2006",39.8644,-122.6097,317,84.0333333333333
"2006",39.8716,-121.6108,826,73.7
"2006",39.8717,-121.7689,528.2,80.5
"2006",39.87778,-123.7275,260,67.2666666666667
"2006",39.9278,-122.6569,1131.7,76.4
"2006",39.9366,-120.9475,1042.4,67.9
"2006",39.9389,-122.1697,89.6,80.9
"2006",39.9717,-120.0828,1338.1,66.6333333333333
"2006",39.9733,-120.9419,1066.8,71
"2006",40.0017,-120.915,1377.7,71.4
"2006",40.0222,-120.1056,1292.4,70.4666666666667
"2006",40.03306,-124.07278,75,60.9333333333333
"2006",40.0686,-121.5825,1466.7,71.2666666666667
"2006",40.1383,-123.8236,135.9,69.6333333333333
"2006",40.1417,-120.3533,1767.8,70.7333333333333
"2006",40.15186,-122.25478,108,81.0333333333333
"2006",40.1705,-121.0886,1389.9,65.8333333333333
"2006",40.1867,-123.5903,281.3,70.3666666666667
"2006",40.2461,-120.6422,1737.4,66.6
"2006",40.2506,-123.3158,832.7,68.6333333333333
"2006",40.2569,-124.2661,899.2,65.8666666666667
"2006",40.295,-122.8667,1066.8,74.1333333333333
"2006",40.30209,-121.24391,1387.1,65.7
"2006",40.3067,-120.9,1767.8,66
"2006",40.3375,-123.0656,1378.8,70.5333333333333
"2006",40.3442,-121.7136,1267.7,74.8666666666667
"2006",40.3458,-121.6091,1485.9,60.2
"2006",40.3983,-122.8333,579.1,79.6666666666667
"2006",40.4167,-120.6631,1283.8,68.9
"2006",40.4633,-123.5239,845.8,68.3
"2006",40.4808,-120.1139,1339.6,67.4333333333333
"2006",40.4833,-124.1038,41.5,62.6333333333333
"2006",40.505,-123.3417,1219.2,69.9
"2006",40.51462,-122.29773,152.6,81.5333333333333
"2006",40.5158,-122.2906,152.4,81.5333333333333
"2006",40.54,-121.5803,1725.2,60.9
"2006",40.5411,-121.5766,1752.6,65.3
"2006",40.55,-123.165,708.1,70.8333333333333
"2006",40.5524,-123.2122,701,68.3
"2006",40.5981,-121.0831,1722.1,60.1666666666667
"2006",40.6116,-122.528,394.7,79.6666666666667
"2006",40.6194,-121.8994,736.7,77.7
"2006",40.6306,-120.5028,1554.5,66.5666666666667
"2006",40.6506,-122.6056,404.2,80.1
"2006",40.6507,-122.6068,432.2,77.8
"2006",40.7141,-122.4161,327.7,81.3666666666667
"2006",40.7219,-123.4953,792.5,71.9
"2006",40.7263,-122.7947,567.2,71.7333333333333
"2006",40.7308,-120.3164,1614.8,67.7
"2006",40.7333,-123.2333,457.2,75.8
"2006",40.73529,-122.9441,627.3,71.5666666666667
"2006",40.7405,-123.2077,381.9,72.4333333333333
"2006",40.7586,-120.8961,1889.8,63.1
"2006",40.7817,-120.7844,1877,63.0666666666667
"2006",40.7864,-122.8045,1008.3,73.5333333333333
"2006",40.8072,-121.2967,1752.6,67.8333333333333
"2006",40.8097,-124.1602,6.1,57.7333333333333
"2006",40.8802,-121.6547,974.8,67.5
"2006",40.8892,-123.1422,1432.6,71.5666666666667
"2006",40.9167,-122.4383,1280.2,76.9666666666667
"2006",40.9258,-121.5856,1130.8,73
"2006",40.9316,-121.5433,919,67.1666666666667
"2006",40.97844,-124.10479,64.5,56.3333333333333
"2006",41.0064,-121.9833,518.2,77
"2006",41.0478,-123.6714,114.3,72.2666666666667
"2006",41.0519,-120.6861,1554.5,64.0666666666667
"2006",41.0547,-120.3375,1711.5,64.3666666666667
"2006",41.075,-122.3733,731.5,77.5666666666667
"2006",41.0975,-123.6358,1088.1,67.7666666666667
"2006",41.1117,-122.6967,1341.1,73.2
"2006",41.1383,-123.9056,804.7,64.8333333333333
"2006",41.1831,-122.28167,661.1,71.4333333333333
"2006",41.19334,-120.94458,1280.8,65.9
"2006",41.24,-120.79,1886.7,58.7666666666667
"2006",41.2694,-123.1875,1815.4,65.5
"2006",41.2769,-121.9794,975.4,63.4666666666667
"2006",41.2897,-123.8575,150.9,69.5666666666667
"2006",41.2944,-120.8639,1463,68.9333333333333
"2006",41.295,-120.3133,1889.8,63.3666666666667
"2006",41.3003,-123.1322,668.1,73.5
"2006",41.30206,-123.53851,122.8,72.7333333333333
"2006",41.3075,-122.7958,955.9,72.1333333333333
"2006",41.314893,-122.317127,1083,67.4
"2006",41.3156,-122.3156,0,69
"2006",41.32175,-122.31725,1101.2,67.4
"2006",41.3322,-120.4725,1332.6,67.2666666666667
"2006",41.3378,-122.82484,940.3,67.4666666666667
"2006",41.3619,-124.0191,48.8,57.6333333333333
"2006",41.39,-123.4958,280.4,76.35
"2006",41.4219,-120.9016,1313.7,67.7
"2006",41.4272,-121.4639,1602.6,68.5
"2006",41.4342,-120.8678,1314.3,67.6666666666667
"2006",41.4589,-120.3536,1335,66.6333333333333
"2006",41.4789,-122.4539,893.1,71.4666666666667
"2006",41.48362,-120.5615,1335.9,65.6666666666667
"2006",41.49021,-120.54376,1332.9,64.4666666666667
"2006",41.53,-120.6714,1530.7,67.8
"2006",41.5301,-120.1791,1428.9,70.0666666666667
"2006",41.58,-120.3,2142.7,61.4666666666667
"2006",41.5992,-122.9336,1287.8,72.6333333333333
"2006",41.6294,-121.2981,1511.8,68.9333333333333
"2006",41.6431,-121.7939,1502.1,67.4333333333333
"2006",41.6853,-122.5942,914.4,73.1
"2006",41.70237,-122.64169,826.6,71.8333333333333
"2006",41.71171,-121.5067,1455.4,65.9333333333333
"2006",41.7358,-123.7917,1615.4,65
"2006",41.7417,-121.5383,1453.9,68.8666666666667
"2006",41.77373,-122.46825,806.1,71
"2006",41.775,-122.9503,1674.3,65.9333333333333
"2006",41.78361,-124.23796,17,55.8333333333333
"2006",41.7861,-122.0056,1645.9,67.3
"2006",41.7958,-124.2147,13.1,57.5
"2006",41.8386,-122.85,591.3,72.1
"2006",41.8458,-123.9792,152.4,68.9333333333333
"2006",41.8586,-123.3525,1423.4,69.4666666666667
"2006",41.8715,-120.1574,1444.4,67.3
"2006",41.89,-120.75,1575.8,62.7666666666667
"2006",41.99,-120.18,2243.3,57.0333333333333
"2006",41.9919,-123.6036,1210.1,66.1
"2006",41.9992,-121.7003,1249.1,64.4333333333333
"2007",32.56797,-117.11715,7.2,68.95
"2007",32.57583,-116.99391,158.9,69.2333333333333
"2007",32.6058,-116.6089,714.8,74.2
"2007",32.6261,-116.4681,805,71.7
"2007",32.6263,-116.4699,801.6,70.85
"2007",32.685,-116.9736,129.5,70
"2007",32.69219,-117.20983,4.4,73.9
"2007",32.7214,-116.4631,1049.4,72.2
"2007",32.7336,-117.1831,4.6,69.4666666666667
"2007",32.7397,-114.8839,66.1,93.0333333333333
"2007",32.76536,-117.2315,4.3,67.3
"2007",32.76654,-115.56638,-9.1,91.5333333333333
"2007",32.8005,-116.928,150.9,70.6
"2007",32.81453,-117.13747,127.5,70.7
"2007",32.83241,-115.66377,-14.1,91.2
"2007",32.8336,-116.7392,622.1,75.8
"2007",32.83464,-115.57656,-16.8,92.6
"2007",32.8488,-115.5666,-19.5,91.3333333333333
"2007",32.8569,-116.6222,1060.7,74.2333333333333
"2007",32.86667,-117.13333,145.4,70.5333333333333
"2007",32.8672,-116.4194,1804.4,72.85
"2007",32.8797,-116.4203,1755.6,68.2
"2007",32.9083,-114.4944,91.4,93.8666666666667
"2007",32.9544,-115.5581,-30.5,94.6
"2007",32.9736,-115.1736,84.7,94.2333333333333
"2007",32.9897,-116.5872,1414.3,69.5
"2007",32.9903,-116.0669,231.6,94.9333333333333
"2007",33.0113,-116.908,448.1,74.7333333333333
"2007",33.0164,-116.6339,0,73.9
"2007",33.03801,-116.915979,422,72.0333333333333
"2007",33.0736,-116.8458,466.3,72.8666666666667
"2007",33.0758,-116.5908,1292.4,75.5666666666667
"2007",33.0763,-116.5925,1284.7,67.9
"2007",33.0955,-116.9975,128,73.8
"2007",33.12993,-117.27651,95.3,68.4666666666667
"2007",33.21946,-117.34962,9.1,67.9666666666667
"2007",33.2222,-116.4975,1345.7,77.4
"2007",33.23377,-119.45591,161.3,66.0333333333333
"2007",33.2354,-117.2322,131.1,71.15
"2007",33.2372,-117.0086,452,68.7
"2007",33.2372,-116.7614,823,73.5333333333333
"2007",33.2559,-116.4036,246.9,90.7333333333333
"2007",33.2889,-117.4389,30.5,69.2666666666667
"2007",33.30424,-117.35508,21.4,70.5
"2007",33.3722,-117.3589,279.8,69.9666666666667
"2007",33.378,-116.84,1691.6,70.2
"2007",33.3814,-117.2856,325.5,71.7
"2007",33.3933,-116.795,838.8,76.8
"2007",33.40419,-118.41456,477,67.8666666666667
"2007",33.445,-117.4181,707.1,73.2
"2007",33.4781,-117.4858,366.7,71.6
"2007",33.4833,-119.0333,53.6,62
"2007",33.5286,-117.2306,603.5,72.8333333333333
"2007",33.5417,-117.5917,213.4,69.7
"2007",33.5453,-117.7813,13.4,69.8333333333333
"2007",33.555,-116.673,1194.8,72.8333333333333
"2007",33.5697,-116.073,-55.8,90.9666666666667
"2007",33.6031,-117.8836,3,67.7666666666667
"2007",33.61388,-114.59813,81.7,92.1
"2007",33.61876,-114.71451,120.4,93.2666666666667
"2007",33.63166,-116.16412,-36,89.2666666666667
"2007",33.6472,-117.4111,926,78.4666666666667
"2007",33.6667,-116.7667,1499.6,74.3333333333333
"2007",33.67975,-117.86746,13,70.8
"2007",33.7044,-115.6289,417.6,88.9666666666667
"2007",33.72,-117.723,164.6,73.8333333333333
"2007",33.7377,-115.3925,227.7,89.5
"2007",33.7381,-116.8939,552,78.4
"2007",33.7403,-116.8414,594.4,79.8333333333333
"2007",33.7442,-117.8667,41.1,73.7333333333333
"2007",33.7572,-116.7066,1639.8,70.3666666666667
"2007",33.7965,-116.9753,464.8,80.0333333333333
"2007",33.8016,-118.3419,27.4,69.7
"2007",33.80807,-115.45138,296.6,92.0333333333333
"2007",33.8081,-117.7111,542.8,73.8333333333333
"2007",33.81177,-118.14718,10.2,72.7666666666667
"2007",33.82216,-116.50433,124.7,92.3666666666667
"2007",33.8275,-116.5097,129.5,90.7
"2007",33.8647,-117.8425,70.7,74.55
"2007",33.87154,-117.98561,26.3,75.6333333333333
"2007",33.8744,-117.5492,195.1,80.7
"2007",33.8767,-117.3089,524.3,75.6333333333333
"2007",33.89,-117.8188,106.7,70
"2007",33.92353,-118.33291,16.6,72.7
"2007",33.9306,-116.95,793.7,79.4
"2007",33.93816,-118.3866,29.7,68.6666666666667
"2007",33.9511,-117.388,256,79.2333333333333
"2007",33.95282,-117.43523,257.7,71.7
"2007",33.96694,-117.36139,300.5,78.3333333333333
"2007",33.97563,-117.62487,193.9,76.0666666666667
"2007",33.9778,-120.0778,395.6,64.8
"2007",33.9839,-118.01,289.6,73.1333333333333
"2007",33.9958,-119.7222,76.2,67.9
"2007",34.005,-118.4139,28,68.8
"2007",34.0075,-118.49972,4.3,68.4
"2007",34.0178,-116.1878,1280.2,78.5666666666667
"2007",34.02099,-118.44712,53.3,68.4666666666667
"2007",34.037,-117.1948,429.8,78.4666666666667
"2007",34.0456,-118.9358,15.2,66.6666666666667
"2007",34.05314,-117.57689,281.6,78.0666666666667
"2007",34.0583,-118.6333,480.1,72.7333333333333
"2007",34.0608,-114.7322,249.9,93.3666666666667
"2007",34.0678,-118.2417,115.2,72.8666666666667
"2007",34.0697,-118.4427,131.1,69.5333333333333
"2007",34.0816,-117.7658,304.5,76.1
"2007",34.0836,-117.0347,899.2,77.6
"2007",34.0842,-118.1003,110.6,73.1
"2007",34.0869,-118.4794,340.5,70.4
"2007",34.1208,-117.9458,152.4,76.4666666666667
"2007",34.1233,-116.4078,993.6,81.1666666666667
"2007",34.12407,-119.12281,3.8,63.5
"2007",34.125,-118.4122,384,79.5
"2007",34.128,-116.0369,602,88.6333333333333
"2007",34.1369,-117.7069,501.4,74.8
"2007",34.1472,-115.1219,281,95
"2007",34.1483,-118.1447,263.3,75.7333333333333
"2007",34.1819,-118.5744,240.8,76.5
"2007",34.18194,-118.89861,238.7,70.5333333333333
"2007",34.1847,-118.7172,502.9,76.7
"2007",34.1866,-118.348,199.6,73.5666666666667
"2007",34.1942,-116.9131,1712.4,67.8333333333333
"2007",34.19966,-118.36543,222.7,74.7666666666667
"2007",34.20012,-119.20417,11.9,64.3
"2007",34.2066,-119.1375,15.8,66.1333333333333
"2007",34.2069,-117.7606,792.5,76.1666666666667
"2007",34.21,-118.87,242.3,68.2333333333333
"2007",34.2103,-116.6339,1828.8,75.1666666666667
"2007",34.21142,-119.08762,21.6,66.4333333333333
"2007",34.21214,-118.49146,239.2,76.1
"2007",34.2211,-117.4044,627,77.2333333333333
"2007",34.2308,-118.0711,1740.4,72.8
"2007",34.2339,-117.4803,851,75.5
"2007",34.243,-116.917,2058.3,64.7666666666667
"2007",34.2447,-118.525,275.5,76.4
"2007",34.2466,-117.1883,1586.5,68.2
"2007",34.2661,-116.8989,2103.1,63.2333333333333
"2007",34.2711,-118.1525,914.4,76.4
"2007",34.28964,-114.17137,224.9,93.45
"2007",34.2911,-118.8144,278.6,69.7
"2007",34.2936,-118.3608,423.7,73.2
"2007",34.3175,-117.5019,1005.8,76.7
"2007",34.3194,-117.0131,2091.2,67.9
"2007",34.3317,-118.0303,1661.2,74.9
"2007",34.3617,-118.4217,1219.2,75.3666666666667
"2007",34.3617,-117.6386,1828.8,67.8
"2007",34.3717,-118.8408,501.4,75.1333333333333
"2007",34.3789,-117.6919,2108.3,71.5666666666667
"2007",34.3903,-118.0825,1530.4,73.9666666666667
"2007",34.3906,-116.5169,883.9,85.3666666666667
"2007",34.3933,-118.5938,538,80.3
"2007",34.4044,-118.81,187.1,70.7
"2007",34.4167,-119.6844,4.9,68.1
"2007",34.4241,-119.84249,2.5,64.3333333333333
"2007",34.425,-118.525,442,77.2666666666667
"2007",34.4311,-118.6828,389.5,77.3
"2007",34.4456,-117.8511,1152.1,77.5333333333333
"2007",34.4458,-118.2,792.5,76.0666666666667
"2007",34.4477,-119.2275,227.1,72.8
"2007",34.4483,-119.2303,233.2,69.6333333333333
"2007",34.4614,-119.6481,457.2,72.0333333333333
"2007",34.4806,-118.7556,347.5,77.35
"2007",34.5025,-117.8969,945.2,81.6
"2007",34.52527,-117.29638,850.1,80.9333333333333
"2007",34.5358,-119.7833,310.9,72.5
"2007",34.5431,-119.1842,1015.3,67.2333333333333
"2007",34.5686,-118.7403,1255.8,75.9
"2007",34.58223,-119.98159,240.5,72.7
"2007",34.5883,-118.0938,796.1,80.9
"2007",34.5891,-117.6302,899.2,79.6666666666667
"2007",34.5958,-118.5786,1502.7,77.5333333333333
"2007",34.62944,-118.08309,764.7,81.4333333333333
"2007",34.6344,-117.5503,877.8,81.1333333333333
"2007",34.6538,-120.4513,22.9,63.0333333333333
"2007",34.6819,-119.3539,1118.6,74.5
"2007",34.6847,-117.8208,789.4,81.7666666666667
"2007",34.705,-118.4297,932.7,79.4
"2007",34.7325,-118.3833,841.2,82.4666666666667
"2007",34.7331,-120.0067,975.4,74.9333333333333
"2007",34.74121,-118.21255,712.6,81.9666666666667
"2007",34.74361,-118.72528,1374.6,74.1666666666667
"2007",34.7586,-120.4861,320,60.9333333333333
"2007",34.76783,-114.61842,270.6,96.2
"2007",34.8083,-119.0125,1493.5,65.1333333333333
"2007",34.85371,-116.78702,584.8,88.7
"2007",34.8927,-117.0219,676.7,86.1666666666667
"2007",34.89403,-120.45216,74.2,63.1
"2007",34.9436,-115.5469,1325.9,82
"2007",34.9455,-119.6827,658.4,74.2
"2007",34.988,-120.3211,177.4,65.9333333333333
"2007",34.98833,-117.86472,695.9,82.6333333333333
"2007",35.0233,-118.7497,434.3,69.7
"2007",35.0492,-118.1619,833.6,84.75
"2007",35.0531,-116.0794,289.6,93.4333333333333
"2007",35.0964,-119.7728,759,78.4
"2007",35.1011,-118.4222,1286.3,70.8
"2007",35.1231,-115.4114,1649.9,76.2
"2007",35.1397,-118.625,1219.2,71.3666666666667
"2007",35.1503,-119.43,235.6,80.3666666666667
"2007",35.1542,-117.1756,987.6,83.1
"2007",35.1792,-120.3919,319.4,70.5666666666667
"2007",35.1889,-120.0833,1149.1,75.6333333333333
"2007",35.23815,-120.64406,55.8,65.3333333333333
"2007",35.27611,-116.06278,293.2,92.8333333333333
"2007",35.3056,-120.6619,93.9,63.65
"2007",35.367,-120.8447,36,61.7
"2007",35.3692,-117.6525,1088.1,81.6666666666667
"2007",35.37,-117.5683,1103.4,82.3333333333333
"2007",35.3811,-120.1875,496.8,72.7333333333333
"2007",35.4028,-119.47,68.6,80.1
"2007",35.43424,-119.05524,149.3,81.8
"2007",35.45917,-115.53111,1456,78.8333333333333
"2007",35.4783,-117.6989,1338.1,81.0333333333333
"2007",35.5317,-118.6303,718.1,78.8333333333333
"2007",35.5892,-119.352,88.7,81.4666666666667
"2007",35.6277,-120.6855,222.5,72.3333333333333
"2007",35.6513,-117.8213,740.7,83.2
"2007",35.6564,-120.9242,303,70.7666666666667
"2007",35.6647,-118.0569,1698.3,76.8
"2007",35.66936,-120.62918,249.8,73.1666666666667
"2007",35.6841,-121.1683,465.1,68.5666666666667
"2007",35.686254,-117.690911,680,88.45
"2007",35.7217,-118.4989,960.1,77.1666666666667
"2007",35.7269,-118.7006,957.1,68.5333333333333
"2007",35.7636,-117.3908,516.6,89.5333333333333
"2007",35.7706,-115.9092,1524,81.2333333333333
"2007",35.7831,-118.4389,823.9,77.4666666666667
"2007",35.8644,-120.8031,163.7,74.8333333333333
"2007",35.8717,-117.9183,1264.9,84.7666666666667
"2007",35.8842,-118.0517,2507.9,65.9333333333333
"2007",35.8889,-118.6333,1133.9,74.1
"2007",35.8922,-118.915,64,79.3
"2007",35.8989,-120.4319,467.9,75.3
"2007",35.97167,-116.27083,471.2,93.25
"2007",35.9717,-118.545,1432.6,66.9333333333333
"2007",36.0067,-119.96,73.2,80.7666666666667
"2007",36.0117,-121.2417,335.3,74.3333333333333
"2007",36.0333,-120.0569,246.9,81.6333333333333
"2007",36.0931,-118.2603,2499.4,62.8
"2007",36.0975,-119.5817,61,80.4333333333333
"2007",36.1203,-117.0878,2097,73.7333333333333
"2007",36.1356,-120.3606,204.2,82.0333333333333
"2007",36.1753,-118.7017,987.6,78.2666666666667
"2007",36.18833,-120.69528,701,72.0333333333333
"2007",36.2032,-119.0545,132.6,79.6333333333333
"2007",36.2069,-121.1377,97.5,68.8
"2007",36.23,-121.4917,298.7,71.6666666666667
"2007",36.2314,-118.8689,586.1,82.1
"2007",36.2356,-121.785,137.2,63.7
"2007",36.2472,-121.7802,61,62.7333333333333
"2007",36.3114,-119.62319,76,79
"2007",36.3158,-119.637,72.2,77.9666666666667
"2007",36.33333,-119.95,70.7,77.9666666666667
"2007",36.3478,-120.5978,1524,71.2333333333333
"2007",36.3642,-120.1561,86.9,78.7666666666667
"2007",36.3817,-119.0264,156.4,79.3333333333333
"2007",36.3825,-120.8558,1137.8,74.5333333333333
"2007",36.3886,-121.5517,574.5,67.2
"2007",36.4069,-118.4217,2621.3,66.4
"2007",36.4108,-118.8092,1966,68.9666666666667
"2007",36.445,-118.7033,1597.2,72.75
"2007",36.46263,-116.8672,-59.1,102.566666666667
"2007",36.465,-118.8619,347.5,78.15
"2007",36.4708,-121.1472,402.9,74
"2007",36.4805,-121.7244,146.3,63.6
"2007",36.4819,-121.1822,398.4,69.8666666666667
"2007",36.4914,-118.8253,520.6,83.3
"2007",36.5625,-117.4736,2097,71.0666666666667
"2007",36.5672,-118.9556,1240.2,75.2666666666667
"2007",36.59041,-121.84881,48.8,61.2666666666667
"2007",36.5927,-121.8555,37.2,59.3
"2007",36.602,-117.1449,25.6,100.733333333333
"2007",36.6044,-118.7325,2052.8,62.15
"2007",36.6269,-121.7864,149.4,58.3666666666667
"2007",36.6594,-121.6663,13.7,61.8666666666667
"2007",36.66352,-121.60928,22.3,62.6
"2007",36.6853,-119,1237.5,74.5333333333333
"2007",36.715,-121.34917,275.8,66.3333333333333
"2007",36.7242,-118.9425,2298.2,65.3
"2007",36.7267,-118.675,2475,67.1
"2007",36.7269,-120.7658,619.4,78.6333333333333
"2007",36.73751,-118.96197,2005.6,63.3
"2007",36.7672,-119.7092,103,80.4666666666667
"2007",36.77999,-119.72016,101.9,81.3
"2007",36.7878,-118.6561,1438.7,69.0666666666667
"2007",36.798,-118.2036,1204,82.8
"2007",36.8422,-121.3622,123.1,67.4333333333333
"2007",36.8425,-118.2594,1479.8,80.9
"2007",36.8483,-121.4213,83.8,67.1333333333333
"2007",36.8839,-119.4658,280.4,83.0333333333333
"2007",36.9092,-119.0883,528.8,77.5
"2007",36.9111,-119.305,469.4,80.9
"2007",36.9308,-121.7691,29,62.6333333333333
"2007",36.93936,-121.79001,49.5,62.5333333333333
"2007",36.9539,-120.0378,82.3,77.8666666666667
"2007",36.9614,-119.175,1538.6,73.8333333333333
"2007",36.98505,-120.11068,76.6,77.6333333333333
"2007",36.98785,-121.99952,21.3,63.2666666666667
"2007",36.98972,-120.92972,124.1,77.25
"2007",36.9911,-121.7978,137.2,66.7
"2007",36.99574,-119.70691,131.1,78.35
"2007",37.003,-121.5608,59.1,69.8
"2007",37.0153,-119.5678,366.1,76.1333333333333
"2007",37.05056,-122.075,121.9,65.2
"2007",37.05333,-121.05778,84.4,77.2
"2007",37.0544,-119.3711,1249.7,76.2666666666667
"2007",37.0547,-121.0531,106.7,77.4333333333333
"2007",37.0563,-120.8666,36.6,77.9666666666667
"2007",37.0664,-119.0394,1727.6,61
"2007",37.08689,-122.08221,132.6,67.2333333333333
"2007",37.0919,-119.5128,637,79.1
"2007",37.1317,-122.17,801.6,68.1666666666667
"2007",37.135,-119.2561,1751.4,63.2666666666667
"2007",37.1822,-120.7939,19.8,74.7333333333333
"2007",37.2028,-121.9428,609.6,70.5666666666667
"2007",37.2064,-119.2419,1486.8,70.8666666666667
"2007",37.2275,-119.22056,2139.7,60.7333333333333
"2007",37.2319,-121.9592,111.3,68.9
"2007",37.2319,-119.5083,963.2,78.5666666666667
"2007",37.2321,-118.5994,2581.7,67.4
"2007",37.2331,-119.5047,829.1,78
"2007",37.2381,-120.8825,23.8,72.3
"2007",37.2811,-121.0177,27.4,79
"2007",37.28597,-120.51788,46.5,76.1666666666667
"2007",37.2888,-120.5158,46.9,76.65
"2007",37.3053,-122.255,265.8,61.3666666666667
"2007",37.31167,-122.36167,83.8,60.1666666666667
"2007",37.3133,-122.185,691.9,62.1
"2007",37.3147,-119.0383,2256.4,64.7666666666667
"2007",37.3292,-121.2939,563.9,75.8333333333333
"2007",37.34336,-121.63473,1286.3,68.6666666666667
"2007",37.34972,-121.90333,20.4,68.4333333333333
"2007",37.3581,-122.1472,196.6,68.8
"2007",37.35938,-121.92444,15,68.8
"2007",37.37114,-118.35886,1252.8,76.2333333333333
"2007",37.3761,-119.1783,2748.7,58.4666666666667
"2007",37.39,-118.5506,1414.3,79.9
"2007",37.4058,-122.0481,11.9,67.2
"2007",37.4094,-119.7681,937.9,80.0333333333333
"2007",37.4286,-122.2561,115.8,71.3
"2007",37.4431,-121.7706,629.7,68.0666666666667
"2007",37.4436,-122.1402,7.6,66.15
"2007",37.4681,-120.1106,365.8,79.9
"2007",37.4725,-122.4433,8.2,58.7333333333333
"2007",37.475,-122.2981,196.3,66.7666666666667
"2007",37.4767,-122.2386,9.4,68.2333333333333
"2007",37.5019,-121.7355,932.7,67.5
"2007",37.50193,-120.84566,31.4,74.5
"2007",37.5042,-119.9869,680,75.5333333333333
"2007",37.5122,-119.6331,1538.3,66.5
"2007",37.5128,-119.6047,1950.7,69.1666666666667
"2007",37.5147,-122.0325,3,66.9
"2007",37.5422,-122.0158,11.6,66.4666666666667
"2007",37.5436,-119.8386,1188.7,77.0666666666667
"2007",37.5514,-118.6672,2145.8,67.1
"2007",37.5531,-121.8439,374.9,66.1
"2007",37.59167,-122.47167,144.8,61.5666666666667
"2007",37.61962,-122.36562,3.2,63.2666666666667
"2007",37.62544,-120.95492,26.5,78.9333333333333
"2007",37.6478,-118.9617,2378.7,62.5333333333333
"2007",37.65886,-122.12116,9.6,65.0333333333333
"2007",37.6819,-121.3466,41.1,75.55
"2007",37.68194,-121.75139,161.2,71.7
"2007",37.69309,-121.8149,119.7,70.7333333333333
"2007",37.7178,-122.23301,1.5,63.2333333333333
"2007",37.728,-122.5052,2.4,57.6
"2007",37.745,-118.9833,2316.5,60.0666666666667
"2007",37.75027,-119.58972,1224.7,73.3
"2007",37.7617,-119.8247,2025.1,68.25
"2007",37.7705,-122.4269,45.7,60.8333333333333
"2007",37.7861,-122.1447,333.8,64.5333333333333
"2007",37.79589,-121.58319,18.6,75.7666666666667
"2007",37.7983,-122.2642,9.1,64.2
"2007",37.8172,-121.7789,621.8,72.6666666666667
"2007",37.8233,-120.0975,975.4,71.2
"2007",37.8331,-120.5,310.9,77.6333333333333
"2007",37.8339,-122.0669,536.4,68.2666666666667
"2007",37.8431,-118.4778,1661.2,72.6
"2007",37.8444,-120.2258,853.4,69.7
"2007",37.8511,-119.65,2446,59.1333333333333
"2007",37.865,-122.2208,427.6,62.5666666666667
"2007",37.8683,-119.3183,2825.5,53.0666666666667
"2007",37.8744,-122.2605,94.5,63.4666666666667
"2007",37.8792,-121.9303,661.4,68.6
"2007",37.8817,-121.9142,1173.2,69.1333333333333
"2007",37.88997,-121.22637,8.3,77
"2007",37.9191,-122.3772,6.1,64.55
"2007",37.9442,-122.1178,442,67.9333333333333
"2007",37.95,-121.8844,487.7,70.2666666666667
"2007",37.9566,-122.5447,44.2,67.3
"2007",37.9567,-119.1194,2071.7,68.6333333333333
"2007",37.9613,-119.783,1179.6,71.6
"2007",37.9672,-120.3872,510.5,71.9333333333333
"2007",37.9747,-119.9161,1452.4,71.9
"2007",37.9833,-122.0692,12.2,72.1333333333333
"2007",37.9833,-121.7525,18.3,74.4
"2007",37.99165,-122.05268,7,72.0333333333333
"2007",37.9983,-122.5372,36.6,66.3
"2007",37.9994,-121.3177,3.7,75.9333333333333
"2007",38.0047,-120.4863,292.6,78.3666666666667
"2007",38.0131,-122.1142,12.2,71.2666666666667
"2007",38.0281,-122.7022,378,63.3
"2007",38.0394,-122.57,457.2,65.8333333333333
"2007",38.0631,-120.2469,1503.6,71.9
"2007",38.07,-119.23,2878.8,59.4666666666667
"2007",38.1061,-121.2877,12.2,73.45
"2007",38.2075,-122.28041,4.7,66.6666666666667
"2007",38.2119,-119.0142,2551.2,54.9666666666667
"2007",38.2428,-120.515,780,75.1666666666667
"2007",38.2486,-120.8433,200.6,76.7333333333333
"2007",38.2575,-119.2286,1972.1,62.2
"2007",38.2577,-122.6077,6.1,66.8666666666667
"2007",38.2719,-119.2892,2026.9,66.8333333333333
"2007",38.2736,-122.0677,12.2,71.8666666666667
"2007",38.2769,-120.3113,1431,65.5333333333333
"2007",38.2777,-122.2647,10.7,69
"2007",38.28,-119.61,2931.3,56.5333333333333
"2007",38.2994,-122.4622,29.6,69.3
"2007",38.3,-119.55,2194,59.55
"2007",38.31,-119.6,2690.5,58.3
"2007",38.3772,-120.8008,483.4,75.6666666666667
"2007",38.37753,-121.95854,31.7,75.05
"2007",38.3894,-120.6511,902.2,76.5666666666667
"2007",38.395,-122.35667,29,69.2666666666667
"2007",38.39556,-121.96083,33.5,76.6666666666667
"2007",38.4,-119.54,2838.6,57.8666666666667
"2007",38.4305,-122.8647,61,66.5
"2007",38.44,-119.37,2814.2,57.2333333333333
"2007",38.45579,-122.71335,50.6,66.3666666666667
"2007",38.4786,-122.7119,175.6,67.3666666666667
"2007",38.4883,-120.325,1524,73.5333333333333
"2007",38.4916,-122.1241,146.3,72.9
"2007",38.492,-122.0039,57,77.2333333333333
"2007",38.50369,-122.81101,36.2,67.2666666666667
"2007",38.50659,-121.49604,5.9,74.1
"2007",38.5066,-122.4713,68.6,71.5
"2007",38.51,-119.63,2357.9,57.5333333333333
"2007",38.515,-123.2447,34.1,57.45
"2007",38.5252,-121.9777,41.1,78.0666666666667
"2007",38.5349,-121.7761,18.3,73.9666666666667
"2007",38.55,-119.8,2671.6,58.4333333333333
"2007",38.5552,-121.4183,11.6,76.3333333333333
"2007",38.5653,-119.4592,1658.1,74.9666666666667
"2007",38.573,-122.4405,522.7,68.9333333333333
"2007",38.57682,-122.57811,106.7,70.1333333333333
"2007",38.57944,-122.25,138.7,75.3333333333333
"2007",38.5908,-120.9336,275.8,74.3
"2007",38.61,-119.92,2455.8,57.9333333333333
"2007",38.6197,-120.5614,1140,72.8666666666667
"2007",38.62935,-122.86646,53.9,71.6
"2007",38.67,-119.82,1863.9,66.8333333333333
"2007",38.67,-119.61,2532.9,60.5333333333333
"2007",38.68,-119.96,2443.6,60.8666666666667
"2007",38.6829,-121.794,20.4,76.3333333333333
"2007",38.6833,-119.7667,1676.7,68.1333333333333
"2007",38.69,-119.99,2546,57.4666666666667
"2007",38.70069,-121.59479,7.5,75.3666666666667
"2007",38.72,-119.89,2477.7,54.6666666666667
"2007",38.7333,-120.245,1597.2,66.8
"2007",38.7383,-122.1447,107.9,77.7
"2007",38.7395,-119.518,1613,71.9
"2007",38.7817,-122.9169,609.6,69.9333333333333
"2007",38.79296,-123.0263,121.9,71.1
"2007",38.8325,-121.0086,365.8,73.7666666666667
"2007",38.84,-119.89,2608.2,59
"2007",38.8489,-120.0181,1923.3,62
"2007",38.85,-120.08,2337.8,60.7333333333333
"2007",38.85,-119.94,2370.1,55.7666666666667
"2007",38.8619,-122.4172,670.6,73.3
"2007",38.8825,-121.2683,61,77.9666666666667
"2007",38.89838,-119.99617,1907,60.0666666666667
"2007",38.9056,-120.6972,1426.5,73.9666666666667
"2007",38.9072,-121.0838,393.8,73.3
"2007",38.9119,-122.7064,659.3,74.5333333333333
"2007",38.92,-119.92,2615.8,55.9333333333333
"2007",38.9238,-122.5672,411.2,71.0333333333333
"2007",38.93,-120.05,1900.7,59.0666666666667
"2007",38.933,-120.8008,914.7,75.95
"2007",38.9875,-123.3486,196.3,66.4
"2007",39,-120.13,2343.6,62.1333333333333
"2007",39.0189,-122.4119,635.5,78.1
"2007",39.0308,-123.0806,817.5,71.2333333333333
"2007",39.0717,-120.4217,1597.2,69.2
"2007",39.0901,-120.947,723.3,74.1666666666667
"2007",39.0914,-120.7317,1327.4,71.8333333333333
"2007",39.10205,-121.56884,18.9,75.3
"2007",39.1258,-123.0736,975.4,70.5
"2007",39.12781,-123.20015,183.7,71.4666666666667
"2007",39.14,-120.22,2028.4,58.1333333333333
"2007",39.1439,-120.5089,2164.1,67.35
"2007",39.1466,-123.2102,193.9,70.2
"2007",39.1678,-120.1428,1898.9,60.7
"2007",39.17,-120.15,2071.7,61.6333333333333
"2007",39.1836,-120.8847,861.4,73.6333333333333
"2007",39.1875,-122.0269,15.2,74
"2007",39.19,-120.26,2447.2,58.9333333333333
"2007",39.2041,-121.068,731.5,69.6
"2007",39.2083,-122.8083,1475.2,68.2333333333333
"2007",39.2466,-121.0008,847.6,70.9333333333333
"2007",39.27617,-120.70927,1611.2,68.2666666666667
"2007",39.3,-120.18,1983.9,64.2333333333333
"2007",39.3036,-121.1172,599.8,76.3333333333333
"2007",39.3167,-120.8375,1316.7,73.0666666666667
"2007",39.3239,-120.2331,1809.6,61.3666666666667
"2007",39.33,-120.37,2089.4,58.4333333333333
"2007",39.333,-120.173,1774.9,60.9666666666667
"2007",39.3528,-123.6011,180.7,62.9
"2007",39.3575,-121.2011,499.9,72.7666666666667
"2007",39.3619,-123.1286,310.3,70.6666666666667
"2007",39.3669,-122.575,365.8,75.8666666666667
"2007",39.3886,-120.0936,1699.3,60.1666666666667
"2007",39.3975,-121.3861,244.8,75.8333333333333
"2007",39.4172,-122.1825,36.6,75.8
"2007",39.4194,-123.3425,412.4,62.0666666666667
"2007",39.425,-122.9772,540.4,70.3333333333333
"2007",39.43,-120.31,2545.7,60.1
"2007",39.43167,-120.24056,1931.5,52.6
"2007",39.45,-120.29,2134.5,58.5666666666667
"2007",39.4539,-120.6556,1641.3,66.9333333333333
"2007",39.475,-121.2025,1132,72.9
"2007",39.4833,-120.075,2093.1,63.5666666666667
"2007",39.49,-120.28,1967.8,58.7
"2007",39.4943,-121.62226,56.9,78.5333333333333
"2007",39.51,-123.75639,37.5,57
"2007",39.52316,-122.3048,71.3,75.6
"2007",39.53194,-121.1611,1130.8,65.2333333333333
"2007",39.5619,-120.0478,1821.5,65.7333333333333
"2007",39.5633,-120.8238,888.5,68.1333333333333
"2007",39.5833,-120.3705,1516.4,61.85
"2007",39.5861,-122.5341,243.8,75.2
"2007",39.6375,-120.8653,2033,64.5
"2007",39.6514,-122.7236,1310.6,71.1666666666667
"2007",39.6681,-123.3211,740.1,68.5333333333333
"2007",39.7022,-123.485,554.7,71.5
"2007",39.7119,-121.7789,70.1,76.9
"2007",39.7358,-121.4889,759,77.2333333333333
"2007",39.7458,-122.1997,77.4,76.4666666666667
"2007",39.7538,-121.6241,533.4,78.9666666666667
"2007",39.8053,-120.4719,1478.3,63.0666666666667
"2007",39.8056,-120.1858,1508.8,62.0666666666667
"2007",39.8075,-122.945,1652,66.1333333333333
"2007",39.8158,-123.2444,430.7,72.05
"2007",39.8333,-123.0833,457.2,73.4
"2007",39.8644,-122.6097,317,81.6333333333333
"2007",39.8716,-121.6108,826,69.7333333333333
"2007",39.8717,-121.7689,528.2,78.1
"2007",39.87778,-123.7275,260,62.6
"2007",39.9278,-122.6569,1131.7,74.5333333333333
"2007",39.9366,-120.9475,1042.4,67.1666666666667
"2007",39.9389,-122.1697,89.6,78.7
"2007",39.9717,-120.0828,1338.1,67.6666666666667
"2007",39.9733,-120.9419,1066.8,68.8
"2007",40.0017,-120.915,1377.7,72
"2007",40.0222,-120.1056,1292.4,70.8666666666667
"2007",40.02611,-123.79306,153.3,68.75
"2007",40.0686,-121.5825,1466.7,69.6333333333333
"2007",40.1383,-123.8236,135.9,67.0666666666667
"2007",40.1417,-120.3533,1767.8,70.5666666666667
"2007",40.15186,-122.25478,108,79.4333333333333
"2007",40.1705,-121.0886,1389.9,65.0333333333333
"2007",40.1867,-123.5903,281.3,67.9333333333333
"2007",40.2461,-120.6422,1737.4,67.1
"2007",40.2506,-123.3158,832.7,66.3
"2007",40.2569,-124.2661,899.2,60.8333333333333
"2007",40.295,-122.8667,1066.8,72.5
"2007",40.30209,-121.24391,1387.1,65.3
"2007",40.3067,-120.9,1767.8,65.2666666666667
"2007",40.3375,-123.0656,1378.8,68.7
"2007",40.3442,-121.7136,1267.7,73.3666666666667
"2007",40.3983,-122.8333,579.1,77.5333333333333
"2007",40.4167,-120.6631,1283.8,68.0333333333333
"2007",40.4633,-123.5239,845.8,65.3666666666667
"2007",40.4808,-120.1139,1339.6,66.8
"2007",40.4833,-124.1038,41.5,63
"2007",40.505,-123.3417,1219.2,67.2
"2007",40.51462,-122.29773,152.6,79.6
"2007",40.5158,-122.2906,152.4,79.4
"2007",40.54,-121.5803,1725.2,59.9666666666667
"2007",40.55,-123.165,708.1,69.0333333333333
"2007",40.5981,-121.0831,1722.1,58.5333333333333
"2007",40.6194,-121.8994,736.7,75.6666666666667
"2007",40.6306,-120.5028,1554.5,65.5666666666667
"2007",40.6506,-122.6056,404.2,78.3666666666667
"2007",40.6507,-122.6068,432.2,76.3333333333333
"2007",40.7141,-122.4161,327.7,79.5333333333333
"2007",40.7219,-123.4953,792.5,69.1
"2007",40.7263,-122.7947,567.2,70.9666666666667
"2007",40.7308,-120.3164,1614.8,67.2333333333333
"2007",40.7333,-123.2333,457.2,72.6
"2007",40.7405,-123.2077,381.9,71.5666666666667
"2007",40.7586,-120.8961,1889.8,62.5666666666667
"2007",40.7817,-120.7844,1877,62.7333333333333
"2007",40.7864,-122.8045,1008.3,70.5333333333333
"2007",40.8072,-121.2967,1752.6,66.2
"2007",40.8097,-124.1602,6.1,59.0333333333333
"2007",40.8802,-121.6547,974.8,66.1333333333333
"2007",40.8892,-123.1422,1432.6,69.9666666666667
"2007",40.9167,-122.4383,1280.2,75.1333333333333
"2007",40.9258,-121.5856,1130.8,71.4
"2007",40.9316,-121.5433,919,65.7666666666667
"2007",40.97844,-124.10479,64.5,56.8666666666667
"2007",41.0064,-121.9833,518.2,74.9666666666667
"2007",41.0478,-123.6714,114.3,69.8333333333333
"2007",41.0519,-120.6861,1554.5,62.6666666666667
"2007",41.0547,-120.3375,1711.5,64
"2007",41.075,-122.3733,731.5,76.1
"2007",41.0975,-123.6358,1088.1,63.8333333333333
"2007",41.1117,-122.6967,1341.1,72.2666666666667
"2007",41.1383,-123.9056,804.7,60.0333333333333
"2007",41.1831,-122.28167,661.1,69.9
"2007",41.19334,-120.94458,1280.8,66.9
"2007",41.24,-120.79,1886.7,58.1
"2007",41.2694,-123.1875,1815.4,62.6333333333333
"2007",41.2769,-121.9794,975.4,61.7666666666667
"2007",41.2897,-123.8575,150.9,66.2333333333333
"2007",41.2944,-120.8639,1463,67.9666666666667
"2007",41.295,-120.3133,1889.8,62.9666666666667
"2007",41.3003,-123.1322,668.1,71.7333333333333
"2007",41.30206,-123.53851,122.8,71.2
"2007",41.3075,-122.7958,955.9,71.2333333333333
"2007",41.314893,-122.317127,1083,66.3666666666667
"2007",41.3156,-122.3156,0,67.6666666666667
"2007",41.32175,-122.31725,1101.2,66.3666666666667
"2007",41.3322,-120.4725,1332.6,67.3
"2007",41.3378,-122.82484,940.3,66.6333333333333
"2007",41.39,-123.4958,280.4,72.5
"2007",41.4219,-120.9016,1313.7,69.9
"2007",41.4272,-121.4639,1602.6,64.8
"2007",41.4342,-120.8678,1314.3,66.7
"2007",41.4589,-120.3536,1335,65.4
"2007",41.4789,-122.4539,893.1,70.4666666666667
"2007",41.48362,-120.5615,1335.9,64.8
"2007",41.53,-120.6714,1530.7,66.6333333333333
"2007",41.5301,-120.1791,1428.9,70.4
"2007",41.58,-120.3,2142.7,61.1666666666667
"2007",41.5992,-122.9336,1287.8,71.5333333333333
"2007",41.6294,-121.2981,1511.8,67.3
"2007",41.6431,-121.7939,1502.1,66.4333333333333
"2007",41.6853,-122.5942,914.4,69.2
"2007",41.70237,-122.64169,826.6,70.3333333333333
"2007",41.71171,-121.5067,1455.4,65.9666666666667
"2007",41.7358,-123.7917,1615.4,63.4
"2007",41.7417,-121.5383,1453.9,67.4666666666667
"2007",41.77373,-122.46825,806.1,70.1666666666667
"2007",41.775,-122.9503,1674.3,63.6333333333333
"2007",41.78361,-124.23796,17,57.1
"2007",41.7861,-122.0056,1645.9,65.6
"2007",41.7958,-124.2147,13.1,58.8333333333333
"2007",41.8386,-122.85,591.3,70.5333333333333
"2007",41.8458,-123.9792,152.4,66.4
"2007",41.8586,-123.3525,1423.4,67.0666666666667
"2007",41.89,-120.75,1575.8,62.1666666666667
"2007",41.99,-120.18,2243.3,56.6
"2007",41.9919,-123.6036,1210.1,63
"2007",41.9992,-121.7003,1249.1,63.5666666666667
"2008",32.56797,-117.11715,7.2,72.7
"2008",32.57583,-116.99391,158.9,70.6666666666667
"2008",32.6058,-116.6089,714.8,74.3666666666667
"2008",32.6261,-116.4681,805,72.1
"2008",32.6263,-116.4699,801.6,72.7666666666667
"2008",32.685,-116.9736,129.5,70.7666666666667
"2008",32.69219,-117.20983,4.4,71.9666666666667
"2008",32.7214,-116.4631,1049.4,72.4
"2008",32.7336,-117.1831,4.6,69.5333333333333
"2008",32.7397,-114.8839,66.1,93
"2008",32.76536,-117.2315,4.3,67.2
"2008",32.76654,-115.56638,-9.1,91.3666666666667
"2008",32.8005,-116.928,150.9,75.5333333333333
"2008",32.81453,-117.13747,127.5,71.1
"2008",32.83241,-115.66377,-14.1,91.0666666666667
"2008",32.8336,-116.7392,622.1,76.7333333333333
"2008",32.83464,-115.57656,-16.8,91.9
"2008",32.8488,-115.5666,-19.5,88.6333333333333
"2008",32.8569,-116.6222,1060.7,74.1
"2008",32.86667,-117.13333,145.4,69.7333333333333
"2008",32.8672,-116.4194,1804.4,71
"2008",32.8797,-116.4203,1755.6,67.6333333333333
"2008",32.9083,-114.4944,91.4,94.1666666666667
"2008",32.9736,-115.1736,84.7,94.0666666666667
"2008",32.9897,-116.5872,1414.3,69.8
"2008",32.9903,-116.0669,231.6,94.8666666666667
"2008",33.0113,-116.908,448.1,74.8333333333333
"2008",33.0164,-116.6339,0,73.7
"2008",33.03801,-116.915979,422,72.7333333333333
"2008",33.0736,-116.8458,466.3,74.0666666666667
"2008",33.0758,-116.5908,1292.4,73.7333333333333
"2008",33.0763,-116.5925,1284.7,72.9
"2008",33.0955,-116.9975,128,74.2666666666667
"2008",33.12993,-117.27651,95.3,68.2
"2008",33.2097,-117.395,3,68.9
"2008",33.21946,-117.34962,9.1,69.2666666666667
"2008",33.2222,-116.4975,1345.7,76.9
"2008",33.23377,-119.45591,161.3,66.9
"2008",33.2372,-117.0086,452,74.3666666666667
"2008",33.2372,-116.7614,823,72.3666666666667
"2008",33.2559,-116.4036,246.9,91.2666666666667
"2008",33.2889,-117.4389,30.5,69.2
"2008",33.3722,-117.3589,279.8,70.4
"2008",33.378,-116.84,1691.6,73.2666666666667
"2008",33.3814,-117.2856,325.5,71.9
"2008",33.3933,-116.795,838.8,76.8333333333333
"2008",33.40419,-118.41456,477,68.8
"2008",33.4392,-117.1904,347.5,73.3
"2008",33.445,-117.4181,707.1,74.1
"2008",33.4781,-117.4858,366.7,72.3666666666667
"2008",33.4833,-119.0333,53.6,64.2333333333333
"2008",33.5286,-117.2306,603.5,73.1
"2008",33.5417,-117.5917,213.4,72.2333333333333
"2008",33.555,-116.673,1194.8,72.5
"2008",33.5697,-116.073,-55.8,93
"2008",33.6031,-117.8836,3,67.8
"2008",33.61388,-114.59813,81.7,94.85
"2008",33.61876,-114.71451,120.4,93.5666666666667
"2008",33.63166,-116.16412,-36,91.2666666666667
"2008",33.6472,-117.4111,926,79.1333333333333
"2008",33.6617,-115.7206,520,87.2333333333333
"2008",33.6667,-116.7667,1499.6,73.8333333333333
"2008",33.67975,-117.86746,13,71.9
"2008",33.7044,-115.6289,417.6,88
"2008",33.72,-117.723,164.6,74.5
"2008",33.7381,-116.8939,552,76.8
"2008",33.7403,-116.8414,594.4,81.9666666666667
"2008",33.7442,-117.8667,41.1,73.7333333333333
"2008",33.7572,-116.7066,1639.8,69.9666666666667
"2008",33.7625,-117.4828,342.9,78.1666666666667
"2008",33.8016,-118.3419,27.4,69.3
"2008",33.80807,-115.45138,296.6,92.4333333333333
"2008",33.8081,-117.7111,542.8,74.1333333333333
"2008",33.81177,-118.14718,10.2,72.1666666666667
"2008",33.82216,-116.50433,124.7,92.1333333333333
"2008",33.8275,-116.5097,129.5,92.5333333333333
"2008",33.87154,-117.98561,26.3,74.8333333333333
"2008",33.8744,-117.5492,195.1,77.5333333333333
"2008",33.8767,-117.3089,524.3,75.8
"2008",33.92353,-118.33291,16.6,71.2333333333333
"2008",33.9306,-116.95,793.7,79.7333333333333
"2008",33.93816,-118.3866,29.7,69.4
"2008",33.9511,-117.388,256,80.2
"2008",33.95282,-117.43523,257.7,80.2
"2008",33.96694,-117.36139,300.5,76.9333333333333
"2008",33.97563,-117.62487,193.9,76.3666666666667
"2008",33.9778,-120.0778,395.6,59.85
"2008",33.9839,-118.01,289.6,74.1333333333333
"2008",33.9958,-119.7222,76.2,68.4666666666667
"2008",34.005,-118.4139,28,71.6
"2008",34.0075,-118.49972,4.3,68.4
"2008",34.0178,-116.1878,1280.2,78.6
"2008",34.02099,-118.44712,53.3,69.6
"2008",34.037,-117.1948,429.8,78.7
"2008",34.0456,-118.9358,15.2,66.9
"2008",34.05314,-117.57689,281.6,78.4
"2008",34.0583,-118.6333,480.1,73.4666666666667
"2008",34.0608,-114.7322,249.9,94.2333333333333
"2008",34.0678,-118.2417,115.2,73.4666666666667
"2008",34.0697,-118.4427,131.1,69.5666666666667
"2008",34.0816,-117.7658,304.5,76.6
"2008",34.0836,-117.0347,899.2,77.9666666666667
"2008",34.0842,-118.1003,110.6,75.2
"2008",34.0869,-118.4794,340.5,70.3333333333333
"2008",34.1208,-117.9458,152.4,76.6333333333333
"2008",34.1233,-116.4078,993.6,81.1333333333333
"2008",34.12407,-119.12281,3.8,64.7333333333333
"2008",34.125,-118.4122,384,75.6333333333333
"2008",34.128,-116.0369,602,87.95
"2008",34.1369,-117.7069,501.4,75.0333333333333
"2008",34.1472,-115.1219,281,93.9333333333333
"2008",34.1483,-118.1447,263.3,76.2
"2008",34.1819,-118.5744,240.8,76.2
"2008",34.18194,-118.89861,238.7,71.2333333333333
"2008",34.1847,-118.7172,502.9,76.8
"2008",34.1866,-118.348,199.6,72.95
"2008",34.1942,-116.9131,1712.4,68.5
"2008",34.19966,-118.36543,222.7,75.5
"2008",34.20012,-119.20417,11.9,64.9666666666667
"2008",34.2066,-119.1375,15.8,67.4333333333333
"2008",34.2069,-117.7606,792.5,75.9666666666667
"2008",34.21,-118.87,242.3,67.0666666666667
"2008",34.2103,-116.6339,1828.8,74.9333333333333
"2008",34.21142,-119.08762,21.6,67.4666666666667
"2008",34.21214,-118.49146,239.2,77
"2008",34.2211,-117.4044,627,77.7
"2008",34.2308,-118.0711,1740.4,73.8333333333333
"2008",34.2339,-117.4803,851,76.1
"2008",34.243,-116.917,2058.3,64
"2008",34.2447,-118.525,275.5,77.5333333333333
"2008",34.2661,-116.8989,2103.1,62.6333333333333
"2008",34.2711,-118.1525,914.4,76.3
"2008",34.28964,-114.17137,224.9,90.8
"2008",34.2911,-118.8144,278.6,69.9666666666667
"2008",34.2936,-118.3608,423.7,74.2666666666667
"2008",34.3175,-117.5019,1005.8,77.5
"2008",34.3194,-117.0131,2091.2,67.2333333333333
"2008",34.3317,-118.0303,1661.2,74.3333333333333
"2008",34.3617,-118.4217,1219.2,75.7666666666667
"2008",34.3717,-118.8408,501.4,74.6
"2008",34.3789,-117.6919,2108.3,70.0333333333333
"2008",34.3903,-118.0825,1530.4,73.1
"2008",34.3906,-116.5169,883.9,84.8666666666667
"2008",34.3933,-118.5938,538,79.4
"2008",34.4044,-118.81,187.1,71.3666666666667
"2008",34.4167,-119.6844,4.9,65.65
"2008",34.4241,-119.84249,2.5,66.2333333333333
"2008",34.425,-118.525,442,78.4
"2008",34.4311,-118.6828,389.5,77.4333333333333
"2008",34.4456,-117.8511,1152.1,76.9
"2008",34.4458,-118.2,792.5,76.5333333333333
"2008",34.4483,-119.2303,233.2,72.1
"2008",34.4614,-119.6481,457.2,72.2666666666667
"2008",34.4806,-118.7556,347.5,76
"2008",34.5025,-117.8969,945.2,79.9
"2008",34.52527,-117.29638,850.1,80.4
"2008",34.5358,-119.7833,310.9,74.0666666666667
"2008",34.5431,-119.1842,1015.3,68.3
"2008",34.5686,-118.7403,1255.8,75.7666666666667
"2008",34.58223,-119.98159,240.5,72.1333333333333
"2008",34.5883,-118.0938,796.1,84.6
"2008",34.5891,-117.6302,899.2,79.7666666666667
"2008",34.5958,-118.5786,1502.7,77.3666666666667
"2008",34.62944,-118.08309,764.7,82
"2008",34.6344,-117.5503,877.8,81.2666666666667
"2008",34.6538,-120.4513,22.9,63.1666666666667
"2008",34.6819,-119.3539,1118.6,74.9333333333333
"2008",34.6847,-117.8208,789.4,81.6
"2008",34.705,-118.4297,932.7,79.4666666666667
"2008",34.7325,-118.3833,841.2,82.3666666666667
"2008",34.7331,-120.0067,975.4,76.5
"2008",34.74121,-118.21255,712.6,84
"2008",34.74361,-118.72528,1374.6,73.0333333333333
"2008",34.7586,-120.4861,320,62.65
"2008",34.76783,-114.61842,270.6,95.4666666666667
"2008",34.8083,-119.0125,1493.5,61.3
"2008",34.82722,-118.96528,1515.5,70.2
"2008",34.85371,-116.78702,584.8,88.6
"2008",34.8927,-117.0219,676.7,85.9333333333333
"2008",34.89403,-120.45216,74.2,63.1666666666667
"2008",34.9436,-115.5469,1325.9,81.2
"2008",34.9455,-119.6827,658.4,75.9666666666667
"2008",34.988,-120.3211,177.4,66.6
"2008",34.98833,-117.86472,695.9,81.4
"2008",35.0492,-118.1619,833.6,79.8
"2008",35.0531,-116.0794,289.6,94.3
"2008",35.0964,-119.7728,759,79.8666666666667
"2008",35.1011,-118.4222,1286.3,71.0333333333333
"2008",35.1231,-115.4114,1649.9,75.7333333333333
"2008",35.1397,-118.625,1219.2,71.4666666666667
"2008",35.1503,-119.43,235.6,82.1666666666667
"2008",35.1542,-117.1756,987.6,82.8666666666667
"2008",35.1792,-120.3919,319.4,70.6333333333333
"2008",35.1889,-120.0833,1149.1,76.8
"2008",35.2111,-118.8336,137.2,85.8
"2008",35.23815,-120.64406,55.8,66.2
"2008",35.27611,-116.06278,293.2,92.9666666666667
"2008",35.3056,-120.6619,93.9,66.5
"2008",35.367,-120.8447,36,64.7
"2008",35.3692,-117.6525,1088.1,81.6333333333333
"2008",35.37,-117.5683,1103.4,83.85
"2008",35.3811,-120.1875,496.8,73.2333333333333
"2008",35.4028,-119.47,68.6,81.9
"2008",35.4186,-119.0508,143.3,84.1
"2008",35.43424,-119.05524,149.3,83.1666666666667
"2008",35.45917,-115.53111,1456,77.5333333333333
"2008",35.4783,-117.6989,1338.1,81.1
"2008",35.5317,-118.6303,718.1,81.0333333333333
"2008",35.6277,-120.6855,222.5,72.8666666666667
"2008",35.6513,-117.8213,740.7,83.3
"2008",35.6564,-120.9242,303,72
"2008",35.6647,-118.0569,1698.3,76.1666666666667
"2008",35.66936,-120.62918,249.8,73.6
"2008",35.6841,-121.1683,465.1,69.9
"2008",35.686254,-117.690911,680,85.6
"2008",35.7217,-118.4989,960.1,77.2666666666667
"2008",35.7269,-118.7006,957.1,69.7333333333333
"2008",35.7636,-117.3908,516.6,89.0666666666667
"2008",35.7706,-115.9092,1524,80.7
"2008",35.8644,-120.8031,163.7,75.0666666666667
"2008",35.8717,-117.9183,1264.9,84.9
"2008",35.8842,-118.0517,2507.9,65.1
"2008",35.8889,-118.6333,1133.9,74.9666666666667
"2008",35.8922,-118.915,64,79.7333333333333
"2008",35.8989,-120.4319,467.9,75.1333333333333
"2008",35.97167,-116.27083,471.2,92.3
"2008",35.9717,-118.545,1432.6,66.9
"2008",36.0067,-119.96,73.2,82.4333333333333
"2008",36.0117,-121.2417,335.3,75.0333333333333
"2008",36.0333,-120.0569,246.9,83.4
"2008",36.0931,-118.2603,2499.4,61.8
"2008",36.0975,-119.5817,61,80.8666666666667
"2008",36.1203,-117.0878,2097,73.2333333333333
"2008",36.1356,-120.3606,204.2,82.5
"2008",36.1388,-117.9527,1165.9,77.6
"2008",36.1753,-118.7017,987.6,79.4333333333333
"2008",36.18833,-120.69528,701,73.2
"2008",36.2032,-119.0545,132.6,80.5666666666667
"2008",36.2069,-121.1377,97.5,69.2666666666667
"2008",36.23,-121.4917,298.7,72.3333333333333
"2008",36.2356,-121.785,137.2,63.9333333333333
"2008",36.2472,-121.7802,61,63.7
"2008",36.3114,-119.62319,76,79.7
"2008",36.3158,-119.637,72.2,77.6
"2008",36.32833,-119.2997,92.4,78.8
"2008",36.33333,-119.95,70.7,79.2333333333333
"2008",36.3478,-120.5978,1524,72.5666666666667
"2008",36.3642,-120.1561,86.9,80.5666666666667
"2008",36.3817,-119.0264,156.4,80.5333333333333
"2008",36.3825,-120.8558,1137.8,75.6666666666667
"2008",36.3886,-121.5517,574.5,69
"2008",36.4069,-118.4217,2621.3,66.3
"2008",36.4108,-118.8092,1966,68.3333333333333
"2008",36.445,-118.7033,1597.2,74.5
"2008",36.46263,-116.8672,-59.1,102.433333333333
"2008",36.465,-118.8619,347.5,77.9
"2008",36.4708,-121.1472,402.9,75.3
"2008",36.4805,-121.7244,146.3,64.3333333333333
"2008",36.4819,-121.1822,398.4,71.2
"2008",36.4914,-118.8253,520.6,80.05
"2008",36.5625,-117.4736,2097,70.1666666666667
"2008",36.5672,-118.9556,1240.2,76.6333333333333
"2008",36.59041,-121.84881,48.8,60.5333333333333
"2008",36.5927,-121.8555,37.2,59.0333333333333
"2008",36.602,-117.1449,25.6,100.533333333333
"2008",36.6044,-118.7325,2052.8,59.6666666666667
"2008",36.6269,-121.7864,149.4,58.1666666666667
"2008",36.6594,-121.6663,13.7,61.8666666666667
"2008",36.66352,-121.60928,22.3,62.2
"2008",36.6853,-119,1237.5,75.1666666666667
"2008",36.715,-121.34917,275.8,66.7333333333333
"2008",36.7242,-118.9425,2298.2,65.3
"2008",36.7267,-118.675,2475,66.15
"2008",36.7269,-120.7658,619.4,80.4
"2008",36.73751,-118.96197,2005.6,64.9333333333333
"2008",36.7672,-119.7092,103,81.3333333333333
"2008",36.77999,-119.72016,101.9,82.3333333333333
"2008",36.7878,-118.6561,1438.7,69.3
"2008",36.798,-118.2036,1204,78
"2008",36.8422,-121.3622,123.1,68.1
"2008",36.8425,-118.2594,1479.8,76.7
"2008",36.8483,-121.4213,83.8,66.2
"2008",36.8839,-119.4658,280.4,84.2666666666667
"2008",36.9092,-119.0883,528.8,77.7
"2008",36.9111,-119.305,469.4,83.5666666666667
"2008",36.9308,-121.7691,29,62.3666666666667
"2008",36.93936,-121.79001,49.5,62.5
"2008",36.9539,-120.0378,82.3,78.5333333333333
"2008",36.9614,-119.175,1538.6,73.8666666666667
"2008",36.98505,-120.11068,76.6,77.8
"2008",36.98785,-121.99952,21.3,63.2666666666667
"2008",36.9911,-121.7978,137.2,66.9
"2008",36.99574,-119.70691,131.1,81.95
"2008",37.003,-121.5608,59.1,70.35
"2008",37.0153,-119.5678,366.1,77.5333333333333
"2008",37.05056,-122.075,121.9,66.4
"2008",37.0544,-119.3711,1249.7,76.5333333333333
"2008",37.0547,-121.0531,106.7,78.9333333333333
"2008",37.0563,-120.8666,36.6,79.1
"2008",37.0664,-119.0394,1727.6,61.3333333333333
"2008",37.08689,-122.08221,132.6,67.4333333333333
"2008",37.0919,-119.5128,637,80.4333333333333
"2008",37.1317,-122.17,801.6,71.5
"2008",37.135,-119.2561,1751.4,62.7333333333333
"2008",37.1822,-120.7939,19.8,75.7
"2008",37.2028,-121.9428,609.6,72.3
"2008",37.2064,-119.2419,1486.8,71.2666666666667
"2008",37.2275,-119.22056,2139.7,60.3333333333333
"2008",37.2319,-121.9592,111.3,69.5
"2008",37.2319,-119.5083,963.2,79.4
"2008",37.2321,-118.5994,2581.7,62.15
"2008",37.2331,-119.5047,829.1,77.5
"2008",37.2381,-120.8825,23.8,72.6666666666667
"2008",37.2811,-121.0177,27.4,78.8333333333333
"2008",37.28597,-120.51788,46.5,78.4
"2008",37.2888,-120.5158,46.9,78.4333333333333
"2008",37.3053,-122.255,265.8,62.4666666666667
"2008",37.3133,-122.185,691.9,68.25
"2008",37.3147,-119.0383,2256.4,64.2333333333333
"2008",37.3292,-121.2939,563.9,77.9333333333333
"2008",37.34336,-121.63473,1286.3,70.8333333333333
"2008",37.35938,-121.92444,15,69.1
"2008",37.37114,-118.35886,1252.8,75.2333333333333
"2008",37.3761,-119.1783,2748.7,58.8333333333333
"2008",37.39,-118.5506,1414.3,78.9666666666667
"2008",37.4058,-122.0481,11.9,67.95
"2008",37.4094,-119.7681,937.9,80.5666666666667
"2008",37.4431,-121.7706,629.7,70.4
"2008",37.4436,-122.1402,7.6,68.3
"2008",37.4681,-120.1106,365.8,80.7666666666667
"2008",37.4725,-122.4433,8.2,57.6333333333333
"2008",37.475,-122.2981,196.3,68.1666666666667
"2008",37.5019,-121.7355,932.7,71.7333333333333
"2008",37.50193,-120.84566,31.4,77.6
"2008",37.5042,-119.9869,680,76.6
"2008",37.5122,-119.6331,1538.3,64.5
"2008",37.5147,-122.0325,3,66.8
"2008",37.5422,-122.0158,11.6,68
"2008",37.5436,-119.8386,1188.7,77.2666666666667
"2008",37.5514,-118.6672,2145.8,66.5
"2008",37.5531,-121.8439,374.9,67.9666666666667
"2008",37.59167,-122.47167,144.8,62.6333333333333
"2008",37.61962,-122.36562,3.2,62.9
"2008",37.62544,-120.95492,26.5,79.8
"2008",37.6478,-118.9617,2378.7,60.8
"2008",37.65886,-122.12116,9.6,65.1
"2008",37.6819,-121.3466,41.1,76.2
"2008",37.68194,-121.75139,161.2,72.5333333333333
"2008",37.69309,-121.8149,119.7,71.7
"2008",37.7178,-122.23301,1.5,63.0666666666667
"2008",37.728,-122.5052,2.4,56.4333333333333
"2008",37.745,-118.9833,2316.5,59.4
"2008",37.7592,-119.8208,2017.8,66.7666666666667
"2008",37.7617,-119.8247,2025.1,67.3333333333333
"2008",37.7705,-122.4269,45.7,60.5
"2008",37.79589,-121.58319,18.6,76.5666666666667
"2008",37.7983,-122.2642,9.1,63.7
"2008",37.8172,-121.7789,621.8,74.8
"2008",37.8233,-120.0975,975.4,70.9
"2008",37.8331,-120.5,310.9,78.5
"2008",37.8339,-122.0669,536.4,71
"2008",37.8431,-118.4778,1661.2,72.0333333333333
"2008",37.8444,-120.2258,853.4,70.0333333333333
"2008",37.8511,-119.65,2446,59.4
"2008",37.865,-122.2208,427.6,63.8666666666667
"2008",37.8683,-119.3183,2825.5,52.7
"2008",37.8744,-122.2605,94.5,62.7666666666667
"2008",37.8792,-121.9303,661.4,70.6333333333333
"2008",37.8817,-121.9142,1173.2,71.2
"2008",37.88997,-121.22637,8.3,76.4
"2008",37.9191,-122.3772,6.1,64.1
"2008",37.9442,-122.1178,442,69.6333333333333
"2008",37.95,-121.8844,487.7,72.2666666666667
"2008",37.9567,-119.1194,2071.7,67.8
"2008",37.9613,-119.783,1179.6,72.0333333333333
"2008",37.9672,-120.3872,510.5,75.2
"2008",37.9747,-119.9161,1452.4,72.4666666666667
"2008",37.9833,-121.7525,18.3,75.4
"2008",37.9906,-122.6447,426.7,68.9666666666667
"2008",37.99165,-122.05268,7,72.8333333333333
"2008",37.9983,-122.5372,36.6,67.4
"2008",37.9994,-121.3177,3.7,71.9
"2008",38.0047,-120.4863,292.6,79.3666666666667
"2008",38.0131,-122.1142,12.2,70.7333333333333
"2008",38.0281,-122.7022,378,63.9333333333333
"2008",38.0394,-122.57,457.2,66.2
"2008",38.0631,-120.2469,1503.6,73.8666666666667
"2008",38.07,-119.23,2878.8,58.5333333333333
"2008",38.1061,-121.2877,12.2,74.5
"2008",38.2075,-122.28041,4.7,65.9666666666667
"2008",38.2119,-119.0142,2551.2,58.25
"2008",38.2428,-120.515,780,75.7666666666667
"2008",38.2486,-120.8433,200.6,77.8666666666667
"2008",38.2575,-119.2286,1972.1,60.9333333333333
"2008",38.2577,-122.6077,6.1,66.9333333333333
"2008",38.2719,-119.2892,2026.9,65.8
"2008",38.2736,-122.0677,12.2,72.9
"2008",38.2769,-120.3113,1431,69.7
"2008",38.2777,-122.2647,10.7,69.7
"2008",38.28,-119.61,2931.3,56.0666666666667
"2008",38.2994,-122.4622,29.6,70.1
"2008",38.3,-119.55,2194,59.8333333333333
"2008",38.31,-119.6,2690.5,57.4666666666667
"2008",38.3208,-123.0747,19.2,56.6
"2008",38.3772,-120.8008,483.4,76.2
"2008",38.37753,-121.95854,31.7,76.9666666666667
"2008",38.3894,-120.6511,902.2,77.6
"2008",38.39556,-121.96083,33.5,78.0333333333333
"2008",38.4,-119.54,2838.6,56.8666666666667
"2008",38.4305,-122.8647,61,66.5666666666667
"2008",38.44,-119.37,2814.2,56
"2008",38.45579,-122.71335,50.6,68.35
"2008",38.4786,-122.7119,175.6,67.8
"2008",38.4883,-120.325,1524,78.4333333333333
"2008",38.4916,-122.1241,146.3,75.1333333333333
"2008",38.492,-122.0039,57,77.7333333333333
"2008",38.50369,-122.81101,36.2,67.8666666666667
"2008",38.50659,-121.49604,5.9,74.5
"2008",38.5066,-122.4713,68.6,71.8333333333333
"2008",38.51,-119.63,2357.9,56.4
"2008",38.515,-123.2447,34.1,58.85
"2008",38.5252,-121.9777,41.1,78.1
"2008",38.5349,-121.7761,18.3,75
"2008",38.55,-119.8,2671.6,57.9666666666667
"2008",38.5552,-121.4183,11.6,76.4
"2008",38.5653,-119.4592,1658.1,74.1333333333333
"2008",38.573,-122.4405,522.7,70.0333333333333
"2008",38.57682,-122.57811,106.7,71.0666666666667
"2008",38.57944,-122.25,138.7,72.9
"2008",38.5908,-120.9336,275.8,75.4
"2008",38.61,-119.92,2455.8,57.2333333333333
"2008",38.62935,-122.86646,53.9,74.4
"2008",38.67,-119.82,1863.9,64.4333333333333
"2008",38.67,-119.61,2532.9,59.3666666666667
"2008",38.68,-119.96,2443.6,60.1333333333333
"2008",38.6829,-121.794,20.4,77.0666666666667
"2008",38.6833,-119.7667,1676.7,66.7333333333333
"2008",38.69,-119.99,2546,56.7333333333333
"2008",38.6955,-120.8244,563.9,77.2
"2008",38.70069,-121.59479,7.5,75.4666666666667
"2008",38.72,-119.89,2477.7,53.7
"2008",38.7333,-120.245,1597.2,67.5666666666667
"2008",38.7383,-122.1447,107.9,78.6666666666667
"2008",38.7395,-119.518,1613,70.2666666666667
"2008",38.7817,-122.9169,609.6,71.7333333333333
"2008",38.79296,-123.0263,121.9,73.9333333333333
"2008",38.8325,-121.0086,365.8,75.2666666666667
"2008",38.84,-119.89,2608.2,58.5
"2008",38.8489,-120.0181,1923.3,61.5
"2008",38.85,-120.08,2337.8,60.7333333333333
"2008",38.85,-119.94,2370.1,55.3666666666667
"2008",38.8619,-122.4172,670.6,75.5
"2008",38.8825,-121.2683,61,78.3333333333333
"2008",38.89838,-119.99617,1907,59.6666666666667
"2008",38.9056,-120.6972,1426.5,75.7333333333333
"2008",38.9072,-121.0838,393.8,79.1
"2008",38.9119,-122.7064,659.3,76.1666666666667
"2008",38.92,-119.92,2615.8,53.8
"2008",38.93,-120.05,1900.7,58.5
"2008",38.933,-120.8008,914.7,79.5
"2008",38.9875,-123.3486,196.3,66.8
"2008",39,-120.13,2343.6,61.9
"2008",39.0189,-122.4119,635.5,79.5666666666667
"2008",39.0308,-123.0806,817.5,73.4666666666667
"2008",39.0717,-120.4217,1597.2,69.8666666666667
"2008",39.0901,-120.947,723.3,73.4
"2008",39.0914,-120.7317,1327.4,72.7666666666667
"2008",39.10205,-121.56884,18.9,77
"2008",39.1258,-123.0736,975.4,67.9666666666667
"2008",39.12781,-123.20015,183.7,72.3666666666667
"2008",39.14,-120.22,2028.4,57.7
"2008",39.1439,-120.5089,2164.1,68.1
"2008",39.1466,-123.2102,193.9,71.1
"2008",39.1678,-120.1428,1898.9,60.7333333333333
"2008",39.17,-120.15,2071.7,61.3
"2008",39.1836,-120.8847,861.4,75.5666666666667
"2008",39.1875,-122.0269,15.2,76.1333333333333
"2008",39.19,-120.26,2447.2,59.1666666666667
"2008",39.2041,-121.068,731.5,71.9
"2008",39.2083,-122.8083,1475.2,69.5333333333333
"2008",39.2466,-121.0008,847.6,72.4666666666667
"2008",39.27617,-120.70927,1611.2,69.4666666666667
"2008",39.3,-120.18,1983.9,63.9666666666667
"2008",39.3036,-121.1172,599.8,77.8333333333333
"2008",39.3167,-120.8375,1316.7,74.7333333333333
"2008",39.3239,-120.2331,1809.6,59.7
"2008",39.33,-120.37,2089.4,59.1
"2008",39.333,-120.173,1774.9,60.1333333333333
"2008",39.3528,-123.6011,180.7,63.8333333333333
"2008",39.3575,-121.2011,499.9,73.8
"2008",39.3619,-123.1286,310.3,71.6
"2008",39.3669,-122.575,365.8,77.0666666666667
"2008",39.3886,-120.0936,1699.3,62.4
"2008",39.3975,-121.3861,244.8,77.3333333333333
"2008",39.4172,-122.1825,36.6,76.5
"2008",39.4194,-123.3425,412.4,62.05
"2008",39.425,-122.9772,540.4,70.9333333333333
"2008",39.43,-120.31,2545.7,59.9333333333333
"2008",39.45,-120.29,2134.5,57.8666666666667
"2008",39.4539,-120.6556,1641.3,70.5
"2008",39.475,-121.2025,1132,73.9666666666667
"2008",39.4833,-120.075,2093.1,62.8333333333333
"2008",39.49,-120.28,1967.8,58.2333333333333
"2008",39.4943,-121.62226,56.9,78
"2008",39.51,-123.75639,37.5,55.4333333333333
"2008",39.5177,-121.553,52.1,78.1
"2008",39.52316,-122.3048,71.3,76.6
"2008",39.53194,-121.1611,1130.8,67.2666666666667
"2008",39.5619,-120.0478,1821.5,64.4333333333333
"2008",39.5633,-120.8238,888.5,69.2
"2008",39.5861,-122.5341,243.8,76.9333333333333
"2008",39.6375,-120.8653,2033,68.5
"2008",39.6514,-122.7236,1310.6,72.1666666666667
"2008",39.6681,-123.3211,740.1,69.8
"2008",39.7022,-123.485,554.7,70.5666666666667
"2008",39.7119,-121.7789,70.1,77.5666666666667
"2008",39.7358,-121.4889,759,78.9666666666667
"2008",39.7458,-122.1997,77.4,78.1
"2008",39.7538,-121.6241,533.4,76.3333333333333
"2008",39.8053,-120.4719,1478.3,63.2333333333333
"2008",39.8056,-120.1858,1508.8,61.7
"2008",39.8158,-123.2444,430.7,72.3666666666667
"2008",39.8333,-123.0833,457.2,73.8666666666667
"2008",39.8644,-122.6097,317,82.9
"2008",39.8716,-121.6108,826,74
"2008",39.8717,-121.7689,528.2,79.6666666666667
"2008",39.9278,-122.6569,1131.7,75.4
"2008",39.9366,-120.9475,1042.4,68.1666666666667
"2008",39.9389,-122.1697,89.6,79.9666666666667
"2008",39.9717,-120.0828,1338.1,67.2333333333333
"2008",39.9733,-120.9419,1066.8,68.9333333333333
"2008",40.0017,-120.915,1377.7,72.7666666666667
"2008",40.0222,-120.1056,1292.4,71.8333333333333
"2008",40.02611,-123.79306,153.3,65.3
"2008",40.0686,-121.5825,1466.7,70.9
"2008",40.1383,-123.8236,135.9,67.2333333333333
"2008",40.1417,-120.3533,1767.8,70.4333333333333
"2008",40.15186,-122.25478,108,80.7333333333333
"2008",40.1705,-121.0886,1389.9,65.3666666666667
"2008",40.1867,-123.5903,281.3,68.2
"2008",40.2461,-120.6422,1737.4,66.3666666666667
"2008",40.2506,-123.3158,832.7,66.7666666666667
"2008",40.2569,-124.2661,899.2,62.6666666666667
"2008",40.295,-122.8667,1066.8,72.5333333333333
"2008",40.30209,-121.24391,1387.1,63.9
"2008",40.3067,-120.9,1767.8,66.3666666666667
"2008",40.3375,-123.0656,1378.8,68.6666666666667
"2008",40.3442,-121.7136,1267.7,74.5666666666667
"2008",40.3458,-121.6091,1485.9,63.9
"2008",40.3983,-122.8333,579.1,76.6666666666667
"2008",40.4167,-120.6631,1283.8,66.35
"2008",40.4633,-123.5239,845.8,66.6333333333333
"2008",40.4808,-120.1139,1339.6,67.1666666666667
"2008",40.4833,-124.1038,41.5,59.9
"2008",40.505,-123.3417,1219.2,67.2666666666667
"2008",40.51462,-122.29773,152.6,80.8
"2008",40.5158,-122.2906,152.4,80.6
"2008",40.54,-121.5803,1725.2,60.7
"2008",40.5411,-121.5766,1752.6,64.6
"2008",40.55,-123.165,708.1,68.3333333333333
"2008",40.5981,-121.0831,1722.1,58.5333333333333
"2008",40.6194,-121.8994,736.7,77.3
"2008",40.6306,-120.5028,1554.5,65.5
"2008",40.6506,-122.6056,404.2,79.6333333333333
"2008",40.6507,-122.6068,432.2,77.5
"2008",40.7141,-122.4161,327.7,80.1333333333333
"2008",40.7219,-123.4953,792.5,72.2
"2008",40.7263,-122.7947,567.2,70.1
"2008",40.7308,-120.3164,1614.8,66
"2008",40.7333,-123.2333,457.2,71.8333333333333
"2008",40.73529,-122.9441,627.3,69.4333333333333
"2008",40.7405,-123.2077,381.9,69.7333333333333
"2008",40.7586,-120.8961,1889.8,62.7333333333333
"2008",40.7817,-120.7844,1877,62.2333333333333
"2008",40.7864,-122.8045,1008.3,70.7333333333333
"2008",40.8072,-121.2967,1752.6,66.3
"2008",40.8097,-124.1602,6.1,56.4
"2008",40.8802,-121.6547,974.8,68.7
"2008",40.8892,-123.1422,1432.6,73.05
"2008",40.9167,-122.4383,1280.2,75.9333333333333
"2008",40.9258,-121.5856,1130.8,72.4
"2008",40.9316,-121.5433,919,66.7
"2008",40.97844,-124.10479,64.5,55
"2008",41.0064,-121.9833,518.2,76.2
"2008",41.0478,-123.6714,114.3,69.4
"2008",41.0519,-120.6861,1554.5,62.2
"2008",41.0547,-120.3375,1711.5,62.6666666666667
"2008",41.075,-122.3733,731.5,76.7666666666667
"2008",41.0975,-123.6358,1088.1,65.6333333333333
"2008",41.1117,-122.6967,1341.1,72.9666666666667
"2008",41.1383,-123.9056,804.7,61.7
"2008",41.1831,-122.28167,661.1,70.8666666666667
"2008",41.19334,-120.94458,1280.8,67.3333333333333
"2008",41.24,-120.79,1886.7,57.6666666666667
"2008",41.2694,-123.1875,1815.4,66.7
"2008",41.2706,-120.29845,1621.2,63.1666666666667
"2008",41.2769,-121.9794,975.4,62.6666666666667
"2008",41.2897,-123.8575,150.9,67.9666666666667
"2008",41.2944,-120.8639,1463,67.3666666666667
"2008",41.295,-120.3133,1889.8,61.8333333333333
"2008",41.3003,-123.1322,668.1,71.5333333333333
"2008",41.30206,-123.53851,122.8,70.5
"2008",41.3075,-122.7958,955.9,70.7333333333333
"2008",41.314893,-122.317127,1083,66.3
"2008",41.3156,-122.3156,0,68.3
"2008",41.32175,-122.31725,1101.2,66.8666666666667
"2008",41.3322,-120.4725,1332.6,65.9333333333333
"2008",41.3378,-122.82484,940.3,65.8333333333333
"2008",41.39,-123.4958,280.4,72.6666666666667
"2008",41.4272,-121.4639,1602.6,66.8333333333333
"2008",41.4342,-120.8678,1314.3,66.2333333333333
"2008",41.4589,-120.3536,1335,64.7333333333333
"2008",41.4789,-122.4539,893.1,69.8
"2008",41.48362,-120.5615,1335.9,64.4333333333333
"2008",41.53,-120.6714,1530.7,66.6666666666667
"2008",41.5301,-120.1791,1428.9,67.8
"2008",41.58,-120.3,2142.7,60.1333333333333
"2008",41.5992,-122.9336,1287.8,70.8
"2008",41.6294,-121.2981,1511.8,66.8
"2008",41.6431,-121.7939,1502.1,68
"2008",41.6853,-122.5942,914.4,72.3
"2008",41.70237,-122.64169,826.6,69.5333333333333
"2008",41.71171,-121.5067,1455.4,66.2
"2008",41.7358,-123.7917,1615.4,62.8
"2008",41.7417,-121.5383,1453.9,66.7
"2008",41.77373,-122.46825,806.1,68.9666666666667
"2008",41.775,-122.9503,1674.3,63.4666666666667
"2008",41.78361,-124.23796,17,54.8333333333333
"2008",41.7861,-122.0056,1645.9,65.2666666666667
"2008",41.7958,-124.2147,13.1,56.2
"2008",41.8386,-122.85,591.3,69.7333333333333
"2008",41.8458,-123.9792,152.4,66.0666666666667
"2008",41.8586,-123.3525,1423.4,67.7333333333333
"2008",41.89,-120.75,1575.8,61.0666666666667
"2008",41.95999,-121.47449,1230.8,66
"2008",41.99,-120.18,2243.3,54.6333333333333
"2008",41.9992,-121.7003,1249.1,62.5
"2009",32.56797,-117.11715,7.2,66.3333333333333
"2009",32.57583,-116.99391,158.9,69.7666666666667
"2009",32.6058,-116.6089,714.8,69.1
"2009",32.6261,-116.4681,805,73.45
"2009",32.6263,-116.4699,801.6,70.8333333333333
"2009",32.64,-117.0858,17.1,70.0333333333333
"2009",32.685,-116.9736,129.5,70.9
"2009",32.69219,-117.20983,4.4,72.35
"2009",32.7214,-116.4631,1049.4,70.5666666666667
"2009",32.7336,-117.1831,4.6,69.7333333333333
"2009",32.7397,-114.8839,66.1,93.1333333333333
"2009",32.76536,-117.2315,4.3,69
"2009",32.76654,-115.56638,-9.1,90.8666666666667
"2009",32.8005,-116.928,150.9,72.45
"2009",32.81453,-117.13747,127.5,73.5
"2009",32.83241,-115.66377,-14.1,90.2333333333333
"2009",32.8336,-116.7392,622.1,74.7666666666667
"2009",32.83464,-115.57656,-16.8,91.5333333333333
"2009",32.8358,-116.7774,516.6,72.4666666666667
"2009",32.8488,-115.5666,-19.5,93.6
"2009",32.8569,-116.6222,1060.7,71.3666666666667
"2009",32.86667,-117.13333,145.4,70.2
"2009",32.8797,-116.4203,1755.6,65.9
"2009",32.9083,-114.4944,91.4,93.6333333333333
"2009",32.9736,-115.1736,84.7,92.8
"2009",32.9897,-116.5872,1414.3,71.7
"2009",32.9903,-116.0669,231.6,94.1666666666667
"2009",33.0164,-116.6339,0,74.8
"2009",33.03801,-116.915979,422,71
"2009",33.0736,-116.8458,466.3,72.5333333333333
"2009",33.0758,-116.5908,1292.4,70.9666666666667
"2009",33.0763,-116.5925,1284.7,67.2
"2009",33.0955,-116.9975,128,73.5333333333333
"2009",33.12993,-117.27651,95.3,68.9
"2009",33.1552,-116.1688,118.9,93
"2009",33.2097,-117.395,3,66.5666666666667
"2009",33.21946,-117.34962,9.1,67.9333333333333
"2009",33.2222,-116.4975,1345.7,74.3
"2009",33.2354,-117.2322,131.1,70.55
"2009",33.2372,-117.0086,452,71.8
"2009",33.2372,-116.7614,823,69.8
"2009",33.2559,-116.4036,246.9,89.1
"2009",33.27167,-115.47722,22.9,92.1333333333333
"2009",33.2889,-117.4389,30.5,69.1
"2009",33.3722,-117.3589,279.8,69.9666666666667
"2009",33.378,-116.84,1691.6,67.3
"2009",33.3814,-117.2856,325.5,71.4
"2009",33.3933,-116.795,838.8,74.6
"2009",33.40419,-118.41456,477,67.1
"2009",33.4392,-117.1904,347.5,72.6333333333333
"2009",33.445,-117.4181,707.1,71.2
"2009",33.4781,-117.4858,366.7,71.4666666666667
"2009",33.4833,-119.0333,53.6,61.9666666666667
"2009",33.5286,-117.2306,603.5,71.5333333333333
"2009",33.5417,-117.5917,213.4,71.8333333333333
"2009",33.555,-116.673,1194.8,70.2
"2009",33.5697,-116.073,-55.8,90.4
"2009",33.6031,-117.8836,3,67.9
"2009",33.61876,-114.71451,120.4,92.3666666666667
"2009",33.63166,-116.16412,-36,89.6
"2009",33.6472,-117.4111,926,76.1666666666667
"2009",33.6617,-115.7206,520,85.2
"2009",33.6667,-116.7667,1499.6,70.9333333333333
"2009",33.67975,-117.86746,13,71.1666666666667
"2009",33.686,-117.3458,386.5,75.7
"2009",33.7044,-115.6289,417.6,87.2333333333333
"2009",33.7086,-116.2152,-6.4,93.1333333333333
"2009",33.72,-117.723,164.6,71.05
"2009",33.7377,-115.3925,227.7,95.8
"2009",33.7381,-116.8939,552,76.7
"2009",33.7403,-116.8414,594.4,78.6
"2009",33.7442,-117.8667,41.1,72.5
"2009",33.7572,-116.7066,1639.8,63.6
"2009",33.7625,-117.4828,342.9,76.0666666666667
"2009",33.7965,-116.9753,464.8,77.4333333333333
"2009",33.8016,-118.3419,27.4,67.2
"2009",33.80807,-115.45138,296.6,90.7
"2009",33.8081,-117.7111,542.8,72.9333333333333
"2009",33.81177,-118.14718,10.2,71.8333333333333
"2009",33.82216,-116.50433,124.7,90.1666666666667
"2009",33.8275,-116.5097,129.5,90.4666666666667
"2009",33.8647,-117.8425,70.7,74.8666666666667
"2009",33.87154,-117.98561,26.3,73.7666666666667
"2009",33.8744,-117.5492,195.1,74.65
"2009",33.8767,-117.3089,524.3,74.2
"2009",33.92353,-118.33291,16.6,67.2
"2009",33.9306,-116.95,793.7,76.0333333333333
"2009",33.93816,-118.3866,29.7,67.4
"2009",33.9511,-117.388,256,70.6
"2009",33.95282,-117.43523,257.7,76.4666666666667
"2009",33.96694,-117.36139,300.5,76.9666666666667
"2009",33.97563,-117.62487,193.9,75.7666666666667
"2009",33.9778,-120.0778,395.6,60.6666666666667
"2009",33.9839,-118.01,289.6,72.7333333333333
"2009",33.9958,-119.7222,76.2,64.9333333333333
"2009",34.005,-118.4139,28,67.4
"2009",34.0075,-118.49972,4.3,65.4666666666667
"2009",34.0178,-116.1878,1280.2,75.9
"2009",34.02099,-118.44712,53.3,67.4666666666667
"2009",34.037,-117.1948,429.8,75.9666666666667
"2009",34.0456,-118.9358,15.2,65.6333333333333
"2009",34.05314,-117.57689,281.6,76.3333333333333
"2009",34.0583,-118.6333,480.1,72.0666666666667
"2009",34.0608,-114.7322,249.9,91.7666666666667
"2009",34.0678,-118.2417,115.2,71.9666666666667
"2009",34.0697,-118.4427,131.1,68.8333333333333
"2009",34.0816,-117.7658,304.5,73.3
"2009",34.0836,-117.0347,899.2,75.6
"2009",34.0842,-118.1003,110.6,73.2666666666667
"2009",34.0864,-116.5622,958.6,79.5
"2009",34.0869,-118.4794,340.5,69.7
"2009",34.1206,-115.85,419.4,89.7
"2009",34.1208,-117.9458,152.4,75.4
"2009",34.1233,-116.4078,993.6,79.0333333333333
"2009",34.12407,-119.12281,3.8,62.6666666666667
"2009",34.125,-118.4122,384,68.4
"2009",34.128,-116.0369,602,86.8333333333333
"2009",34.1369,-117.7069,501.4,72.7666666666667
"2009",34.1471,-116.2747,781.2,81.7666666666667
"2009",34.1472,-115.1219,281,92.95
"2009",34.1483,-118.1447,263.3,75.1666666666667
"2009",34.1547,-114.2908,128,87.3
"2009",34.16139,-115.80444,387.7,87
"2009",34.1819,-118.5744,240.8,77.7
"2009",34.1847,-118.7172,502.9,74.6333333333333
"2009",34.1866,-118.348,199.6,71.4
"2009",34.1942,-116.9131,1712.4,65.7333333333333
"2009",34.19966,-118.36543,222.7,73.5
"2009",34.20012,-119.20417,11.9,64.2
"2009",34.2066,-119.1375,15.8,65.7666666666667
"2009",34.2069,-117.7606,792.5,73.3333333333333
"2009",34.21,-118.87,242.3,67.2666666666667
"2009",34.2103,-116.6339,1828.8,72.2333333333333
"2009",34.21142,-119.08762,21.6,65.9
"2009",34.21214,-118.49146,239.2,75.0666666666667
"2009",34.2211,-117.4044,627,74.7
"2009",34.2308,-118.0711,1740.4,69.9333333333333
"2009",34.2339,-117.4803,851,72.9
"2009",34.243,-116.917,2058.3,62.4
"2009",34.2447,-118.525,275.5,74.9
"2009",34.2661,-116.8989,2103.1,65.6
"2009",34.2711,-118.1525,914.4,73.5333333333333
"2009",34.28964,-114.17137,224.9,91.7
"2009",34.2911,-118.8144,278.6,68.6
"2009",34.2936,-118.3608,423.7,71.7
"2009",34.3175,-117.5019,1005.8,73.7666666666667
"2009",34.3194,-117.0131,2091.2,65.0666666666667
"2009",34.3317,-118.0303,1661.2,71.2
"2009",34.3591,-116.5378,965.3,80.8
"2009",34.3617,-118.4217,1219.2,72.2
"2009",34.3617,-117.6386,1828.8,60.45
"2009",34.3717,-118.8408,501.4,72.5666666666667
"2009",34.3789,-117.6919,2108.3,67
"2009",34.3903,-118.0825,1530.4,69.3666666666667
"2009",34.3906,-116.5169,883.9,83
"2009",34.3933,-118.5938,538,75.8333333333333
"2009",34.4044,-118.81,187.1,71.2
"2009",34.4141,-119.8796,5.5,61.9
"2009",34.4167,-119.6844,4.9,69.2666666666667
"2009",34.4241,-119.84249,2.5,63.7
"2009",34.425,-118.525,442,75.1333333333333
"2009",34.4311,-118.6828,389.5,74.5666666666667
"2009",34.4456,-117.8511,1152.1,74.4
"2009",34.4458,-118.2,792.5,74.7666666666667
"2009",34.4477,-119.2275,227.1,71.4
"2009",34.4483,-119.2303,233.2,68.9333333333333
"2009",34.4614,-119.6481,457.2,69.9333333333333
"2009",34.4806,-118.7556,347.5,73.7333333333333
"2009",34.5025,-117.8969,945.2,76.6
"2009",34.52527,-117.29638,850.1,78.6
"2009",34.5358,-119.7833,310.9,73.0333333333333
"2009",34.5431,-119.1842,1015.3,65.0666666666667
"2009",34.5686,-118.7403,1255.8,73
"2009",34.58223,-119.98159,240.5,70.9333333333333
"2009",34.5883,-118.0938,796.1,79.4
"2009",34.5891,-117.6302,899.2,80.65
"2009",34.5958,-118.5786,1502.7,73.7333333333333
"2009",34.62944,-118.08309,764.7,79.3333333333333
"2009",34.6344,-117.5503,877.8,78.3
"2009",34.6538,-120.4513,22.9,62.7
"2009",34.6819,-119.3539,1118.6,72.3666666666667
"2009",34.6847,-117.8208,789.4,78.7666666666667
"2009",34.705,-118.4297,932.7,79.3
"2009",34.7325,-118.3833,841.2,79.5
"2009",34.7331,-120.0067,975.4,73.2333333333333
"2009",34.74121,-118.21255,712.6,78.8333333333333
"2009",34.74361,-118.72528,1374.6,71.0333333333333
"2009",34.7586,-120.4861,320,62.9666666666667
"2009",34.76783,-114.61842,270.6,94.0666666666667
"2009",34.8083,-119.0125,1493.5,63.4666666666667
"2009",34.85371,-116.78702,584.8,82.6
"2009",34.8927,-117.0219,676.7,83.1333333333333
"2009",34.89403,-120.45216,74.2,62.3666666666667
"2009",34.9436,-115.5469,1325.9,79.3666666666667
"2009",34.988,-120.3211,177.4,66.5
"2009",34.98833,-117.86472,695.9,79.7333333333333
"2009",35.0233,-118.7497,434.3,72.7
"2009",35.0531,-116.0794,289.6,90.5666666666667
"2009",35.0964,-119.7728,759,77.3
"2009",35.1011,-118.4222,1286.3,68.5666666666667
"2009",35.1231,-115.4114,1649.9,73.7333333333333
"2009",35.1503,-119.43,235.6,80.4
"2009",35.1542,-117.1756,987.6,80.5
"2009",35.1792,-120.3919,319.4,67.6666666666667
"2009",35.1889,-120.0833,1149.1,73.8333333333333
"2009",35.2111,-118.8336,137.2,81.7
"2009",35.23815,-120.64406,55.8,68.6
"2009",35.27611,-116.06278,293.2,90.05
"2009",35.3056,-120.6619,93.9,64.6
"2009",35.367,-120.8447,36,62.35
"2009",35.3692,-117.6525,1088.1,79.7666666666667
"2009",35.37,-117.5683,1103.4,80.1666666666667
"2009",35.3811,-120.1875,496.8,71.8666666666667
"2009",35.4028,-119.47,68.6,80.0666666666667
"2009",35.4186,-119.0508,143.3,81.4
"2009",35.43424,-119.05524,149.3,82.0666666666667
"2009",35.45917,-115.53111,1456,74.8666666666667
"2009",35.4783,-117.6989,1338.1,78.7333333333333
"2009",35.4867,-119.1458,123.1,78.7
"2009",35.5317,-118.6303,718.1,77.5666666666667
"2009",35.5892,-119.352,88.7,77.1
"2009",35.6277,-120.6855,222.5,70.4333333333333
"2009",35.6513,-117.8213,740.7,79.25
"2009",35.6564,-120.9242,303,70.1
"2009",35.6647,-118.0569,1698.3,74.1666666666667
"2009",35.66936,-120.62918,249.8,71.6
"2009",35.6841,-121.1683,465.1,68.2
"2009",35.686254,-117.690911,680,83.5666666666667
"2009",35.7217,-118.4989,960.1,74.25
"2009",35.7269,-118.7006,957.1,68.2333333333333
"2009",35.7636,-117.3908,516.6,86.3
"2009",35.7706,-115.9092,1524,78.1666666666667
"2009",35.7831,-118.4389,823.9,70.1
"2009",35.8644,-120.8031,163.7,73.8333333333333
"2009",35.8717,-117.9183,1264.9,82.3
"2009",35.8842,-118.0517,2507.9,62.1666666666667
"2009",35.8889,-118.6333,1133.9,73.2
"2009",35.8922,-118.915,64,78.9333333333333
"2009",35.8989,-120.4319,467.9,73.5333333333333
"2009",35.97167,-116.27083,471.2,87.5666666666667
"2009",35.9717,-118.545,1432.6,65.2666666666667
"2009",36.0067,-119.96,73.2,81.1666666666667
"2009",36.0117,-121.2417,335.3,73.3
"2009",36.0333,-120.0569,246.9,81.5333333333333
"2009",36.0931,-118.2603,2499.4,58.8
"2009",36.0975,-119.5817,61,79.3333333333333
"2009",36.1203,-117.0878,2097,70.1666666666667
"2009",36.1356,-120.3606,204.2,81.9
"2009",36.1388,-117.9527,1165.9,81.0333333333333
"2009",36.1753,-118.7017,987.6,77.7666666666667
"2009",36.18833,-120.69528,701,73.25
"2009",36.2032,-119.0545,132.6,76.65
"2009",36.2069,-121.1377,97.5,68.8
"2009",36.23,-121.4917,298.7,71.7666666666667
"2009",36.2314,-118.8689,586.1,84.2
"2009",36.2356,-121.785,137.2,63
"2009",36.2472,-121.7802,61,62.1666666666667
"2009",36.3114,-119.62319,76,77.2666666666667
"2009",36.3158,-119.637,72.2,78.9
"2009",36.32833,-119.2997,92.4,78.5666666666667
"2009",36.33333,-119.95,70.7,78.9
"2009",36.3478,-120.5978,1524,70.3
"2009",36.3642,-120.1561,86.9,80.2
"2009",36.3817,-119.0264,156.4,79.2666666666667
"2009",36.3825,-120.8558,1137.8,73.1333333333333
"2009",36.3886,-121.5517,574.5,67.8
"2009",36.4069,-118.4217,2621.3,63.5
"2009",36.4108,-118.8092,1966,65.0666666666667
"2009",36.445,-118.7033,1597.2,71.8333333333333
"2009",36.46263,-116.8672,-59.1,98.4
"2009",36.465,-118.8619,347.5,76.35
"2009",36.4708,-121.1472,402.9,73.1666666666667
"2009",36.4805,-121.7244,146.3,63.9
"2009",36.4819,-121.1822,398.4,66.6
"2009",36.4914,-118.8253,520.6,80.0333333333333
"2009",36.5625,-117.4736,2097,67.7666666666667
"2009",36.5672,-118.9556,1240.2,74.4
"2009",36.59041,-121.84881,48.8,60.5333333333333
"2009",36.5927,-121.8555,37.2,59.8
"2009",36.602,-117.1449,25.6,98.2333333333333
"2009",36.6044,-118.7325,2052.8,57.2666666666667
"2009",36.6269,-121.7864,149.4,58.9
"2009",36.6594,-121.6663,13.7,62.6333333333333
"2009",36.66352,-121.60928,22.3,62.7333333333333
"2009",36.6853,-119,1237.5,73.1333333333333
"2009",36.715,-121.34917,275.8,63.4
"2009",36.7242,-118.9425,2298.2,64.7333333333333
"2009",36.7267,-118.675,2475,65.3
"2009",36.7269,-120.7658,619.4,78.2333333333333
"2009",36.73751,-118.96197,2005.6,61.8
"2009",36.7672,-119.7092,103,80.1666666666667
"2009",36.77999,-119.72016,101.9,80.8
"2009",36.7878,-118.6561,1438.7,67.2333333333333
"2009",36.798,-118.2036,1204,79.7
"2009",36.8422,-121.3622,123.1,66.6666666666667
"2009",36.8425,-118.2594,1479.8,77.3333333333333
"2009",36.8483,-121.4213,83.8,67.1
"2009",36.8839,-119.4658,280.4,82.1333333333333
"2009",36.9092,-119.0883,528.8,85
"2009",36.9111,-119.305,469.4,79.1666666666667
"2009",36.9308,-121.7691,29,62.5
"2009",36.93936,-121.79001,49.5,62.7
"2009",36.9539,-120.0378,82.3,79.1
"2009",36.9614,-119.175,1538.6,71.9666666666667
"2009",36.98505,-120.11068,76.6,76.8
"2009",36.98785,-121.99952,21.3,63.9666666666667
"2009",36.9911,-121.7978,137.2,65.3666666666667
"2009",36.99574,-119.70691,131.1,78
"2009",37.0153,-119.5678,366.1,75.4333333333333
"2009",37.0544,-119.3711,1249.7,73.9333333333333
"2009",37.0547,-121.0531,106.7,77.2
"2009",37.0563,-120.8666,36.6,77.9
"2009",37.0664,-119.0394,1727.6,57.05
"2009",37.08689,-122.08221,132.6,66.5
"2009",37.0919,-119.5128,637,78.0333333333333
"2009",37.1317,-122.17,801.6,69.1333333333333
"2009",37.135,-119.2561,1751.4,60.8333333333333
"2009",37.1822,-120.7939,19.8,74.5333333333333
"2009",37.2028,-121.9428,609.6,70.6666666666667
"2009",37.2064,-119.2419,1486.8,67.9
"2009",37.2275,-119.22056,2139.7,57.05
"2009",37.2319,-121.9592,111.3,69.1333333333333
"2009",37.2319,-119.5083,963.2,77.2
"2009",37.2321,-118.5994,2581.7,62.1
"2009",37.2331,-119.5047,829.1,75.9
"2009",37.2381,-120.8825,23.8,72.0666666666667
"2009",37.2811,-121.0177,27.4,78.7333333333333
"2009",37.28597,-120.51788,46.5,75.9
"2009",37.2888,-120.5158,46.9,77
"2009",37.3053,-122.255,265.8,62.4
"2009",37.3133,-122.185,691.9,65.1
"2009",37.3147,-119.0383,2256.4,61.0666666666667
"2009",37.3292,-121.2939,563.9,75.5
"2009",37.34336,-121.63473,1286.3,68.0666666666667
"2009",37.3581,-122.1472,196.6,69.2666666666667
"2009",37.35938,-121.92444,15,68.7
"2009",37.37114,-118.35886,1252.8,73.5333333333333
"2009",37.3761,-119.1783,2748.7,55.3333333333333
"2009",37.39,-118.5506,1414.3,76.4333333333333
"2009",37.4058,-122.0481,11.9,67.2666666666667
"2009",37.4094,-119.7681,937.9,78.4333333333333
"2009",37.4431,-121.7706,629.7,68.9
"2009",37.4436,-122.1402,7.6,65.4
"2009",37.4681,-120.1106,365.8,78.7
"2009",37.4725,-122.4433,8.2,59.4666666666667
"2009",37.475,-122.2981,196.3,67.2
"2009",37.4767,-122.2386,9.4,67.5
"2009",37.5019,-121.7355,932.7,69.2666666666667
"2009",37.50193,-120.84566,31.4,76.5666666666667
"2009",37.5042,-119.9869,680,74.5333333333333
"2009",37.5122,-119.6331,1538.3,62.8333333333333
"2009",37.5128,-119.6047,1950.7,66.7333333333333
"2009",37.5147,-122.0325,3,66.4333333333333
"2009",37.5422,-122.0158,11.6,66.7666666666667
"2009",37.5436,-119.8386,1188.7,74.5
"2009",37.5514,-118.6672,2145.8,63.2333333333333
"2009",37.5531,-121.8439,374.9,66.8
"2009",37.59167,-122.47167,144.8,62.1333333333333
"2009",37.61962,-122.36562,3.2,63.5666666666667
"2009",37.62544,-120.95492,26.5,77.4
"2009",37.6478,-118.9617,2378.7,57.9333333333333
"2009",37.65886,-122.12116,9.6,65.4333333333333
"2009",37.6819,-121.3466,41.1,74.75
"2009",37.68194,-121.75139,161.2,71.2666666666667
"2009",37.69309,-121.8149,119.7,70.6
"2009",37.7178,-122.23301,1.5,63.2333333333333
"2009",37.728,-122.5052,2.4,57.15
"2009",37.745,-118.9833,2316.5,56.7333333333333
"2009",37.7592,-119.8208,2017.8,63.4333333333333
"2009",37.7705,-122.4269,45.7,60.7666666666667
"2009",37.79589,-121.58319,18.6,75.0666666666667
"2009",37.7983,-122.2642,9.1,63.7
"2009",37.8172,-121.7789,621.8,72.2333333333333
"2009",37.8233,-120.0975,975.4,73
"2009",37.8331,-120.5,310.9,76.9
"2009",37.8339,-122.0669,536.4,67.4333333333333
"2009",37.8431,-118.4778,1661.2,69.4666666666667
"2009",37.8444,-120.2258,853.4,71.1333333333333
"2009",37.8511,-119.65,2446,56.4666666666667
"2009",37.865,-122.2208,427.6,62.4333333333333
"2009",37.8683,-119.3183,2825.5,50.0333333333333
"2009",37.8744,-122.2605,94.5,64
"2009",37.8792,-121.9303,661.4,68.9333333333333
"2009",37.8817,-121.9142,1173.2,69.1333333333333
"2009",37.88997,-121.22637,8.3,74.5
"2009",37.9442,-122.1178,442,67.0666666666667
"2009",37.95,-121.8844,487.7,70
"2009",37.9567,-119.1194,2071.7,64.5333333333333
"2009",37.9613,-119.783,1179.6,68.8666666666667
"2009",37.9672,-120.3872,510.5,71.7666666666667
"2009",37.9747,-119.9161,1452.4,69.7
"2009",37.9833,-121.7525,18.3,75.55
"2009",37.9906,-122.6447,426.7,68.95
"2009",37.99165,-122.05268,7,71.0666666666667
"2009",37.9983,-122.5372,36.6,66.0666666666667
"2009",37.9994,-121.3177,3.7,70.5
"2009",38.0047,-120.4863,292.6,78.3333333333333
"2009",38.0131,-122.1142,12.2,67.2666666666667
"2009",38.0281,-122.7022,378,63.4333333333333
"2009",38.0394,-122.57,457.2,65.2666666666667
"2009",38.0631,-120.2469,1503.6,71.5666666666667
"2009",38.07,-119.23,2878.8,54.9666666666667
"2009",38.1061,-121.2877,12.2,70.5
"2009",38.2075,-122.28041,4.7,64.7333333333333
"2009",38.2119,-119.0142,2551.2,52.9
"2009",38.2428,-120.515,780,72.6666666666667
"2009",38.2486,-120.8433,200.6,76.2
"2009",38.2575,-119.2286,1972.1,60.1
"2009",38.2577,-122.6077,6.1,64.3
"2009",38.2719,-119.2892,2026.9,63.3
"2009",38.2736,-122.0677,12.2,70.8
"2009",38.2777,-122.2647,10.7,68.4333333333333
"2009",38.28,-119.61,2931.3,52.7
"2009",38.2994,-122.4622,29.6,66.35
"2009",38.3,-119.55,2194,57.2
"2009",38.31,-119.6,2690.5,54.4333333333333
"2009",38.3208,-123.0747,19.2,55.9666666666667
"2009",38.3772,-120.8008,483.4,74.7
"2009",38.37753,-121.95854,31.7,76.8
"2009",38.3858,-122.9661,263.7,63.3666666666667
"2009",38.3894,-120.6511,902.2,75.8333333333333
"2009",38.39556,-121.96083,33.5,76.4333333333333
"2009",38.4,-119.54,2838.6,50.45
"2009",38.4305,-122.8647,61,64.8666666666667
"2009",38.44,-119.37,2814.2,52.8333333333333
"2009",38.45579,-122.71335,50.6,67
"2009",38.4786,-122.7119,175.6,65.3
"2009",38.4883,-120.325,1524,72.3333333333333
"2009",38.4916,-122.1241,146.3,73.6333333333333
"2009",38.492,-122.0039,57,75.5333333333333
"2009",38.50369,-122.81101,36.2,65.6666666666667
"2009",38.50659,-121.49604,5.9,73.7666666666667
"2009",38.5066,-122.4713,68.6,70.5333333333333
"2009",38.51,-119.63,2357.9,54.0333333333333
"2009",38.515,-123.2447,34.1,57.5
"2009",38.5252,-121.9777,41.1,77.4
"2009",38.5349,-121.7761,18.3,73.0666666666667
"2009",38.55,-119.8,2671.6,55.1
"2009",38.5552,-121.4183,11.6,75.1333333333333
"2009",38.5653,-119.4592,1658.1,70.8333333333333
"2009",38.573,-122.4405,522.7,67.5
"2009",38.57682,-122.57811,106.7,68.9666666666667
"2009",38.5908,-120.9336,275.8,74.6333333333333
"2009",38.61,-119.92,2455.8,54.7666666666667
"2009",38.6197,-120.5614,1140,71.3
"2009",38.67,-119.82,1863.9,62.0666666666667
"2009",38.67,-119.61,2532.9,56.2
"2009",38.68,-119.96,2443.6,57.0333333333333
"2009",38.6829,-121.794,20.4,75.6333333333333
"2009",38.6833,-119.7667,1676.7,64.4
"2009",38.69,-119.99,2546,54.2
"2009",38.6955,-120.8244,563.9,73.5333333333333
"2009",38.70069,-121.59479,7.5,73.9666666666667
"2009",38.72,-119.89,2477.7,51.5333333333333
"2009",38.7333,-120.245,1597.2,65.6333333333333
"2009",38.7383,-122.1447,107.9,77.7
"2009",38.7395,-119.518,1613,68.4333333333333
"2009",38.7817,-122.9169,609.6,69.2666666666667
"2009",38.79296,-123.0263,121.9,71.55
"2009",38.8325,-121.0086,365.8,73.5666666666667
"2009",38.84,-119.89,2608.2,55.3333333333333
"2009",38.8489,-120.0181,1923.3,59.4
"2009",38.85,-120.08,2337.8,57.9333333333333
"2009",38.85,-119.94,2370.1,53.0666666666667
"2009",38.8619,-122.4172,670.6,73.2666666666667
"2009",38.8825,-121.2683,61,76.8333333333333
"2009",38.89838,-119.99617,1907,59.4333333333333
"2009",38.9056,-120.6972,1426.5,73
"2009",38.9072,-121.0838,393.8,73.5
"2009",38.9119,-122.7064,659.3,75.1333333333333
"2009",38.92,-119.92,2615.8,52.9
"2009",38.93,-120.05,1900.7,56.4
"2009",38.933,-120.8008,914.7,74.3333333333333
"2009",38.9875,-123.3486,196.3,67.0666666666667
"2009",39,-120.13,2343.6,58.9666666666667
"2009",39.0189,-122.4119,635.5,77.7
"2009",39.0308,-123.0806,817.5,72.0666666666667
"2009",39.0717,-120.4217,1597.2,68.4
"2009",39.0901,-120.947,723.3,72.8333333333333
"2009",39.0914,-120.7317,1327.4,70.9333333333333
"2009",39.10205,-121.56884,18.9,76.0666666666667
"2009",39.1258,-123.0736,975.4,70.6
"2009",39.12781,-123.20015,183.7,71.7333333333333
"2009",39.14,-120.22,2028.4,56
"2009",39.1439,-120.5089,2164.1,66.8
"2009",39.1466,-123.2102,193.9,71.3333333333333
"2009",39.1678,-120.1428,1898.9,59.0333333333333
"2009",39.17,-120.15,2071.7,58.9666666666667
"2009",39.1836,-120.8847,861.4,72.4666666666667
"2009",39.1875,-122.0269,15.2,75.3
"2009",39.19,-120.26,2447.2,56.2333333333333
"2009",39.2041,-121.068,731.5,70.6666666666667
"2009",39.2083,-122.8083,1475.2,72.4
"2009",39.2466,-121.0008,847.6,70.8333333333333
"2009",39.27617,-120.70927,1611.2,67.4
"2009",39.3,-120.18,1983.9,61.4333333333333
"2009",39.3036,-121.1172,599.8,75.8
"2009",39.3167,-120.8375,1316.7,72.4333333333333
"2009",39.3239,-120.2331,1809.6,58.3666666666667
"2009",39.33,-120.37,2089.4,57.9333333333333
"2009",39.3528,-123.6011,180.7,63.8333333333333
"2009",39.3619,-123.1286,310.3,69.7
"2009",39.3669,-122.575,365.8,75.2
"2009",39.3886,-120.0936,1699.3,59.4333333333333
"2009",39.3975,-121.3861,244.8,76.0333333333333
"2009",39.4172,-122.1825,36.6,75.1666666666667
"2009",39.4194,-123.3425,412.4,62.8
"2009",39.425,-122.9772,540.4,72.1
"2009",39.43,-120.31,2545.7,57.8333333333333
"2009",39.45,-120.29,2134.5,56.2
"2009",39.4539,-120.6556,1641.3,68.3
"2009",39.475,-121.2025,1132,71.8666666666667
"2009",39.4833,-120.075,2093.1,60.9333333333333
"2009",39.49,-120.28,1967.8,56.7666666666667
"2009",39.4943,-121.62226,56.9,77.5666666666667
"2009",39.51,-123.75639,37.5,56.2
"2009",39.5177,-121.553,52.1,76.2666666666667
"2009",39.52316,-122.3048,71.3,75.0333333333333
"2009",39.53194,-121.1611,1130.8,65.8333333333333
"2009",39.5619,-120.0478,1821.5,63.4
"2009",39.5633,-120.8238,888.5,68.2666666666667
"2009",39.5861,-122.5341,243.8,75.7
"2009",39.6375,-120.8653,2033,68
"2009",39.6514,-122.7236,1310.6,70.8666666666667
"2009",39.6681,-123.3211,740.1,69.7
"2009",39.7022,-123.485,554.7,69.9666666666667
"2009",39.7119,-121.7789,70.1,76.2
"2009",39.7358,-121.4889,759,75.6666666666667
"2009",39.7458,-122.1997,77.4,76.8333333333333
"2009",39.7538,-121.6241,533.4,75.2666666666667
"2009",39.8053,-120.4719,1478.3,62.3
"2009",39.8056,-120.1858,1508.8,60.8666666666667
"2009",39.8075,-122.945,1652,68.7
"2009",39.8158,-123.2444,430.7,71.4
"2009",39.8333,-123.0833,457.2,73.1666666666667
"2009",39.8644,-122.6097,317,80.5
"2009",39.8716,-121.6108,826,69.25
"2009",39.8717,-121.7689,528.2,78.3333333333333
"2009",39.87778,-123.7275,260,64.95
"2009",39.9278,-122.6569,1131.7,73.8666666666667
"2009",39.9366,-120.9475,1042.4,67.2666666666667
"2009",39.9389,-122.1697,89.6,78.4
"2009",39.9717,-120.0828,1338.1,65.5333333333333
"2009",39.9733,-120.9419,1066.8,68.4333333333333
"2009",40.0017,-120.915,1377.7,70.7333333333333
"2009",40.0222,-120.1056,1292.4,70.2
"2009",40.02611,-123.79306,153.3,67.3666666666667
"2009",40.0686,-121.5825,1466.7,69.3666666666667
"2009",40.1383,-123.8236,135.9,67.9666666666667
"2009",40.1417,-120.3533,1767.8,69.1
"2009",40.15186,-122.25478,108,79.5666666666667
"2009",40.1705,-121.0886,1389.9,64.0666666666667
"2009",40.1867,-123.5903,281.3,69.7666666666667
"2009",40.2461,-120.6422,1737.4,64.7666666666667
"2009",40.2506,-123.3158,832.7,66.4666666666667
"2009",40.2569,-124.2661,899.2,64.6
"2009",40.295,-122.8667,1066.8,72.5
"2009",40.30209,-121.24391,1387.1,64.1333333333333
"2009",40.3067,-120.9,1767.8,65.0666666666667
"2009",40.3375,-123.0656,1378.8,68.4333333333333
"2009",40.3442,-121.7136,1267.7,72.7666666666667
"2009",40.3458,-121.6091,1485.9,59.7333333333333
"2009",40.3983,-122.8333,579.1,76.0333333333333
"2009",40.4167,-120.6631,1283.8,66.9666666666667
"2009",40.4633,-123.5239,845.8,67.3333333333333
"2009",40.4808,-120.1139,1339.6,66.1333333333333
"2009",40.4833,-124.1038,41.5,61.9
"2009",40.505,-123.3417,1219.2,67.9666666666667
"2009",40.51462,-122.29773,152.6,79.5666666666667
"2009",40.5158,-122.2906,152.4,79.5666666666667
"2009",40.54,-121.5803,1725.2,59
"2009",40.5411,-121.5766,1752.6,64.1
"2009",40.55,-123.165,708.1,69.1666666666667
"2009",40.5981,-121.0831,1722.1,58.0333333333333
"2009",40.6116,-122.528,394.7,80.9666666666667
"2009",40.6194,-121.8994,736.7,75.6333333333333
"2009",40.6306,-120.5028,1554.5,67.05
"2009",40.6506,-122.6056,404.2,80.75
"2009",40.6507,-122.6068,432.2,75.9
"2009",40.7141,-122.4161,327.7,78.8666666666667
"2009",40.7219,-123.4953,792.5,70.1666666666667
"2009",40.7263,-122.7947,567.2,71.0333333333333
"2009",40.7308,-120.3164,1614.8,65.1333333333333
"2009",40.7333,-123.2333,457.2,74.1666666666667
"2009",40.73529,-122.9441,627.3,70.0333333333333
"2009",40.7405,-123.2077,381.9,71.5333333333333
"2009",40.7586,-120.8961,1889.8,60.9666666666667
"2009",40.7817,-120.7844,1877,60.8333333333333
"2009",40.7864,-122.8045,1008.3,70.7666666666667
"2009",40.8072,-121.2967,1752.6,65.2666666666667
"2009",40.8097,-124.1602,6.1,57.6333333333333
"2009",40.8802,-121.6547,974.8,65.1333333333333
"2009",40.8892,-123.1422,1432.6,70.4333333333333
"2009",40.9167,-122.4383,1280.2,75.9
"2009",40.9258,-121.5856,1130.8,70.0666666666667
"2009",40.9316,-121.5433,919,65.7333333333333
"2009",40.97844,-124.10479,64.5,55.9333333333333
"2009",41.0064,-121.9833,518.2,74.8333333333333
"2009",41.0478,-123.6714,114.3,71.2666666666667
"2009",41.0519,-120.6861,1554.5,61.9666666666667
"2009",41.0547,-120.3375,1711.5,61.8666666666667
"2009",41.075,-122.3733,731.5,75.4666666666667
"2009",41.0975,-123.6358,1088.1,66.1
"2009",41.1117,-122.6967,1341.1,72.1333333333333
"2009",41.1383,-123.9056,804.7,63.2666666666667
"2009",41.1831,-122.28167,661.1,69.9333333333333
"2009",41.24,-120.79,1886.7,57.1
"2009",41.2694,-123.1875,1815.4,64.6333333333333
"2009",41.2706,-120.29845,1621.2,62.0666666666667
"2009",41.2769,-121.9794,975.4,61.7666666666667
"2009",41.2897,-123.8575,150.9,69.6333333333333
"2009",41.2944,-120.8639,1463,66.5
"2009",41.295,-120.3133,1889.8,61.2333333333333
"2009",41.3003,-123.1322,668.1,72.0333333333333
"2009",41.30206,-123.53851,122.8,72.3333333333333
"2009",41.3075,-122.7958,955.9,70.5
"2009",41.314893,-122.317127,1083,65.7666666666667
"2009",41.3156,-122.3156,0,67.3
"2009",41.32175,-122.31725,1101.2,66.3333333333333
"2009",41.3322,-120.4725,1332.6,65.5666666666667
"2009",41.3378,-122.82484,940.3,65.9
"2009",41.3619,-124.0191,48.8,58.3333333333333
"2009",41.39,-123.4958,280.4,76.4
"2009",41.4272,-121.4639,1602.6,66.5333333333333
"2009",41.4342,-120.8678,1314.3,65.7
"2009",41.4589,-120.3536,1335,64.2666666666667
"2009",41.4789,-122.4539,893.1,70.0333333333333
"2009",41.48362,-120.5615,1335.9,64.0333333333333
"2009",41.53,-120.6714,1530.7,66.2333333333333
"2009",41.5301,-120.1791,1428.9,67.6666666666667
"2009",41.58,-120.3,2142.7,59.3666666666667
"2009",41.5992,-122.9336,1287.8,70.7333333333333
"2009",41.6294,-121.2981,1511.8,66.7666666666667
"2009",41.6431,-121.7939,1502.1,65.7666666666667
"2009",41.6853,-122.5942,914.4,72.8666666666667
"2009",41.70237,-122.64169,826.6,69.8333333333333
"2009",41.7358,-123.7917,1615.4,62
"2009",41.7417,-121.5383,1453.9,67.2
"2009",41.77373,-122.46825,806.1,70.0333333333333
"2009",41.775,-122.9503,1674.3,64.4
"2009",41.78361,-124.23796,17,56.2
"2009",41.7861,-122.0056,1645.9,65.4333333333333
"2009",41.7958,-124.2147,13.1,56.8
"2009",41.8386,-122.85,591.3,71.2333333333333
"2009",41.8458,-123.9792,152.4,68.5
"2009",41.8586,-123.3525,1423.4,69.5666666666667
"2009",41.8715,-120.1574,1444.4,65.1
"2009",41.89,-120.75,1575.8,61.2666666666667
"2009",41.95999,-121.47449,1230.8,64.0333333333333
"2009",41.99,-120.18,2243.3,54.5333333333333
"2009",41.9919,-123.6036,1210.1,66.0666666666667
"2009",41.9992,-121.7003,1249.1,63.3333333333333
"2010",32.56797,-117.11715,7.2,63.4666666666667
"2010",32.57583,-116.99391,158.9,66.2
"2010",32.6058,-116.6089,714.8,69.3
"2010",32.6261,-116.4681,805,68.8
"2010",32.6263,-116.4699,801.6,68.8666666666667
"2010",32.64,-117.0858,17.1,65.8
"2010",32.685,-116.9736,129.5,67.5333333333333
"2010",32.69219,-117.20983,4.4,68.4333333333333
"2010",32.7214,-116.4631,1049.4,69.1666666666667
"2010",32.7336,-117.1831,4.6,65.8666666666667
"2010",32.7397,-114.8839,66.1,93
"2010",32.76536,-117.2315,4.3,64.3666666666667
"2010",32.76654,-115.56638,-9.1,91.3666666666667
"2010",32.8005,-116.928,150.9,72.1333333333333
"2010",32.81453,-117.13747,127.5,67.5333333333333
"2010",32.83241,-115.66377,-14.1,89.9
"2010",32.8336,-116.7392,622.1,73.1666666666667
"2010",32.83464,-115.57656,-16.8,91.1
"2010",32.8358,-116.7774,516.6,69.5333333333333
"2010",32.8488,-115.5666,-19.5,91.85
"2010",32.8569,-116.6222,1060.7,70.0333333333333
"2010",32.86667,-117.13333,145.4,67.9666666666667
"2010",32.8672,-116.4194,1804.4,69.9
"2010",32.8797,-116.4203,1755.6,66.6333333333333
"2010",32.9083,-114.4944,91.4,93.6666666666667
"2010",32.9736,-115.1736,84.7,93.1333333333333
"2010",32.9897,-116.5872,1414.3,67.4
"2010",32.9903,-116.0669,231.6,94.4333333333333
"2010",33.0164,-116.6339,0,70.7
"2010",33.03801,-116.915979,422,69.1333333333333
"2010",33.0736,-116.8458,466.3,70.2333333333333
"2010",33.0758,-116.5908,1292.4,70.7666666666667
"2010",33.0763,-116.5925,1284.7,67.75
"2010",33.12993,-117.27651,95.3,65.7666666666667
"2010",33.1552,-116.1688,118.9,92.7333333333333
"2010",33.2097,-117.395,3,63.1666666666667
"2010",33.21946,-117.34962,9.1,67.2
"2010",33.2222,-116.4975,1345.7,74.7666666666667
"2010",33.2354,-117.2322,131.1,67.7666666666667
"2010",33.2372,-117.0086,452,69.8666666666667
"2010",33.2372,-116.7614,823,67.4
"2010",33.2559,-116.4036,246.9,89.0333333333333
"2010",33.27167,-115.47722,22.9,92.3666666666667
"2010",33.2889,-117.4389,30.5,64.8
"2010",33.3722,-117.3589,279.8,66.9666666666667
"2010",33.378,-116.84,1691.6,70.2
"2010",33.3814,-117.2856,325.5,68.3333333333333
"2010",33.3933,-116.795,838.8,73.2666666666667
"2010",33.40419,-118.41456,477,63.7666666666667
"2010",33.4392,-117.1904,347.5,69.8666666666667
"2010",33.445,-117.4181,707.1,68.8666666666667
"2010",33.4781,-117.4858,366.7,68.6666666666667
"2010",33.4833,-119.0333,53.6,58.7
"2010",33.5286,-117.2306,603.5,68.8
"2010",33.5417,-117.5917,213.4,68.5666666666667
"2010",33.555,-116.673,1194.8,69.8666666666667
"2010",33.5697,-116.073,-55.8,90.5333333333333
"2010",33.6031,-117.8836,3,64.1333333333333
"2010",33.61876,-114.71451,120.4,92.8
"2010",33.63166,-116.16412,-36,88.7
"2010",33.6472,-117.4111,926,74.3333333333333
"2010",33.6617,-115.7206,520,87.7
"2010",33.6667,-116.7667,1499.6,70.9
"2010",33.67975,-117.86746,13,70.4333333333333
"2010",33.686,-117.3458,386.5,77.4666666666667
"2010",33.7044,-115.6289,417.6,86.05
"2010",33.7086,-116.2152,-6.4,93.8
"2010",33.72,-117.723,164.6,70.2333333333333
"2010",33.7381,-116.8939,552,77.2666666666667
"2010",33.7403,-116.8414,594.4,79.3
"2010",33.7442,-117.8667,41.1,71.1333333333333
"2010",33.7572,-116.7066,1639.8,67.1666666666667
"2010",33.7625,-117.4828,342.9,75.2
"2010",33.7965,-116.9753,464.8,76.1333333333333
"2010",33.8016,-118.3419,27.4,66
"2010",33.80807,-115.45138,296.6,91.3666666666667
"2010",33.8081,-117.7111,542.8,70.7666666666667
"2010",33.81177,-118.14718,10.2,69.3
"2010",33.82216,-116.50433,124.7,90.6
"2010",33.8275,-116.5097,129.5,92.7
"2010",33.8647,-117.8425,70.7,72.3333333333333
"2010",33.87154,-117.98561,26.3,70.4333333333333
"2010",33.8744,-117.5492,195.1,74.1333333333333
"2010",33.8767,-117.3089,524.3,72.6333333333333
"2010",33.92353,-118.33291,16.6,67.8333333333333
"2010",33.9306,-116.95,793.7,75.1666666666667
"2010",33.93816,-118.3866,29.7,65.3666666666667
"2010",33.95282,-117.43523,257.7,75.2333333333333
"2010",33.97563,-117.62487,193.9,73.3333333333333
"2010",33.9778,-120.0778,395.6,56.3333333333333
"2010",33.9839,-118.01,289.6,70.9666666666667
"2010",33.9958,-119.7222,76.2,62.4
"2010",34.005,-118.4139,28,66.6
"2010",34.0178,-116.1878,1280.2,76.5333333333333
"2010",34.0191,-118.1052,75,73.9
"2010",34.02099,-118.44712,53.3,65.0666666666667
"2010",34.037,-117.1948,429.8,75.0333333333333
"2010",34.0456,-118.9358,15.2,63.6
"2010",34.05314,-117.57689,281.6,74.3333333333333
"2010",34.0583,-118.6333,480.1,68.6666666666667
"2010",34.0608,-114.7322,249.9,92.7
"2010",34.0678,-118.2417,115.2,71.7666666666667
"2010",34.0697,-118.4427,131.1,66.5666666666667
"2010",34.0816,-117.7658,304.5,74.9
"2010",34.0836,-117.0347,899.2,74.8
"2010",34.0864,-116.5622,958.6,79.6
"2010",34.0869,-118.4794,340.5,67.1666666666667
"2010",34.1206,-115.85,419.4,90.7
"2010",34.1208,-117.9458,152.4,73.6
"2010",34.1233,-116.4078,993.6,79.1666666666667
"2010",34.12407,-119.12281,3.8,61.0333333333333
"2010",34.125,-118.4122,384,71.9
"2010",34.128,-116.0369,602,87.1
"2010",34.1369,-117.7069,501.4,71.1333333333333
"2010",34.1471,-116.2747,781.2,82.2333333333333
"2010",34.1472,-115.1219,281,94.2
"2010",34.1483,-118.1447,263.3,74
"2010",34.16139,-115.80444,387.7,87.9
"2010",34.1819,-118.5744,240.8,75.1
"2010",34.1847,-118.7172,502.9,72.5
"2010",34.1866,-118.348,199.6,70.6
"2010",34.1942,-116.9131,1712.4,66.5
"2010",34.19966,-118.36543,222.7,72.1
"2010",34.20012,-119.20417,11.9,62.2666666666667
"2010",34.2069,-117.7606,792.5,72.3333333333333
"2010",34.21,-118.87,242.3,65
"2010",34.2103,-116.6339,1828.8,73.5666666666667
"2010",34.21142,-119.08762,21.6,65.2
"2010",34.21214,-118.49146,239.2,73.1333333333333
"2010",34.2211,-117.4044,627,73.6
"2010",34.2308,-118.0711,1740.4,71.1
"2010",34.2339,-117.4803,851,73.6
"2010",34.243,-116.917,2058.3,63.7666666666667
"2010",34.2711,-118.1525,914.4,73.2
"2010",34.28964,-114.17137,224.9,94.1333333333333
"2010",34.2911,-118.8144,278.6,67.2
"2010",34.2936,-118.3608,423.7,70.3
"2010",34.3175,-117.5019,1005.8,73.8
"2010",34.3194,-117.0131,2091.2,67
"2010",34.3317,-118.0303,1661.2,71.9666666666667
"2010",34.3591,-116.5378,965.3,81.6666666666667
"2010",34.3617,-118.4217,1219.2,73.1333333333333
"2010",34.3617,-117.6386,1828.8,64.6666666666667
"2010",34.3717,-118.8408,501.4,70.4666666666667
"2010",34.3789,-117.6919,2108.3,68.3666666666667
"2010",34.3903,-118.0825,1530.4,71.5
"2010",34.3906,-116.5169,883.9,83.3
"2010",34.3933,-118.5938,538,73.1
"2010",34.4044,-118.81,187.1,68.3
"2010",34.4141,-119.8796,5.5,60.5
"2010",34.4167,-119.6844,4.9,67.7333333333333
"2010",34.4241,-119.84249,2.5,61.9
"2010",34.425,-118.525,442,73.4
"2010",34.4311,-118.6828,389.5,73.1
"2010",34.4456,-117.8511,1152.1,75.3333333333333
"2010",34.4458,-118.2,792.5,73.7333333333333
"2010",34.4477,-119.2275,227.1,70.0333333333333
"2010",34.4483,-119.2303,233.2,66.65
"2010",34.4614,-119.6481,457.2,68.1
"2010",34.4806,-118.7556,347.5,71.5333333333333
"2010",34.5025,-117.8969,945.2,78.3333333333333
"2010",34.52527,-117.29638,850.1,76.6666666666667
"2010",34.5358,-119.7833,310.9,72.6
"2010",34.5431,-119.1842,1015.3,65.1
"2010",34.5594,-115.7443,200.6,93.7
"2010",34.5686,-118.7403,1255.8,72.7
"2010",34.58223,-119.98159,240.5,68.7333333333333
"2010",34.5883,-118.0938,796.1,80.0666666666667
"2010",34.5891,-117.6302,899.2,76.45
"2010",34.5958,-118.5786,1502.7,73.9333333333333
"2010",34.62944,-118.08309,764.7,79.8333333333333
"2010",34.6344,-117.5503,877.8,79.4
"2010",34.6538,-120.4513,22.9,61.8
"2010",34.6819,-119.3539,1118.6,72.6666666666667
"2010",34.6847,-117.8208,789.4,79.6
"2010",34.705,-118.4297,932.7,78.85
"2010",34.7325,-118.3833,841.2,79.4666666666667
"2010",34.7331,-120.0067,975.4,73.2333333333333
"2010",34.74121,-118.21255,712.6,79.9666666666667
"2010",34.74361,-118.72528,1374.6,70.5333333333333
"2010",34.7586,-120.4861,320,58.8666666666667
"2010",34.76783,-114.61842,270.6,95.1666666666667
"2010",34.8083,-119.0125,1493.5,63.4666666666667
"2010",34.85371,-116.78702,584.8,87.2
"2010",34.8927,-117.0219,676.7,84.3333333333333
"2010",34.89403,-120.45216,74.2,59.7333333333333
"2010",34.9436,-115.5469,1325.9,80.4333333333333
"2010",34.9455,-119.6827,658.4,75.7
"2010",34.988,-120.3211,177.4,64
"2010",34.98833,-117.86472,695.9,80.8333333333333
"2010",35.0531,-116.0794,289.6,92
"2010",35.0964,-119.7728,759,76.7
"2010",35.1011,-118.4222,1286.3,66.9
"2010",35.1231,-115.4114,1649.9,74.3333333333333
"2010",35.1503,-119.43,235.6,79.7
"2010",35.1542,-117.1756,987.6,80.6
"2010",35.1792,-120.3919,319.4,66.1
"2010",35.1889,-120.0833,1149.1,73.5666666666667
"2010",35.23815,-120.64406,55.8,63.3
"2010",35.27611,-116.06278,293.2,91.2666666666667
"2010",35.3056,-120.6619,93.9,62.4
"2010",35.367,-120.8447,36,59.1
"2010",35.3692,-117.6525,1088.1,78.6
"2010",35.37,-117.5683,1103.4,80.7666666666667
"2010",35.3811,-120.1875,496.8,70.2
"2010",35.4028,-119.47,68.6,79.3333333333333
"2010",35.4186,-119.0508,143.3,83.6
"2010",35.43424,-119.05524,149.3,81.0333333333333
"2010",35.45917,-115.53111,1456,76.6666666666667
"2010",35.4783,-117.6989,1338.1,79.3
"2010",35.4867,-119.1458,123.1,77
"2010",35.5317,-118.6303,718.1,77.4333333333333
"2010",35.5892,-119.352,88.7,80.9
"2010",35.6277,-120.6855,222.5,68.8666666666667
"2010",35.6564,-120.9242,303,68.3666666666667
"2010",35.6647,-118.0569,1698.3,74.7666666666667
"2010",35.66936,-120.62918,249.8,71.2333333333333
"2010",35.6841,-121.1683,465.1,62.4333333333333
"2010",35.686254,-117.690911,680,84.4666666666667
"2010",35.7217,-118.4989,960.1,75
"2010",35.7269,-118.7006,957.1,67.8
"2010",35.7636,-117.3908,516.6,87.7
"2010",35.7706,-115.9092,1524,78.9333333333333
"2010",35.8644,-120.8031,163.7,72.0333333333333
"2010",35.8717,-117.9183,1264.9,83.2333333333333
"2010",35.8842,-118.0517,2507.9,62.9333333333333
"2010",35.8889,-118.6333,1133.9,72.6666666666667
"2010",35.8922,-118.915,64,76.8666666666667
"2010",35.8989,-120.4319,467.9,71.8333333333333
"2010",35.97167,-116.27083,471.2,88.8333333333333
"2010",35.9717,-118.545,1432.6,65.5
"2010",36.0067,-119.96,73.2,79.7333333333333
"2010",36.0117,-121.2417,335.3,71.3
"2010",36.0333,-120.0569,246.9,80.9333333333333
"2010",36.0931,-118.2603,2499.4,60.1
"2010",36.0975,-119.5817,61,78.7666666666667
"2010",36.1203,-117.0878,2097,71.8666666666667
"2010",36.1356,-120.3606,204.2,79.85
"2010",36.1388,-117.9527,1165.9,82.2666666666667
"2010",36.1753,-118.7017,987.6,77.0666666666667
"2010",36.18833,-120.69528,701,71.8333333333333
"2010",36.2032,-119.0545,132.6,77.4333333333333
"2010",36.2069,-121.1377,97.5,67.3
"2010",36.23,-121.4917,298.7,69.2666666666667
"2010",36.2314,-118.8689,586.1,79.9333333333333
"2010",36.2356,-121.785,137.2,61.4
"2010",36.2472,-121.7802,61,60.3
"2010",36.3114,-119.62319,76,77.6333333333333
"2010",36.3158,-119.637,72.2,77.8
"2010",36.32833,-119.2997,92.4,78.2333333333333
"2010",36.33333,-119.95,70.7,77.3333333333333
"2010",36.3478,-120.5978,1524,70.1333333333333
"2010",36.3642,-120.1561,86.9,78.5
"2010",36.3817,-119.0264,156.4,78.6333333333333
"2010",36.3825,-120.8558,1137.8,72.6
"2010",36.3886,-121.5517,574.5,64.9333333333333
"2010",36.4069,-118.4217,2621.3,62
"2010",36.4108,-118.8092,1966,65.6666666666667
"2010",36.445,-118.7033,1597.2,71.5333333333333
"2010",36.46263,-116.8672,-59.1,101.233333333333
"2010",36.465,-118.8619,347.5,72.8
"2010",36.4708,-121.1472,402.9,71.7333333333333
"2010",36.4805,-121.7244,146.3,61.9
"2010",36.4819,-121.1822,398.4,69.65
"2010",36.4914,-118.8253,520.6,77.4666666666667
"2010",36.5625,-117.4736,2097,67.5
"2010",36.5672,-118.9556,1240.2,74.1333333333333
"2010",36.59041,-121.84881,48.8,59.1
"2010",36.5927,-121.8555,37.2,58.55
"2010",36.602,-117.1449,25.6,99.1
"2010",36.6044,-118.7325,2052.8,57.5333333333333
"2010",36.6269,-121.7864,149.4,57.0666666666667
"2010",36.6594,-121.6663,13.7,60.6666666666667
"2010",36.66352,-121.60928,22.3,61.3666666666667
"2010",36.6853,-119,1237.5,72.7666666666667
"2010",36.715,-121.34917,275.8,65.1
"2010",36.7242,-118.9425,2298.2,64.3
"2010",36.7267,-118.675,2475,62.4
"2010",36.7269,-120.7658,619.4,77.3666666666667
"2010",36.73751,-118.96197,2005.6,57.1
"2010",36.7672,-119.7092,103,80.5
"2010",36.77999,-119.72016,101.9,80.1666666666667
"2010",36.7878,-118.6561,1438.7,66.4
"2010",36.798,-118.2036,1204,81.4
"2010",36.8422,-121.3622,123.1,64.3333333333333
"2010",36.8425,-118.2594,1479.8,79
"2010",36.8483,-121.4213,83.8,63.8
"2010",36.8839,-119.4658,280.4,81.4333333333333
"2010",36.9111,-119.305,469.4,78.7666666666667
"2010",36.9308,-121.7691,29,60.8666666666667
"2010",36.93936,-121.79001,49.5,61.2666666666667
"2010",36.9539,-120.0378,82.3,78.65
"2010",36.9614,-119.175,1538.6,72.0666666666667
"2010",36.98505,-120.11068,76.6,76.0333333333333
"2010",36.98785,-121.99952,21.3,62.3666666666667
"2010",36.9911,-121.7978,137.2,62.4
"2010",36.99574,-119.70691,131.1,76.8666666666667
"2010",37.003,-121.5608,59.1,69
"2010",37.0153,-119.5678,366.1,74.1333333333333
"2010",37.0544,-119.3711,1249.7,72.85
"2010",37.0547,-121.0531,106.7,75
"2010",37.0563,-120.8666,36.6,77.0333333333333
"2010",37.0664,-119.0394,1727.6,59.4666666666667
"2010",37.08689,-122.08221,132.6,65
"2010",37.0919,-119.5128,637,77.4333333333333
"2010",37.1317,-122.17,801.6,67.4
"2010",37.135,-119.2561,1751.4,60.7333333333333
"2010",37.1822,-120.7939,19.8,74.0666666666667
"2010",37.2028,-121.9428,609.6,68.5666666666667
"2010",37.2319,-121.9592,111.3,67.5
"2010",37.2319,-119.5083,963.2,76.0666666666667
"2010",37.2331,-119.5047,829.1,76
"2010",37.2381,-120.8825,23.8,71.3
"2010",37.2811,-121.0177,27.4,75.8
"2010",37.28597,-120.51788,46.5,75.0666666666667
"2010",37.2888,-120.5158,46.9,76.65
"2010",37.3053,-122.255,265.8,61.0333333333333
"2010",37.3133,-122.185,691.9,65.9
"2010",37.3147,-119.0383,2256.4,62.2
"2010",37.3292,-121.2939,563.9,74.4
"2010",37.34336,-121.63473,1286.3,67.9
"2010",37.3581,-122.1472,196.6,66.5666666666667
"2010",37.35938,-121.92444,15,67.6333333333333
"2010",37.37114,-118.35886,1252.8,75.3666666666667
"2010",37.3761,-119.1783,2748.7,56.4666666666667
"2010",37.39,-118.5506,1414.3,78.0333333333333
"2010",37.4058,-122.0481,11.9,65.8
"2010",37.4094,-119.7681,937.9,78.1333333333333
"2010",37.4286,-122.2561,115.8,68.3666666666667
"2010",37.4431,-121.7706,629.7,67.0333333333333
"2010",37.4436,-122.1402,7.6,65.3333333333333
"2010",37.4681,-120.1106,365.8,78.7666666666667
"2010",37.4725,-122.4433,8.2,58.1666666666667
"2010",37.475,-122.2981,196.3,65.6333333333333
"2010",37.4767,-122.2386,9.4,65.7666666666667
"2010",37.5019,-121.7355,932.7,68.5333333333333
"2010",37.50193,-120.84566,31.4,74.7666666666667
"2010",37.5042,-119.9869,680,73.8333333333333
"2010",37.5122,-119.6331,1538.3,62.3
"2010",37.5128,-119.6047,1950.7,66.9333333333333
"2010",37.5147,-122.0325,3,65.1666666666667
"2010",37.5422,-122.0158,11.6,65.2
"2010",37.5436,-119.8386,1188.7,74.0666666666667
"2010",37.5514,-118.6672,2145.8,64.5333333333333
"2010",37.5531,-121.8439,374.9,64.6333333333333
"2010",37.5625,-122.4364,327.7,57.4
"2010",37.59167,-122.47167,144.8,56.4
"2010",37.61962,-122.36562,3.2,62.9666666666667
"2010",37.62544,-120.95492,26.5,75.7
"2010",37.6478,-118.9617,2378.7,58.9333333333333
"2010",37.65886,-122.12116,9.6,64.4333333333333
"2010",37.6819,-121.3466,41.1,72.75
"2010",37.68194,-121.75139,161.2,70.0333333333333
"2010",37.69309,-121.8149,119.7,69.1666666666667
"2010",37.7178,-122.23301,1.5,63.6
"2010",37.728,-122.5052,2.4,54.7
"2010",37.745,-118.9833,2316.5,58.5333333333333
"2010",37.75027,-119.58972,1224.7,69.7
"2010",37.7592,-119.8208,2017.8,63.3333333333333
"2010",37.7617,-119.8247,2025.1,64.2333333333333
"2010",37.7705,-122.4269,45.7,59
"2010",37.7861,-122.1447,333.8,60.6
"2010",37.79589,-121.58319,18.6,74.5
"2010",37.7983,-122.2642,9.1,62.3
"2010",37.8172,-121.7789,621.8,70.6
"2010",37.8233,-120.0975,975.4,69.2666666666667
"2010",37.8331,-120.5,310.9,76.0666666666667
"2010",37.8339,-122.0669,536.4,65
"2010",37.8431,-118.4778,1661.2,70.6666666666667
"2010",37.8444,-120.2258,853.4,69.7666666666667
"2010",37.8511,-119.65,2446,56.9666666666667
"2010",37.865,-122.2208,427.6,59.3666666666667
"2010",37.8683,-119.3183,2825.5,50.5
"2010",37.8744,-122.2605,94.5,61.7666666666667
"2010",37.8792,-121.9303,661.4,67.3
"2010",37.8817,-121.9142,1173.2,62.1
"2010",37.88997,-121.22637,8.3,73.4
"2010",37.9191,-122.3772,6.1,61.3
"2010",37.9442,-122.1178,442,64.9333333333333
"2010",37.95,-121.8844,487.7,68
"2010",37.9567,-119.1194,2071.7,66
"2010",37.9613,-119.783,1179.6,68.6666666666667
"2010",37.9672,-120.3872,510.5,70.6666666666667
"2010",37.9747,-119.9161,1452.4,69.5
"2010",37.9833,-122.0692,12.2,70.2
"2010",37.9833,-121.7525,18.3,72.85
"2010",37.9906,-122.6447,426.7,65.7666666666667
"2010",37.99165,-122.05268,7,69.8333333333333
"2010",37.9983,-122.5372,36.6,64.5
"2010",38.0047,-120.4863,292.6,77.5
"2010",38.0131,-122.1142,12.2,68.2666666666667
"2010",38.0281,-122.7022,378,61.7666666666667
"2010",38.0394,-122.57,457.2,63.6333333333333
"2010",38.0631,-120.2469,1503.6,70.7333333333333
"2010",38.07,-119.23,2878.8,55.7
"2010",38.1061,-121.2877,12.2,72.75
"2010",38.2075,-122.28041,4.7,63.5666666666667
"2010",38.2119,-119.0142,2551.2,53.9333333333333
"2010",38.2428,-120.515,780,71.6333333333333
"2010",38.2486,-120.8433,200.6,74.6333333333333
"2010",38.2575,-119.2286,1972.1,60.9666666666667
"2010",38.2577,-122.6077,6.1,64.3
"2010",38.2719,-119.2892,2026.9,64.4333333333333
"2010",38.2736,-122.0677,12.2,69.5666666666667
"2010",38.2769,-120.3113,1431,65.75
"2010",38.2777,-122.2647,10.7,66.9
"2010",38.28,-119.61,2931.3,52.7
"2010",38.3,-119.55,2194,57.8
"2010",38.31,-119.6,2690.5,54.8
"2010",38.3208,-123.0747,19.2,54.7666666666667
"2010",38.3772,-120.8008,483.4,74.1
"2010",38.37753,-121.95854,31.7,74.1666666666667
"2010",38.3894,-120.6511,902.2,74.7
"2010",38.4,-119.54,2838.6,54.0666666666667
"2010",38.4305,-122.8647,61,64.2333333333333
"2010",38.44,-119.37,2814.2,53.2
"2010",38.45579,-122.71335,50.6,64.4
"2010",38.4786,-122.7119,175.6,64.3666666666667
"2010",38.4883,-120.325,1524,71.0666666666667
"2010",38.4916,-122.1241,146.3,72.9333333333333
"2010",38.492,-122.0039,57,73.8333333333333
"2010",38.50369,-122.81101,36.2,66
"2010",38.50659,-121.49604,5.9,72.8
"2010",38.5066,-122.4713,68.6,69.2666666666667
"2010",38.51,-119.63,2357.9,54.3333333333333
"2010",38.5252,-121.9777,41.1,75.3333333333333
"2010",38.5349,-121.7761,18.3,72.1666666666667
"2010",38.55,-119.8,2671.6,54.7666666666667
"2010",38.5552,-121.4183,11.6,74.1666666666667
"2010",38.5653,-119.4592,1658.1,72.6666666666667
"2010",38.573,-122.4405,522.7,65.8
"2010",38.57682,-122.57811,106.7,66.3
"2010",38.5908,-120.9336,275.8,73.7666666666667
"2010",38.61,-119.92,2455.8,53.6666666666667
"2010",38.6197,-120.5614,1140,65.2
"2010",38.62935,-122.86646,53.9,69.4333333333333
"2010",38.67,-119.82,1863.9,62.1
"2010",38.67,-119.61,2532.9,56.7666666666667
"2010",38.68,-119.96,2443.6,56.7
"2010",38.6829,-121.794,20.4,74.8
"2010",38.6833,-119.7667,1676.7,65.0333333333333
"2010",38.69,-119.99,2546,53.8
"2010",38.6955,-120.8244,563.9,73.5333333333333
"2010",38.70069,-121.59479,7.5,73.2666666666667
"2010",38.72,-119.89,2477.7,51.4666666666667
"2010",38.7333,-120.245,1597.2,62.6
"2010",38.7383,-122.1447,107.9,76.6333333333333
"2010",38.7395,-119.518,1613,68.8
"2010",38.7817,-122.9169,609.6,67.3666666666667
"2010",38.79296,-123.0263,121.9,72.05
"2010",38.8325,-121.0086,365.8,72.8333333333333
"2010",38.84,-119.89,2608.2,55.2
"2010",38.8489,-120.0181,1923.3,59.0666666666667
"2010",38.85,-120.08,2337.8,57.6666666666667
"2010",38.85,-119.94,2370.1,52.8666666666667
"2010",38.8619,-122.4172,670.6,72.3
"2010",38.8825,-121.2683,61,76
"2010",38.89838,-119.99617,1907,60.1666666666667
"2010",38.9056,-120.6972,1426.5,71.5333333333333
"2010",38.9072,-121.0838,393.8,73.8333333333333
"2010",38.9119,-122.7064,659.3,73.8
"2010",38.92,-119.92,2615.8,52.7666666666667
"2010",38.93,-120.05,1900.7,56.7666666666667
"2010",38.933,-120.8008,914.7,73.7
"2010",38.9875,-123.3486,196.3,65.5666666666667
"2010",39,-120.13,2343.6,58.4
"2010",39.0189,-122.4119,635.5,76.4333333333333
"2010",39.0308,-123.0806,817.5,70.7333333333333
"2010",39.0717,-120.4217,1597.2,66.9333333333333
"2010",39.0901,-120.947,723.3,74.0333333333333
"2010",39.0914,-120.7317,1327.4,69.7666666666667
"2010",39.10205,-121.56884,18.9,75.1333333333333
"2010",39.1258,-123.0736,975.4,69.9666666666667
"2010",39.12781,-123.20015,183.7,70.8333333333333
"2010",39.14,-120.22,2028.4,55.3333333333333
"2010",39.1439,-120.5089,2164.1,54.8
"2010",39.1466,-123.2102,193.9,71.5
"2010",39.1678,-120.1428,1898.9,59.0666666666667
"2010",39.17,-120.15,2071.7,58.4333333333333
"2010",39.1836,-120.8847,861.4,71.0333333333333
"2010",39.1875,-122.0269,15.2,73.7
"2010",39.19,-120.26,2447.2,55.7
"2010",39.2041,-121.068,731.5,69.5333333333333
"2010",39.2083,-122.8083,1475.2,67.7
"2010",39.2466,-121.0008,847.6,69.6666666666667
"2010",39.27617,-120.70927,1611.2,66.0333333333333
"2010",39.3,-120.18,1983.9,60.7333333333333
"2010",39.3036,-121.1172,599.8,75
"2010",39.3167,-120.8375,1316.7,71.1
"2010",39.318,-120.145,1798.3,57.7
"2010",39.33,-120.37,2089.4,56.8333333333333
"2010",39.3528,-123.6011,180.7,62.7333333333333
"2010",39.3619,-123.1286,310.3,71
"2010",39.3669,-122.575,365.8,77.4
"2010",39.3886,-120.0936,1699.3,58.3333333333333
"2010",39.3975,-121.3861,244.8,75.3333333333333
"2010",39.4172,-122.1825,36.6,75.2333333333333
"2010",39.4194,-123.3425,412.4,62.6
"2010",39.425,-122.9772,540.4,71.55
"2010",39.43,-120.31,2545.7,56.5
"2010",39.45,-120.29,2134.5,55.1333333333333
"2010",39.475,-121.2025,1132,70.9333333333333
"2010",39.4833,-120.075,2093.1,60.4
"2010",39.49,-120.28,1967.8,56.1
"2010",39.4943,-121.62226,56.9,76.8333333333333
"2010",39.51,-123.75639,37.5,55.2
"2010",39.5177,-121.553,52.1,73.8333333333333
"2010",39.52316,-122.3048,71.3,75.5
"2010",39.53194,-121.1611,1130.8,64.8666666666667
"2010",39.5619,-120.0478,1821.5,62.6
"2010",39.5633,-120.8238,888.5,67.0666666666667
"2010",39.5861,-122.5341,243.8,75.2333333333333
"2010",39.6375,-120.8653,2033,63.4
"2010",39.6514,-122.7236,1310.6,69.6333333333333
"2010",39.6681,-123.3211,740.1,68.0666666666667
"2010",39.7022,-123.485,554.7,69.2666666666667
"2010",39.7119,-121.7789,70.1,75.8666666666667
"2010",39.7358,-121.4889,759,74.5333333333333
"2010",39.7458,-122.1997,77.4,75.9666666666667
"2010",39.7538,-121.6241,533.4,75.6666666666667
"2010",39.8053,-120.4719,1478.3,61.6333333333333
"2010",39.8056,-120.1858,1508.8,62.4
"2010",39.8075,-122.945,1652,69.25
"2010",39.8158,-123.2444,430.7,68.4666666666667
"2010",39.8333,-123.0833,457.2,72.4666666666667
"2010",39.8644,-122.6097,317,80.5
"2010",39.8716,-121.6108,826,70.9
"2010",39.8717,-121.7689,528.2,77.2666666666667
"2010",39.87778,-123.7275,260,62
"2010",39.9278,-122.6569,1131.7,72.9666666666667
"2010",39.9366,-120.9475,1042.4,65.9666666666667
"2010",39.9389,-122.1697,89.6,77.7666666666667
"2010",39.9717,-120.0828,1338.1,65.6
"2010",39.9733,-120.9419,1066.8,68.2333333333333
"2010",40.0017,-120.915,1377.7,70.2333333333333
"2010",40.0222,-120.1056,1292.4,69.9333333333333
"2010",40.02611,-123.79306,153.3,65.7333333333333
"2010",40.0686,-121.5825,1466.7,68.1666666666667
"2010",40.1383,-123.8236,135.9,66.7333333333333
"2010",40.1417,-120.3533,1767.8,68.6666666666667
"2010",40.15186,-122.25478,108,78.9666666666667
"2010",40.1705,-121.0886,1389.9,64
"2010",40.1867,-123.5903,281.3,67.9666666666667
"2010",40.2461,-120.6422,1737.4,63.6666666666667
"2010",40.2506,-123.3158,832.7,66.3333333333333
"2010",40.2569,-124.2661,899.2,62.5333333333333
"2010",40.295,-122.8667,1066.8,71
"2010",40.30209,-121.24391,1387.1,63.9666666666667
"2010",40.3067,-120.9,1767.8,64.0333333333333
"2010",40.3375,-123.0656,1378.8,67.5666666666667
"2010",40.3442,-121.7136,1267.7,72.0333333333333
"2010",40.3983,-122.8333,579.1,75.0666666666667
"2010",40.4167,-120.6631,1283.8,67
"2010",40.4633,-123.5239,845.8,65.8333333333333
"2010",40.4808,-120.1139,1339.6,66.0666666666667
"2010",40.4833,-124.1038,41.5,60.5333333333333
"2010",40.505,-123.3417,1219.2,66.9
"2010",40.51462,-122.29773,152.6,79.2666666666667
"2010",40.5158,-122.2906,152.4,79.2
"2010",40.54,-121.5803,1725.2,59.5666666666667
"2010",40.55,-123.165,708.1,68.5666666666667
"2010",40.5981,-121.0831,1722.1,58.1
"2010",40.6116,-122.528,394.7,76.8666666666667
"2010",40.6194,-121.8994,736.7,74.2
"2010",40.6306,-120.5028,1554.5,64.4
"2010",40.6507,-122.6068,432.2,75.0333333333333
"2010",40.7141,-122.4161,327.7,78.4333333333333
"2010",40.7219,-123.4953,792.5,69.0666666666667
"2010",40.7263,-122.7947,567.2,70.3333333333333
"2010",40.7308,-120.3164,1614.8,65.2333333333333
"2010",40.7333,-123.2333,457.2,73.3666666666667
"2010",40.73529,-122.9441,627.3,69.4666666666667
"2010",40.7405,-123.2077,381.9,64.7
"2010",40.7586,-120.8961,1889.8,60.8666666666667
"2010",40.7817,-120.7844,1877,60.9
"2010",40.7864,-122.8045,1008.3,69.9333333333333
"2010",40.8072,-121.2967,1752.6,64.5333333333333
"2010",40.8097,-124.1602,6.1,55.9666666666667
"2010",40.8802,-121.6547,974.8,65.4
"2010",40.8892,-123.1422,1432.6,69.1666666666667
"2010",40.9167,-122.4383,1280.2,73.3
"2010",40.9258,-121.5856,1130.8,69.6666666666667
"2010",40.9316,-121.5433,919,64.8333333333333
"2010",40.97844,-124.10479,64.5,54.8666666666667
"2010",41.0064,-121.9833,518.2,74.1666666666667
"2010",41.0478,-123.6714,114.3,70
"2010",41.0519,-120.6861,1554.5,62
"2010",41.0547,-120.3375,1711.5,61.0666666666667
"2010",41.075,-122.3733,731.5,74.2666666666667
"2010",41.0975,-123.6358,1088.1,65.1333333333333
"2010",41.1117,-122.6967,1341.1,71.6
"2010",41.1383,-123.9056,804.7,61.9666666666667
"2010",41.1831,-122.28167,661.1,69.0333333333333
"2010",41.24,-120.79,1886.7,55.7333333333333
"2010",41.2694,-123.1875,1815.4,63.0333333333333
"2010",41.2706,-120.29845,1621.2,59
"2010",41.2769,-121.9794,975.4,61.5
"2010",41.2897,-123.8575,150.9,67.3666666666667
"2010",41.2944,-120.8639,1463,65.4333333333333
"2010",41.295,-120.3133,1889.8,60.5
"2010",41.3003,-123.1322,668.1,71.3
"2010",41.30206,-123.53851,122.8,71.3666666666667
"2010",41.3075,-122.7958,955.9,69.6666666666667
"2010",41.314893,-122.317127,1083,65.7666666666667
"2010",41.3156,-122.3156,0,66.6666666666667
"2010",41.3322,-120.4725,1332.6,64.9666666666667
"2010",41.3378,-122.82484,940.3,65.2666666666667
"2010",41.3619,-124.0191,48.8,58
"2010",41.39,-123.4958,280.4,73.7
"2010",41.4272,-121.4639,1602.6,65.4
"2010",41.4342,-120.8678,1314.3,60
"2010",41.4589,-120.3536,1335,64.2333333333333
"2010",41.4789,-122.4539,893.1,69.4666666666667
"2010",41.48362,-120.5615,1335.9,63.4
"2010",41.53,-120.6714,1530.7,64.9666666666667
"2010",41.5301,-120.1791,1428.9,68.3333333333333
"2010",41.58,-120.3,2142.7,58.2666666666667
"2010",41.5992,-122.9336,1287.8,69.1666666666667
"2010",41.6294,-121.2981,1511.8,65.3
"2010",41.6431,-121.7939,1502.1,64.5666666666667
"2010",41.6853,-122.5942,914.4,71.7666666666667
"2010",41.70237,-122.64169,826.6,69.1666666666667
"2010",41.71171,-121.5067,1455.4,62.1
"2010",41.7358,-123.7917,1615.4,60.6333333333333
"2010",41.7417,-121.5383,1453.9,65.8333333333333
"2010",41.77373,-122.46825,806.1,69.3
"2010",41.775,-122.9503,1674.3,63.1
"2010",41.78361,-124.23796,17,55.3
"2010",41.7861,-122.0056,1645.9,64.1
"2010",41.7958,-124.2147,13.1,56.2
"2010",41.8386,-122.85,591.3,70
"2010",41.8458,-123.9792,152.4,66.8333333333333
"2010",41.8586,-123.3525,1423.4,67.9666666666667
"2010",41.8715,-120.1574,1444.4,65.2
"2010",41.89,-120.75,1575.8,59.9333333333333
"2010",41.95999,-121.47449,1230.8,62.3
"2010",41.99,-120.18,2243.3,52.9333333333333
"2010",41.9919,-123.6036,1210.1,64.6
"2010",41.9992,-121.7003,1249.1,61.8333333333333
"2011",32.56797,-117.11715,7.2,65.1666666666667
"2011",32.57583,-116.99391,158.9,67.2333333333333
"2011",32.6058,-116.6089,714.8,70.1333333333333
"2011",32.6261,-116.4681,805,68.6333333333333
"2011",32.6263,-116.4699,801.6,69.6
"2011",32.64,-117.0858,17.1,67.5
"2011",32.685,-116.9736,129.5,68.3666666666667
"2011",32.69219,-117.20983,4.4,70.0333333333333
"2011",32.7214,-116.4631,1049.4,73.6
"2011",32.7336,-117.1831,4.6,68.1666666666667
"2011",32.7397,-114.8839,66.1,92.9333333333333
"2011",32.76536,-117.2315,4.3,65.6
"2011",32.76654,-115.56638,-9.1,91.3666666666667
"2011",32.8005,-116.928,150.9,72.3333333333333
"2011",32.81453,-117.13747,127.5,68.3666666666667
"2011",32.83241,-115.66377,-14.1,90
"2011",32.8336,-116.7392,622.1,74.2333333333333
"2011",32.83464,-115.57656,-16.8,90.9666666666667
"2011",32.8358,-116.7774,516.6,70.7666666666667
"2011",32.8488,-115.5666,-19.5,89.5
"2011",32.8569,-116.6222,1060.7,69.9
"2011",32.86667,-117.13333,145.4,68.7
"2011",32.8672,-116.4194,1804.4,71.3
"2011",32.8797,-116.4203,1755.6,65.9666666666667
"2011",32.9083,-114.4944,91.4,94.2
"2011",32.9736,-115.1736,84.7,93.7666666666667
"2011",32.9897,-116.5872,1414.3,66.8
"2011",32.9903,-116.0669,231.6,94.4
"2011",33.0164,-116.6339,0,69.1
"2011",33.01953,-117.03096,197.5,70.6333333333333
"2011",33.0216,-117.0813,210.3,68.8666666666667
"2011",33.03801,-116.915979,422,69.6
"2011",33.0736,-116.8458,466.3,73.9
"2011",33.0758,-116.5908,1292.4,70.3333333333333
"2011",33.0763,-116.5925,1284.7,70.5333333333333
"2011",33.121,-117.09,182.9,72.4666666666667
"2011",33.12993,-117.27651,95.3,68.6666666666667
"2011",33.1552,-116.1688,118.9,92.3
"2011",33.2097,-117.395,3,64.4333333333333
"2011",33.21946,-117.34962,9.1,66.7
"2011",33.2222,-116.4975,1345.7,74.6333333333333
"2011",33.2354,-117.2322,131.1,69.8
"2011",33.2372,-117.0086,452,70.8333333333333
"2011",33.2372,-116.7614,823,67.6333333333333
"2011",33.2559,-116.4036,246.9,89.0666666666667
"2011",33.378,-116.84,1691.6,70.4666666666667
"2011",33.3814,-117.2856,325.5,64.7
"2011",33.3933,-116.795,838.8,74.1
"2011",33.40419,-118.41456,477,65.9
"2011",33.4392,-117.1904,347.5,70.7
"2011",33.445,-117.4181,707.1,67.3
"2011",33.4781,-117.4858,366.7,64.3
"2011",33.4833,-119.0333,53.6,61.3
"2011",33.5286,-117.2306,603.5,70.4333333333333
"2011",33.5417,-117.5917,213.4,69.3333333333333
"2011",33.555,-116.673,1194.8,69.2666666666667
"2011",33.5697,-116.073,-55.8,89.25
"2011",33.6031,-117.8836,3,65.7666666666667
"2011",33.61876,-114.71451,120.4,93.0666666666667
"2011",33.63166,-116.16412,-36,89.1333333333333
"2011",33.6472,-117.4111,926,75.3
"2011",33.6617,-115.7206,520,84.8
"2011",33.6667,-116.7667,1499.6,70.7666666666667
"2011",33.67975,-117.86746,13,69.9333333333333
"2011",33.686,-117.3458,386.5,77.7333333333333
"2011",33.7044,-115.6289,417.6,87.2
"2011",33.7086,-116.2152,-6.4,90.1333333333333
"2011",33.72,-117.723,164.6,71.3333333333333
"2011",33.7381,-116.8939,552,76.5666666666667
"2011",33.7403,-116.8414,594.4,76.8
"2011",33.7442,-117.8667,41.1,72.2333333333333
"2011",33.7572,-116.7066,1639.8,70.65
"2011",33.7625,-117.4828,342.9,75.3666666666667
"2011",33.7965,-116.9753,464.8,76.7
"2011",33.8016,-118.3419,27.4,66.25
"2011",33.80807,-115.45138,296.6,91
"2011",33.8081,-117.7111,542.8,71.9
"2011",33.81177,-118.14718,10.2,70.3333333333333
"2011",33.82216,-116.50433,124.7,90.0333333333333
"2011",33.8275,-116.5097,129.5,93.6
"2011",33.8647,-117.8425,70.7,72.9666666666667
"2011",33.87154,-117.98561,26.3,72
"2011",33.8744,-117.5492,195.1,74.5666666666667
"2011",33.8767,-117.3089,524.3,73.4333333333333
"2011",33.92353,-118.33291,16.6,68.5
"2011",33.9306,-116.95,793.7,75.6666666666667
"2011",33.93816,-118.3866,29.7,66.5666666666667
"2011",33.95282,-117.43523,257.7,75.9
"2011",33.97563,-117.62487,193.9,74.4
"2011",33.9778,-120.0778,395.6,56.9
"2011",33.9839,-118.01,289.6,72.9666666666667
"2011",33.9958,-119.7222,76.2,64.9333333333333
"2011",34.0178,-116.1878,1280.2,76
"2011",34.02099,-118.44712,53.3,66.2333333333333
"2011",34.037,-117.1948,429.8,76.7333333333333
"2011",34.0456,-118.9358,15.2,63.2333333333333
"2011",34.05314,-117.57689,281.6,74.7
"2011",34.0583,-118.6333,480.1,69.5666666666667
"2011",34.0608,-114.7322,249.9,92.8666666666667
"2011",34.0678,-118.2417,115.2,70.3666666666667
"2011",34.0697,-118.4427,131.1,67.4333333333333
"2011",34.0816,-117.7658,304.5,74.1
"2011",34.0836,-117.0347,899.2,74.9333333333333
"2011",34.0864,-116.5622,958.6,79.0333333333333
"2011",34.0869,-118.4794,340.5,67.0666666666667
"2011",34.1206,-115.85,419.4,89.3
"2011",34.1208,-117.9458,152.4,74.2333333333333
"2011",34.1233,-116.4078,993.6,78.1
"2011",34.12407,-119.12281,3.8,61.9666666666667
"2011",34.125,-118.4122,384,73.5333333333333
"2011",34.128,-116.0369,602,86.3333333333333
"2011",34.1294,-116.3879,990.3,78.5333333333333
"2011",34.1369,-117.7069,501.4,72.1333333333333
"2011",34.1471,-116.2747,781.2,82.2333333333333
"2011",34.1472,-115.1219,281,91.7
"2011",34.1483,-118.1447,263.3,74.3
"2011",34.1553,-117.9078,226.8,76.6333333333333
"2011",34.16139,-115.80444,387.7,85.15
"2011",34.1847,-118.7172,502.9,73.0666666666667
"2011",34.1866,-118.348,199.6,71.1
"2011",34.1942,-116.9131,1712.4,65.7333333333333
"2011",34.19966,-118.36543,222.7,72.5333333333333
"2011",34.20012,-119.20417,11.9,65.1666666666667
"2011",34.2066,-119.1375,15.8,64.9
"2011",34.2069,-117.7606,792.5,72.4666666666667
"2011",34.21,-118.87,242.3,65.9666666666667
"2011",34.2103,-116.6339,1828.8,72.8
"2011",34.21142,-119.08762,21.6,67.2
"2011",34.21214,-118.49146,239.2,72.8666666666667
"2011",34.2182,-116.4073,1050,79.1666666666667
"2011",34.2211,-117.4044,627,73.9
"2011",34.2308,-118.0711,1740.4,67.55
"2011",34.2339,-117.4803,851,72.0666666666667
"2011",34.243,-116.917,2058.3,62.8
"2011",34.2661,-116.8989,2103.1,60.0333333333333
"2011",34.2711,-118.1525,914.4,72.7666666666667
"2011",34.28964,-114.17137,224.9,94.4666666666667
"2011",34.2911,-118.8144,278.6,67.2666666666667
"2011",34.2936,-118.3608,423.7,70.7333333333333
"2011",34.3175,-117.5019,1005.8,72.8666666666667
"2011",34.3194,-117.0131,2091.2,64.8333333333333
"2011",34.3317,-118.0303,1661.2,70.6333333333333
"2011",34.3591,-116.5378,965.3,80.9
"2011",34.3617,-118.4217,1219.2,71.9
"2011",34.3617,-117.6386,1828.8,65.25
"2011",34.3717,-118.8408,501.4,70.5
"2011",34.3789,-117.6919,2108.3,67.3
"2011",34.3903,-118.0825,1530.4,69.8666666666667
"2011",34.3906,-116.5169,883.9,82.5333333333333
"2011",34.3933,-118.5938,538,75.2666666666667
"2011",34.4044,-118.81,187.1,69.1666666666667
"2011",34.4141,-119.8796,5.5,61.7
"2011",34.4167,-119.6844,4.9,65.1333333333333
"2011",34.4206,-117.2661,931.2,76.7
"2011",34.4241,-119.84249,2.5,62.9666666666667
"2011",34.425,-118.525,442,74.4
"2011",34.4311,-118.6828,389.5,73.5666666666667
"2011",34.4456,-117.8511,1152.1,73.7666666666667
"2011",34.4458,-118.2,792.5,72.9666666666667
"2011",34.4477,-119.2275,227.1,70.1666666666667
"2011",34.4483,-119.2303,233.2,67.5333333333333
"2011",34.4614,-119.6481,457.2,66.9
"2011",34.4806,-118.7556,347.5,72.0666666666667
"2011",34.5025,-117.8969,945.2,78.7333333333333
"2011",34.52527,-117.29638,850.1,76.8666666666667
"2011",34.5358,-119.7833,310.9,70.8333333333333
"2011",34.5431,-119.1842,1015.3,64.6333333333333
"2011",34.5594,-115.7443,200.6,94.6666666666667
"2011",34.5686,-118.7403,1255.8,71.9666666666667
"2011",34.58223,-119.98159,240.5,68.6333333333333
"2011",34.5883,-118.0938,796.1,78.8
"2011",34.5958,-118.5786,1502.7,72.8666666666667
"2011",34.62944,-118.08309,764.7,78.6333333333333
"2011",34.6344,-117.5503,877.8,77.3666666666667
"2011",34.6538,-120.4513,22.9,61.6333333333333
"2011",34.6819,-119.3539,1118.6,71.9
"2011",34.6847,-117.8208,789.4,77.9666666666667
"2011",34.705,-118.4297,932.7,76.5
"2011",34.7325,-118.3833,841.2,77.9
"2011",34.7331,-120.0067,975.4,71.9333333333333
"2011",34.74121,-118.21255,712.6,78.4
"2011",34.74361,-118.72528,1374.6,71.0333333333333
"2011",34.7586,-120.4861,320,59.4666666666667
"2011",34.76783,-114.61842,270.6,95.0666666666667
"2011",34.8083,-119.0125,1493.5,58
"2011",34.82722,-118.96528,1515.5,67.9
"2011",34.83328,-118.86497,1089.7,71.7
"2011",34.85371,-116.78702,584.8,86.0333333333333
"2011",34.8927,-117.0219,676.7,82.5666666666667
"2011",34.89403,-120.45216,74.2,62.2333333333333
"2011",34.9455,-119.6827,658.4,72.1333333333333
"2011",34.988,-120.3211,177.4,65.2
"2011",34.98833,-117.86472,695.9,78.6666666666667
"2011",35.0233,-118.7497,434.3,78.5
"2011",35.0531,-116.0794,289.6,91.4
"2011",35.0964,-119.7728,759,76.1333333333333
"2011",35.1011,-118.4222,1286.3,66.1
"2011",35.1231,-115.4114,1649.9,73.7333333333333
"2011",35.1503,-119.43,235.6,78.8
"2011",35.1542,-117.1756,987.6,79.3333333333333
"2011",35.1792,-120.3919,319.4,65.7666666666667
"2011",35.1889,-120.0833,1149.1,75.0333333333333
"2011",35.2111,-118.8336,137.2,80.6666666666667
"2011",35.23815,-120.64406,55.8,64
"2011",35.27611,-116.06278,293.2,89.7333333333333
"2011",35.3056,-120.6619,93.9,63.1666666666667
"2011",35.3372,-120.5038,424.3,69.3
"2011",35.367,-120.8447,36,65
"2011",35.3692,-117.6525,1088.1,80.0333333333333
"2011",35.37,-117.5683,1103.4,79.2
"2011",35.3741,-120.6375,349.9,68.6666666666667
"2011",35.3811,-120.1875,496.8,69.6666666666667
"2011",35.3836,-118.4122,1290.8,68.3666666666667
"2011",35.4028,-119.47,68.6,79.7666666666667
"2011",35.4186,-119.0508,143.3,78.1
"2011",35.43424,-119.05524,149.3,80.9333333333333
"2011",35.45917,-115.53111,1456,75.1666666666667
"2011",35.4783,-117.6989,1338.1,77.2666666666667
"2011",35.4867,-119.1458,123.1,76.3
"2011",35.5317,-118.6303,718.1,76.6333333333333
"2011",35.5892,-119.352,88.7,82.85
"2011",35.6277,-120.6855,222.5,69.1333333333333
"2011",35.6564,-120.9242,303,67.9333333333333
"2011",35.6647,-118.0569,1698.3,73.5
"2011",35.66936,-120.62918,249.8,70.9666666666667
"2011",35.6841,-121.1683,465.1,62.7666666666667
"2011",35.686254,-117.690911,680,82.2
"2011",35.7217,-118.4989,960.1,73.8
"2011",35.7269,-118.7006,957.1,65.65
"2011",35.7636,-117.3908,516.6,85.5
"2011",35.7683,-119.26,92,78.7666666666667
"2011",35.7706,-115.9092,1524,77.8666666666667
"2011",35.8644,-120.8031,163.7,71.9333333333333
"2011",35.8717,-117.9183,1264.9,81.6333333333333
"2011",35.8842,-118.0517,2507.9,61.3666666666667
"2011",35.8889,-118.6333,1133.9,71.5
"2011",35.8922,-118.915,64,76.9333333333333
"2011",35.8989,-120.4319,467.9,70.8333333333333
"2011",35.9717,-118.545,1432.6,64.2
"2011",36.0067,-119.96,73.2,78.1666666666667
"2011",36.0117,-121.2417,335.3,71.1
"2011",36.0333,-120.0569,246.9,79.9333333333333
"2011",36.0931,-118.2603,2499.4,59
"2011",36.0975,-119.5817,61,77.7333333333333
"2011",36.1203,-117.0878,2097,70.5333333333333
"2011",36.1356,-120.3606,204.2,79.8333333333333
"2011",36.1388,-117.9527,1165.9,79.5
"2011",36.1753,-118.7017,987.6,76.2
"2011",36.18833,-120.69528,701,74.2
"2011",36.2032,-119.0545,132.6,76.0333333333333
"2011",36.2069,-121.1377,97.5,67
"2011",36.23,-121.4917,298.7,69.6666666666667
"2011",36.2314,-118.8689,586.1,79.1333333333333
"2011",36.2356,-121.785,137.2,61.4333333333333
"2011",36.2472,-121.7802,61,60.1666666666667
"2011",36.3114,-119.62319,76,77.3666666666667
"2011",36.3158,-119.637,72.2,77.6333333333333
"2011",36.32833,-119.2997,92.4,76.9333333333333
"2011",36.33333,-119.95,70.7,76.1333333333333
"2011",36.3478,-120.5978,1524,68.8666666666667
"2011",36.3642,-120.1561,86.9,78.0333333333333
"2011",36.3817,-119.0264,156.4,77.8666666666667
"2011",36.3825,-120.8558,1137.8,71.6333333333333
"2011",36.3886,-121.5517,574.5,65.3333333333333
"2011",36.4108,-118.8092,1966,69
"2011",36.445,-118.7033,1597.2,69.2
"2011",36.46263,-116.8672,-59.1,99.4666666666667
"2011",36.465,-118.8619,347.5,74.95
"2011",36.4708,-121.1472,402.9,71.5
"2011",36.4805,-121.7244,146.3,62.1666666666667
"2011",36.4819,-121.1822,398.4,67.8666666666667
"2011",36.4914,-118.8253,520.6,77.4333333333333
"2011",36.5625,-117.4736,2097,66.8333333333333
"2011",36.5672,-118.9556,1240.2,72.6666666666667
"2011",36.59041,-121.84881,48.8,59.2333333333333
"2011",36.5927,-121.8555,37.2,58.0166666666667
"2011",36.602,-117.1449,25.6,97.6
"2011",36.6044,-118.7325,2052.8,55.9666666666667
"2011",36.6269,-121.7864,149.4,56.1
"2011",36.6594,-121.6663,13.7,60.9
"2011",36.66352,-121.60928,22.3,62.1666666666667
"2011",36.6853,-119,1237.5,71.4666666666667
"2011",36.7242,-118.9425,2298.2,61.1
"2011",36.7269,-120.7658,619.4,76.2
"2011",36.73751,-118.96197,2005.6,53.3
"2011",36.7672,-119.7092,103,80.0666666666667
"2011",36.77999,-119.72016,101.9,79.7666666666667
"2011",36.7878,-118.6561,1438.7,65.6333333333333
"2011",36.798,-118.2036,1204,78.9333333333333
"2011",36.821,-119.3374,187.5,79.7333333333333
"2011",36.8422,-121.3622,123.1,64.4333333333333
"2011",36.8425,-118.2594,1479.8,77.5666666666667
"2011",36.8483,-121.4213,83.8,63.9666666666667
"2011",36.8839,-119.4658,280.4,80.5
"2011",36.9092,-119.0883,528.8,64.3
"2011",36.9111,-119.305,469.4,77.3666666666667
"2011",36.9308,-121.7691,29,61.1
"2011",36.93936,-121.79001,49.5,61.9
"2011",36.9539,-120.0378,82.3,75.55
"2011",36.9614,-119.175,1538.6,68.75
"2011",36.98505,-120.11068,76.6,75.1666666666667
"2011",36.98785,-121.99952,21.3,62.1
"2011",36.9911,-121.7978,137.2,62.0666666666667
"2011",36.99574,-119.70691,131.1,75.8
"2011",37.003,-121.5608,59.1,68.4666666666667
"2011",37.0153,-119.5678,366.1,73.9
"2011",37.0544,-119.3711,1249.7,71.9
"2011",37.0547,-121.0531,106.7,74.5333333333333
"2011",37.0563,-120.8666,36.6,76.0333333333333
"2011",37.0664,-119.0394,1727.6,58.7333333333333
"2011",37.08689,-122.08221,132.6,64.4
"2011",37.0919,-119.5128,637,76.5666666666667
"2011",37.1317,-122.17,801.6,66.3
"2011",37.135,-119.2561,1751.4,59.2333333333333
"2011",37.1822,-120.7939,19.8,73.7333333333333
"2011",37.2028,-121.9428,609.6,67.9666666666667
"2011",37.2319,-121.9592,111.3,67.5666666666667
"2011",37.2319,-119.5083,963.2,74.1666666666667
"2011",37.2331,-119.5047,829.1,74.0666666666667
"2011",37.2381,-120.8825,23.8,71.0333333333333
"2011",37.2811,-121.0177,27.4,77.5
"2011",37.28597,-120.51788,46.5,76.9666666666667
"2011",37.2888,-120.5158,46.9,74.5666666666667
"2011",37.3053,-122.255,265.8,60.3666666666667
"2011",37.3133,-122.185,691.9,64.5333333333333
"2011",37.3147,-119.0383,2256.4,60.5
"2011",37.3292,-121.2939,563.9,73.2666666666667
"2011",37.34336,-121.63473,1286.3,65.9333333333333
"2011",37.3581,-122.1472,196.6,66.1333333333333
"2011",37.35938,-121.92444,15,67.7333333333333
"2011",37.37114,-118.35886,1252.8,72.8666666666667
"2011",37.3761,-119.1783,2748.7,61.2
"2011",37.39,-118.5506,1414.3,76.1666666666667
"2011",37.4058,-122.0481,11.9,66.1666666666667
"2011",37.4094,-119.7681,937.9,75.8333333333333
"2011",37.4436,-122.1402,7.6,65.3
"2011",37.4681,-120.1106,365.8,76.9666666666667
"2011",37.4725,-122.4433,8.2,57.8
"2011",37.475,-122.2981,196.3,64.6666666666667
"2011",37.4767,-122.2386,9.4,66.4666666666667
"2011",37.5019,-121.7355,932.7,67.2333333333333
"2011",37.50193,-120.84566,31.4,73.5
"2011",37.5042,-119.9869,680,72.8
"2011",37.5122,-119.6331,1538.3,63.6
"2011",37.5128,-119.6047,1950.7,64.8
"2011",37.5147,-122.0325,3,65.4
"2011",37.5422,-122.0158,11.6,65.4
"2011",37.5436,-119.8386,1188.7,71.9333333333333
"2011",37.5514,-118.6672,2145.8,63.8333333333333
"2011",37.5625,-122.4364,327.7,57.7666666666667
"2011",37.59167,-122.47167,144.8,56.6666666666667
"2011",37.61962,-122.36562,3.2,61.8
"2011",37.62544,-120.95492,26.5,75.5666666666667
"2011",37.6478,-118.9617,2378.7,58.4666666666667
"2011",37.65886,-122.12116,9.6,64.7
"2011",37.6819,-121.3466,41.1,72.1333333333333
"2011",37.68194,-121.75139,161.2,69.9666666666667
"2011",37.69309,-121.8149,119.7,69.3666666666667
"2011",37.7178,-122.23301,1.5,61.3333333333333
"2011",37.728,-122.5052,2.4,56.55
"2011",37.745,-118.9833,2316.5,56.6333333333333
"2011",37.75027,-119.58972,1224.7,65.8
"2011",37.7592,-119.8208,2017.8,61.5
"2011",37.7617,-119.8247,2025.1,62.4
"2011",37.7705,-122.4269,45.7,59.5333333333333
"2011",37.7861,-122.1447,333.8,61.0666666666667
"2011",37.79589,-121.58319,18.6,74
"2011",37.7983,-122.2642,9.1,62.9
"2011",37.8172,-121.7789,621.8,69.9666666666667
"2011",37.8233,-120.0975,975.4,68.4
"2011",37.8331,-120.5,310.9,75.4666666666667
"2011",37.8339,-122.0669,536.4,65.3
"2011",37.8431,-118.4778,1661.2,69.4333333333333
"2011",37.8444,-120.2258,853.4,69.0666666666667
"2011",37.8511,-119.65,2446,55.2333333333333
"2011",37.865,-122.2208,427.6,60.1333333333333
"2011",37.8683,-119.3183,2825.5,43.5
"2011",37.8744,-122.2605,94.5,61.8
"2011",37.8792,-121.9303,661.4,67.0666666666667
"2011",37.8817,-121.9142,1173.2,72.1
"2011",37.88997,-121.22637,8.3,73.1
"2011",37.9191,-122.3772,6.1,61.6
"2011",37.9442,-122.1178,442,65.7
"2011",37.95,-121.8844,487.7,68.6666666666667
"2011",37.9567,-119.1194,2071.7,65.1
"2011",37.9613,-119.783,1179.6,66.2666666666667
"2011",37.9672,-120.3872,510.5,69.8333333333333
"2011",37.9747,-119.9161,1452.4,67.1666666666667
"2011",37.9833,-122.0692,12.2,70.6666666666667
"2011",37.9833,-121.7525,18.3,73.8
"2011",37.99165,-122.05268,7,70
"2011",37.9983,-122.5372,36.6,62.4
"2011",38.0047,-120.4863,292.6,77.1666666666667
"2011",38.0131,-122.1142,12.2,67.6666666666667
"2011",38.0281,-122.7022,378,61.9
"2011",38.0394,-122.57,457.2,64.5
"2011",38.0631,-120.2469,1503.6,68.8
"2011",38.07,-119.23,2878.8,54.7666666666667
"2011",38.1061,-121.2877,12.2,73.7
"2011",38.2075,-122.28041,4.7,63.8
"2011",38.2119,-119.0142,2551.2,54.2
"2011",38.2428,-120.515,780,70.9333333333333
"2011",38.2486,-120.8433,200.6,74.3666666666667
"2011",38.2575,-119.2286,1972.1,59.6666666666667
"2011",38.2577,-122.6077,6.1,64.6666666666667
"2011",38.2719,-119.2892,2026.9,63.2
"2011",38.2736,-122.0677,12.2,68.9333333333333
"2011",38.2769,-120.3113,1431,61.1
"2011",38.2777,-122.2647,10.7,67
"2011",38.28,-119.61,2931.3,52.1333333333333
"2011",38.2994,-122.4622,29.6,66.4
"2011",38.3,-119.55,2194,55.9333333333333
"2011",38.31,-119.6,2690.5,53.2333333333333
"2011",38.3208,-123.0747,19.2,55.1
"2011",38.3772,-120.8008,483.4,67.6
"2011",38.37753,-121.95854,31.7,72.8666666666667
"2011",38.3894,-120.6511,902.2,73.6333333333333
"2011",38.4,-119.54,2838.6,53.0333333333333
"2011",38.4305,-122.8647,61,64.4
"2011",38.44,-119.37,2814.2,52.6
"2011",38.45579,-122.71335,50.6,62.1
"2011",38.4786,-122.7119,175.6,65.8
"2011",38.4883,-120.325,1524,69.2333333333333
"2011",38.4916,-122.1241,146.3,72
"2011",38.492,-122.0039,57,73.0666666666667
"2011",38.50369,-122.81101,36.2,65.7333333333333
"2011",38.50659,-121.49604,5.9,72.7666666666667
"2011",38.5066,-122.4713,68.6,69.1
"2011",38.51,-119.63,2357.9,52.9
"2011",38.5252,-121.9777,41.1,74.6
"2011",38.5349,-121.7761,18.3,72.2333333333333
"2011",38.55,-119.8,2671.6,53.9333333333333
"2011",38.5552,-121.4183,11.6,74.1
"2011",38.5653,-119.4592,1658.1,69.5
"2011",38.573,-122.4405,522.7,65.7
"2011",38.57682,-122.57811,106.7,68.8333333333333
"2011",38.5908,-120.9336,275.8,73.1666666666667
"2011",38.61,-119.92,2455.8,51.1666666666667
"2011",38.62935,-122.86646,53.9,68.5
"2011",38.67,-119.82,1863.9,60.6333333333333
"2011",38.67,-119.61,2532.9,55.7666666666667
"2011",38.68,-119.96,2443.6,55.3666666666667
"2011",38.6829,-121.794,20.4,73.7666666666667
"2011",38.6833,-119.7667,1676.7,63.1666666666667
"2011",38.69,-119.99,2546,52.6
"2011",38.70069,-121.59479,7.5,72.8
"2011",38.72,-119.89,2477.7,49.9333333333333
"2011",38.7333,-120.245,1597.2,63.9
"2011",38.73333,-120.73333,839.7,71.3
"2011",38.7383,-122.1447,107.9,75.4333333333333
"2011",38.7583,-120.503,1051.6,66.7666666666667
"2011",38.7817,-122.9169,609.6,67.8333333333333
"2011",38.79296,-123.0263,121.9,71.6333333333333
"2011",38.8325,-121.0086,365.8,71.9333333333333
"2011",38.84,-119.89,2608.2,54.1333333333333
"2011",38.8489,-120.0181,1923.3,57.8666666666667
"2011",38.85,-120.08,2337.8,56.5666666666667
"2011",38.85,-119.94,2370.1,51.4333333333333
"2011",38.8619,-122.4172,670.6,70.8
"2011",38.8825,-121.2683,61,74.9
"2011",38.89838,-119.99617,1907,58.3
"2011",38.9056,-120.6972,1426.5,74.5
"2011",38.9072,-121.0838,393.8,72.55
"2011",38.9119,-122.7064,659.3,72.6333333333333
"2011",38.92,-119.92,2615.8,51.5
"2011",38.93,-120.05,1900.7,55.2666666666667
"2011",38.933,-120.8008,914.7,71
"2011",38.9875,-123.3486,196.3,65.6666666666667
"2011",39,-120.13,2343.6,57.0666666666667
"2011",39.0189,-122.4119,635.5,75.3666666666667
"2011",39.0308,-123.0806,817.5,70.2
"2011",39.06,-120.1292,1924.8,58.45
"2011",39.0717,-120.4217,1597.2,65.1666666666667
"2011",39.0901,-120.947,723.3,72.2666666666667
"2011",39.0914,-120.7317,1327.4,68.7666666666667
"2011",39.10205,-121.56884,18.9,74.8333333333333
"2011",39.1258,-123.0736,975.4,68.7333333333333
"2011",39.12781,-123.20015,183.7,71
"2011",39.14,-120.22,2028.4,53.8
"2011",39.1466,-123.2102,193.9,69.9
"2011",39.1678,-120.1428,1898.9,57.2
"2011",39.17,-120.15,2071.7,56.7666666666667
"2011",39.1836,-120.8847,861.4,69.8666666666667
"2011",39.1875,-122.0269,15.2,73.7666666666667
"2011",39.19,-120.26,2447.2,54.4666666666667
"2011",39.2041,-121.068,731.5,68.2
"2011",39.2083,-122.8083,1475.2,66.7666666666667
"2011",39.2466,-121.0008,847.6,68.3666666666667
"2011",39.27617,-120.70927,1611.2,64.8
"2011",39.3,-120.18,1983.9,59.0333333333333
"2011",39.3036,-121.1172,599.8,72.7333333333333
"2011",39.3167,-120.8375,1316.7,69.7
"2011",39.318,-120.145,1798.3,56.6333333333333
"2011",39.3239,-120.2331,1809.6,57.5666666666667
"2011",39.33,-120.37,2089.4,54.8
"2011",39.3528,-123.6011,180.7,62.7666666666667
"2011",39.3619,-123.1286,310.3,70.2666666666667
"2011",39.3669,-122.575,365.8,73.3333333333333
"2011",39.3886,-120.0936,1699.3,57.1666666666667
"2011",39.3975,-121.3861,244.8,74.1333333333333
"2011",39.4172,-122.1825,36.6,74.6666666666667
"2011",39.4194,-123.3425,412.4,61.9333333333333
"2011",39.425,-122.9772,540.4,68.5666666666667
"2011",39.43,-120.31,2545.7,55.2666666666667
"2011",39.45,-120.29,2134.5,53.5
"2011",39.4539,-120.6556,1641.3,61.75
"2011",39.475,-121.2025,1132,69.6
"2011",39.4833,-120.075,2093.1,61.35
"2011",39.49,-120.28,1967.8,54.6333333333333
"2011",39.4943,-121.62226,56.9,75.5
"2011",39.51,-123.75639,37.5,55.8
"2011",39.5177,-121.553,52.1,72.8
"2011",39.52316,-122.3048,71.3,74.5
"2011",39.53194,-121.1611,1130.8,63.1666666666667
"2011",39.5619,-120.0478,1821.5,61.5333333333333
"2011",39.5633,-120.8238,888.5,65.6333333333333
"2011",39.5861,-122.5341,243.8,73.7
"2011",39.6375,-120.8653,2033,66.3
"2011",39.6514,-122.7236,1310.6,67.9
"2011",39.6681,-123.3211,740.1,66.6666666666667
"2011",39.7022,-123.485,554.7,68.2333333333333
"2011",39.7119,-121.7789,70.1,74.3333333333333
"2011",39.7358,-121.4889,759,72.6333333333333
"2011",39.7458,-122.1997,77.4,75.1
"2011",39.7538,-121.6241,533.4,73.6333333333333
"2011",39.8053,-120.4719,1478.3,60.8
"2011",39.8056,-120.1858,1508.8,61
"2011",39.8075,-122.945,1652,69.6
"2011",39.8158,-123.2444,430.7,67.7
"2011",39.8333,-123.0833,457.2,71.8666666666667
"2011",39.8644,-122.6097,317,78.7666666666667
"2011",39.8716,-121.6108,826,69.5
"2011",39.8717,-121.7689,528.2,75.9333333333333
"2011",39.9278,-122.6569,1131.7,70.6666666666667
"2011",39.9366,-120.9475,1042.4,63.9
"2011",39.9389,-122.1697,89.6,76.3
"2011",39.9717,-120.0828,1338.1,67.4666666666667
"2011",39.9733,-120.9419,1066.8,66.4666666666667
"2011",40.0017,-120.915,1377.7,68.1666666666667
"2011",40.0222,-120.1056,1292.4,68.3
"2011",40.0686,-121.5825,1466.7,66.7333333333333
"2011",40.1383,-123.8236,135.9,65.9666666666667
"2011",40.1417,-120.3533,1767.8,67.0666666666667
"2011",40.15186,-122.25478,108,77.5
"2011",40.1705,-121.0886,1389.9,62.4333333333333
"2011",40.1867,-123.5903,281.3,66.9666666666667
"2011",40.2461,-120.6422,1737.4,62.5
"2011",40.2506,-123.3158,832.7,65.6333333333333
"2011",40.2569,-124.2661,899.2,60.5
"2011",40.295,-122.8667,1066.8,69.7333333333333
"2011",40.30209,-121.24391,1387.1,61.7333333333333
"2011",40.3067,-120.9,1767.8,62.6333333333333
"2011",40.3375,-123.0656,1378.8,65.9
"2011",40.3442,-121.7136,1267.7,70.6
"2011",40.3983,-122.8333,579.1,72.9666666666667
"2011",40.4167,-120.6631,1283.8,65.5666666666667
"2011",40.4633,-123.5239,845.8,64.6
"2011",40.4808,-120.1139,1339.6,64.3666666666667
"2011",40.4833,-124.1038,41.5,61.3666666666667
"2011",40.505,-123.3417,1219.2,65.4
"2011",40.51462,-122.29773,152.6,77.4333333333333
"2011",40.5158,-122.2906,152.4,78
"2011",40.54,-121.5803,1725.2,57.4
"2011",40.55,-123.165,708.1,67.7
"2011",40.5981,-121.0831,1722.1,57
"2011",40.6116,-122.528,394.7,75.7666666666667
"2011",40.6194,-121.8994,736.7,75.95
"2011",40.6306,-120.5028,1554.5,62.7666666666667
"2011",40.6507,-122.6068,432.2,74.3
"2011",40.7141,-122.4161,327.7,76.6666666666667
"2011",40.7219,-123.4953,792.5,68
"2011",40.7263,-122.7947,567.2,68.8
"2011",40.7308,-120.3164,1614.8,63.6333333333333
"2011",40.7333,-123.2333,457.2,72.3666666666667
"2011",40.73529,-122.9441,627.3,68.3
"2011",40.7405,-123.2077,381.9,69.45
"2011",40.7586,-120.8961,1889.8,60.2333333333333
"2011",40.7817,-120.7844,1877,59.6666666666667
"2011",40.7864,-122.8045,1008.3,68.3
"2011",40.8072,-121.2967,1752.6,63.7333333333333
"2011",40.8097,-124.1602,6.1,57.0666666666667
"2011",40.8802,-121.6547,974.8,63.7666666666667
"2011",40.8892,-123.1422,1432.6,68.0333333333333
"2011",40.9167,-122.4383,1280.2,71.8666666666667
"2011",40.9258,-121.5856,1130.8,68.1333333333333
"2011",40.9316,-121.5433,919,64.8666666666667
"2011",40.97844,-124.10479,64.5,54.8666666666667
"2011",41.0064,-121.9833,518.2,72.4333333333333
"2011",41.0478,-123.6714,114.3,68.8666666666667
"2011",41.0519,-120.6861,1554.5,60.5
"2011",41.0547,-120.3375,1711.5,60.8
"2011",41.075,-122.3733,731.5,73.1
"2011",41.0975,-123.6358,1088.1,63.0333333333333
"2011",41.1117,-122.6967,1341.1,69.9
"2011",41.1383,-123.9056,804.7,59.8666666666667
"2011",41.1831,-122.28167,661.1,67.8
"2011",41.24,-120.79,1886.7,54.7333333333333
"2011",41.2694,-123.1875,1815.4,68.2
"2011",41.2706,-120.29845,1621.2,64.25
"2011",41.2769,-121.9794,975.4,60
"2011",41.2897,-123.8575,150.9,66.8
"2011",41.2944,-120.8639,1463,65.0666666666667
"2011",41.295,-120.3133,1889.8,59.8666666666667
"2011",41.3003,-123.1322,668.1,68.9
"2011",41.30206,-123.53851,122.8,70.1666666666667
"2011",41.3075,-122.7958,955.9,68.9666666666667
"2011",41.314893,-122.317127,1083,65.1666666666667
"2011",41.3156,-122.3156,0,65.5333333333333
"2011",41.32175,-122.31725,1101.2,64.6333333333333
"2011",41.3322,-120.4725,1332.6,67.2
"2011",41.3378,-122.82484,940.3,64.2
"2011",41.3619,-124.0191,48.8,55.9
"2011",41.39,-123.4958,280.4,73.1333333333333
"2011",41.4272,-121.4639,1602.6,64.7333333333333
"2011",41.4342,-120.8678,1314.3,68.05
"2011",41.4589,-120.3536,1335,63.3
"2011",41.4789,-122.4539,893.1,68.1
"2011",41.48362,-120.5615,1335.9,62.5666666666667
"2011",41.53,-120.6714,1530.7,64.5333333333333
"2011",41.5301,-120.1791,1428.9,67.7666666666667
"2011",41.58,-120.3,2142.7,57.7666666666667
"2011",41.5992,-122.9336,1287.8,68
"2011",41.6294,-121.2981,1511.8,64.8333333333333
"2011",41.6431,-121.7939,1502.1,64
"2011",41.6853,-122.5942,914.4,69.9333333333333
"2011",41.70237,-122.64169,826.6,67.0333333333333
"2011",41.71171,-121.5067,1455.4,63.7333333333333
"2011",41.7417,-121.5383,1453.9,65.1
"2011",41.77373,-122.46825,806.1,67.2333333333333
"2011",41.775,-122.9503,1674.3,61.8666666666667
"2011",41.78339,-122.0446,1300,65.2
"2011",41.78361,-124.23796,17,56.6333333333333
"2011",41.7861,-122.0056,1645.9,63.4
"2011",41.7958,-124.2147,13.1,57.2333333333333
"2011",41.8386,-122.85,591.3,69.0333333333333
"2011",41.8458,-123.9792,152.4,66.3
"2011",41.8586,-123.3525,1423.4,70.65
"2011",41.8715,-120.1574,1444.4,65.2333333333333
"2011",41.89,-120.75,1575.8,58.9333333333333
"2011",41.95999,-121.47449,1230.8,61.2666666666667
"2011",41.97983,-122.33811,812.3,66.5333333333333
"2011",41.99,-120.18,2243.3,52.2
"2011",41.9919,-123.6036,1210.1,62.1
"2011",41.9992,-121.7003,1249.1,61.2666666666667
"2012",32.56797,-117.11715,7.2,66.5
"2012",32.57583,-116.99391,158.9,68.5666666666667
"2012",32.6058,-116.6089,714.8,72
"2012",32.6261,-116.4681,805,70.8333333333333
"2012",32.6263,-116.4699,801.6,71.5666666666667
"2012",32.64,-117.0858,17.1,68.6
"2012",32.685,-116.9736,129.5,69.8333333333333
"2012",32.69219,-117.20983,4.4,70.9666666666667
"2012",32.7214,-116.4631,1049.4,71.3333333333333
"2012",32.7336,-117.1831,4.6,69.1666666666667
"2012",32.7397,-114.8839,66.1,92.7
"2012",32.76536,-117.2315,4.3,67.1666666666667
"2012",32.76654,-115.56638,-9.1,91.4
"2012",32.8005,-116.928,150.9,73.0666666666667
"2012",32.81453,-117.13747,127.5,70.2333333333333
"2012",32.83241,-115.66377,-14.1,90.3333333333333
"2012",32.8336,-116.7392,622.1,74.9333333333333
"2012",32.83464,-115.57656,-16.8,91.5333333333333
"2012",32.8358,-116.7774,516.6,72.6
"2012",32.8488,-115.5666,-19.5,86.8
"2012",32.8569,-116.6222,1060.7,73
"2012",32.86667,-117.13333,145.4,70.6
"2012",32.8672,-116.4194,1804.4,67.9666666666667
"2012",32.8797,-116.4203,1755.6,68.95
"2012",32.8856,-116.8149,182.9,72.9333333333333
"2012",32.9083,-114.4944,91.4,93.9666666666667
"2012",32.9736,-115.1736,84.7,93
"2012",32.9897,-116.5872,1414.3,68.6666666666667
"2012",32.9903,-116.0669,231.6,92.4
"2012",33.0164,-116.6339,0,72.4666666666667
"2012",33.01953,-117.03096,197.5,72.6
"2012",33.0216,-117.0813,210.3,70.6666666666667
"2012",33.03801,-116.915979,422,71.4333333333333
"2012",33.0736,-116.8458,466.3,73.1333333333333
"2012",33.0758,-116.5908,1292.4,72.4
"2012",33.0763,-116.5925,1284.7,72.5333333333333
"2012",33.121,-117.09,182.9,73.2
"2012",33.12993,-117.27651,95.3,68.2666666666667
"2012",33.1552,-116.1688,118.9,96.3666666666667
"2012",33.2097,-117.395,3,65.8666666666667
"2012",33.21946,-117.34962,9.1,68.3666666666667
"2012",33.2222,-116.4975,1345.7,75.8666666666667
"2012",33.2354,-117.2322,131.1,70.4
"2012",33.2372,-117.0086,452,72.8333333333333
"2012",33.2372,-116.7614,823,70.8333333333333
"2012",33.2559,-116.4036,246.9,90.9666666666667
"2012",33.378,-116.84,1691.6,72.0333333333333
"2012",33.3933,-116.795,838.8,74.1
"2012",33.40419,-118.41456,477,68.0333333333333
"2012",33.4392,-117.1904,347.5,72.6333333333333
"2012",33.4833,-119.0333,53.6,63.45
"2012",33.5286,-117.2306,603.5,72.2666666666667
"2012",33.5417,-117.5917,213.4,70.6
"2012",33.555,-116.673,1194.8,72
"2012",33.5697,-116.073,-55.8,90.6666666666667
"2012",33.6031,-117.8836,3,66.5333333333333
"2012",33.61388,-114.59813,81.7,88.8
"2012",33.61876,-114.71451,120.4,92.4
"2012",33.63166,-116.16412,-36,90.4666666666667
"2012",33.6472,-117.4111,926,77.7
"2012",33.6617,-115.7206,520,87.5666666666667
"2012",33.6667,-116.7667,1499.6,73.3666666666667
"2012",33.67975,-117.86746,13,71.7666666666667
"2012",33.686,-117.3458,386.5,80.1666666666667
"2012",33.7044,-115.6289,417.6,88.3666666666667
"2012",33.7086,-116.2152,-6.4,92.0333333333333
"2012",33.72,-117.723,164.6,71.8
"2012",33.7381,-116.8939,552,78.4333333333333
"2012",33.7403,-116.8414,594.4,79.1333333333333
"2012",33.7442,-117.8667,41.1,73.1666666666667
"2012",33.7572,-116.7066,1639.8,68.9333333333333
"2012",33.7965,-116.9753,464.8,79.2666666666667
"2012",33.8016,-118.3419,27.4,68.3
"2012",33.80807,-115.45138,296.6,90.8333333333333
"2012",33.8081,-117.7111,542.8,72
"2012",33.81177,-118.14718,10.2,72
"2012",33.82216,-116.50433,124.7,91.7
"2012",33.8342,-118.3759,43.3,67.4666666666667
"2012",33.8647,-117.8425,70.7,74.2666666666667
"2012",33.87154,-117.98561,26.3,75.8666666666667
"2012",33.8767,-117.3089,524.3,75.6
"2012",33.9,-117.25,468.2,76.3333333333333
"2012",33.92353,-118.33291,16.6,69.6666666666667
"2012",33.9306,-116.95,793.7,77.8
"2012",33.93816,-118.3866,29.7,68.0333333333333
"2012",33.9511,-117.388,256,78
"2012",33.95282,-117.43523,257.7,78
"2012",33.97563,-117.62487,193.9,76.1333333333333
"2012",33.9778,-120.0778,395.6,57.9333333333333
"2012",33.9839,-118.01,289.6,70.8
"2012",33.9958,-119.7222,76.2,71.1
"2012",34.005,-118.4139,28,68.5666666666667
"2012",34.0178,-116.1878,1280.2,76.5666666666667
"2012",34.02099,-118.44712,53.3,67.6333333333333
"2012",34.037,-117.1948,429.8,78.8666666666667
"2012",34.0456,-118.9358,15.2,65.4666666666667
"2012",34.05314,-117.57689,281.6,77.9666666666667
"2012",34.0583,-118.6333,480.1,72.0333333333333
"2012",34.0608,-114.7322,249.9,92.8
"2012",34.0678,-118.2417,115.2,71.7
"2012",34.0697,-118.4427,131.1,67.8333333333333
"2012",34.0816,-117.7658,304.5,75.8666666666667
"2012",34.0836,-117.0347,899.2,77.5333333333333
"2012",34.0842,-118.1003,110.6,74
"2012",34.0864,-116.5622,958.6,80.5333333333333
"2012",34.0869,-118.4794,340.5,70.3
"2012",34.1206,-115.85,419.4,90.3333333333333
"2012",34.1208,-117.9458,152.4,82.6
"2012",34.1233,-116.4078,993.6,80.2
"2012",34.12407,-119.12281,3.8,63.4666666666667
"2012",34.125,-118.4122,384,75.6666666666667
"2012",34.128,-116.0369,602,87.3333333333333
"2012",34.1294,-116.3879,990.3,80.6666666666667
"2012",34.1369,-117.7069,501.4,70.75
"2012",34.1471,-116.2747,781.2,84.7666666666667
"2012",34.1472,-115.1219,281,93.75
"2012",34.1483,-118.1447,263.3,76.3666666666667
"2012",34.1553,-117.9078,226.8,79.3666666666667
"2012",34.1819,-118.5744,240.8,77.2333333333333
"2012",34.1847,-118.7172,502.9,76
"2012",34.1866,-118.348,199.6,73.1333333333333
"2012",34.1942,-116.9131,1712.4,68.3333333333333
"2012",34.19966,-118.36543,222.7,74.4
"2012",34.20012,-119.20417,11.9,65.1333333333333
"2012",34.2066,-119.1375,15.8,65.9333333333333
"2012",34.2069,-117.7606,792.5,75.7
"2012",34.21,-118.87,242.3,67.9666666666667
"2012",34.2103,-116.6339,1828.8,74.1333333333333
"2012",34.21142,-119.08762,21.6,65.6666666666667
"2012",34.21214,-118.49146,239.2,76.0666666666667
"2012",34.2182,-116.4073,1050,82.0333333333333
"2012",34.2211,-117.4044,627,76.9
"2012",34.2308,-118.0711,1740.4,72.3
"2012",34.2339,-117.4803,851,75
"2012",34.243,-116.917,2058.3,63.4
"2012",34.2447,-118.525,275.5,76.3666666666667
"2012",34.2661,-116.8989,2103.1,61.7
"2012",34.2711,-118.1525,914.4,75.2666666666667
"2012",34.28964,-114.17137,224.9,93.6
"2012",34.2911,-118.8144,278.6,69.0666666666667
"2012",34.2936,-118.3608,423.7,72.9
"2012",34.3175,-117.5019,1005.8,76.2666666666667
"2012",34.3194,-117.0131,2091.2,66.8666666666667
"2012",34.3317,-118.0303,1661.2,73.4333333333333
"2012",34.3591,-116.5378,965.3,80.9
"2012",34.3617,-118.4217,1219.2,74.8
"2012",34.3717,-118.8408,501.4,72.5666666666667
"2012",34.3789,-117.6919,2108.3,69.1333333333333
"2012",34.3903,-118.0825,1530.4,72.4666666666667
"2012",34.3906,-116.5169,883.9,84
"2012",34.3933,-118.5938,538,77.7333333333333
"2012",34.4044,-118.81,187.1,71.2333333333333
"2012",34.4141,-119.8796,5.5,62.7
"2012",34.4167,-119.6844,4.9,66.5666666666667
"2012",34.4206,-117.2661,931.2,78.8666666666667
"2012",34.4241,-119.84249,2.5,64.0333333333333
"2012",34.425,-118.525,442,76.9666666666667
"2012",34.4311,-118.6828,389.5,76.2666666666667
"2012",34.4456,-117.8511,1152.1,76.1666666666667
"2012",34.4458,-118.2,792.5,75.6333333333333
"2012",34.4477,-119.2275,227.1,72.9333333333333
"2012",34.4483,-119.2303,233.2,64.6
"2012",34.4614,-119.6481,457.2,69.9666666666667
"2012",34.4806,-118.7556,347.5,74.3666666666667
"2012",34.5025,-117.8969,945.2,82.3
"2012",34.52527,-117.29638,850.1,80.5333333333333
"2012",34.5358,-119.7833,310.9,73.5
"2012",34.5431,-119.1842,1015.3,67.1333333333333
"2012",34.5594,-115.7443,200.6,91.2
"2012",34.5686,-118.7403,1255.8,75.4666666666667
"2012",34.58223,-119.98159,240.5,69.9333333333333
"2012",34.5883,-118.0938,796.1,81.5
"2012",34.58998,-118.45412,658.7,76.5
"2012",34.5958,-118.5786,1502.7,76.2
"2012",34.62944,-118.08309,764.7,81.0333333333333
"2012",34.6344,-117.5503,877.8,80.1333333333333
"2012",34.6538,-120.4513,22.9,61.5666666666667
"2012",34.6819,-119.3539,1118.6,79.3
"2012",34.6847,-117.8208,789.4,80.25
"2012",34.705,-118.4297,932.7,79.1
"2012",34.7325,-118.3833,841.2,75.4
"2012",34.7331,-120.0067,975.4,75.0333333333333
"2012",34.74121,-118.21255,712.6,80.9666666666667
"2012",34.74361,-118.72528,1374.6,74.2333333333333
"2012",34.7586,-120.4861,320,60
"2012",34.76783,-114.61842,270.6,95.7333333333333
"2012",34.8083,-119.0125,1493.5,64.9
"2012",34.83328,-118.86497,1089.7,70.5333333333333
"2012",34.85371,-116.78702,584.8,87.5666666666667
"2012",34.8927,-117.0219,676.7,84.5666666666667
"2012",34.89403,-120.45216,74.2,62.4
"2012",34.9455,-119.6827,658.4,74.9333333333333
"2012",34.988,-120.3211,177.4,66.7666666666667
"2012",35.0233,-118.7497,434.3,86
"2012",35.0492,-118.1619,833.6,81.6
"2012",35.0964,-119.7728,759,78.1333333333333
"2012",35.1231,-115.4114,1649.9,74.7
"2012",35.1542,-117.1756,987.6,82.5
"2012",35.1792,-120.3919,319.4,68.3
"2012",35.1889,-120.0833,1149.1,75.1333333333333
"2012",35.2111,-118.8336,137.2,82
"2012",35.23815,-120.64406,55.8,64.6
"2012",35.27611,-116.06278,293.2,91.7333333333333
"2012",35.3056,-120.6619,93.9,65.8
"2012",35.3372,-120.5038,424.3,74.4666666666667
"2012",35.367,-120.8447,36,65.4
"2012",35.3692,-117.6525,1088.1,81.2
"2012",35.37,-117.5683,1103.4,82.3333333333333
"2012",35.3741,-120.6375,349.9,71.5
"2012",35.3811,-120.1875,496.8,72.6333333333333
"2012",35.3836,-118.4122,1290.8,71.6333333333333
"2012",35.4028,-119.47,68.6,79.15
"2012",35.4186,-119.0508,143.3,85.9
"2012",35.43424,-119.05524,149.3,82.4666666666667
"2012",35.45917,-115.53111,1456,75.6666666666667
"2012",35.4783,-117.6989,1338.1,80.5333333333333
"2012",35.4867,-119.1458,123.1,78.8
"2012",35.5317,-118.6303,718.1,79.1
"2012",35.5892,-119.352,88.7,84.1
"2012",35.6277,-120.6855,222.5,71.2
"2012",35.6564,-120.9242,303,70.4333333333333
"2012",35.6647,-118.0569,1698.3,76.5
"2012",35.66936,-120.62918,249.8,72.5
"2012",35.6841,-121.1683,465.1,66.1
"2012",35.686254,-117.690911,680,85.3333333333333
"2012",35.7217,-118.4989,960.1,77.2666666666667
"2012",35.7269,-118.7006,957.1,69.3333333333333
"2012",35.7636,-117.3908,516.6,87.9
"2012",35.7683,-119.26,92,80.3
"2012",35.7706,-115.9092,1524,79.6666666666667
"2012",35.8644,-120.8031,163.7,73.3
"2012",35.8717,-117.9183,1264.9,83.8666666666667
"2012",35.8842,-118.0517,2507.9,63
"2012",35.8889,-118.6333,1133.9,74.5666666666667
"2012",35.8922,-118.915,64,78.8
"2012",35.8989,-120.4319,467.9,73.8666666666667
"2012",35.9717,-118.545,1432.6,67.1
"2012",36.0067,-119.96,73.2,80.6333333333333
"2012",36.0117,-121.2417,335.3,73.3333333333333
"2012",36.0333,-120.0569,246.9,81.9
"2012",36.0931,-118.2603,2499.4,64.2
"2012",36.0975,-119.5817,61,79.6333333333333
"2012",36.1203,-117.0878,2097,72
"2012",36.1356,-120.3606,204.2,80.5
"2012",36.1388,-117.9527,1165.9,81.6666666666667
"2012",36.1753,-118.7017,987.6,78.1666666666667
"2012",36.2032,-119.0545,132.6,78.4333333333333
"2012",36.2069,-121.1377,97.5,67.3666666666667
"2012",36.23,-121.4917,298.7,71
"2012",36.2314,-118.8689,586.1,81.4666666666667
"2012",36.2356,-121.785,137.2,62.1
"2012",36.2472,-121.7802,61,63.6
"2012",36.3114,-119.62319,76,78.9666666666667
"2012",36.3158,-119.637,72.2,79.2666666666667
"2012",36.32833,-119.2997,92.4,78.9
"2012",36.33333,-119.95,70.7,78.0666666666667
"2012",36.3478,-120.5978,1524,71.2666666666667
"2012",36.3642,-120.1561,86.9,80.0666666666667
"2012",36.3817,-119.0264,156.4,79.2333333333333
"2012",36.3825,-120.8558,1137.8,74.4666666666667
"2012",36.3886,-121.5517,574.5,67.2666666666667
"2012",36.4069,-118.4217,2621.3,65.4
"2012",36.4108,-118.8092,1966,67.1333333333333
"2012",36.445,-118.7033,1597.2,73.7333333333333
"2012",36.46263,-116.8672,-59.1,101.833333333333
"2012",36.465,-118.8619,347.5,78.75
"2012",36.4708,-121.1472,402.9,74
"2012",36.4805,-121.7244,146.3,62.5666666666667
"2012",36.4819,-121.1822,398.4,73
"2012",36.4914,-118.8253,520.6,83.3
"2012",36.5625,-117.4736,2097,69.7
"2012",36.5672,-118.9556,1240.2,75.6333333333333
"2012",36.59041,-121.84881,48.8,59.3
"2012",36.5927,-121.8555,37.2,57.9
"2012",36.602,-117.1449,25.6,99.9333333333333
"2012",36.6044,-118.7325,2052.8,58.9666666666667
"2012",36.6594,-121.6663,13.7,60.45
"2012",36.66352,-121.60928,22.3,62.2333333333333
"2012",36.6853,-119,1237.5,75.1
"2012",36.7242,-118.9425,2298.2,63.9333333333333
"2012",36.7267,-118.675,2475,67.1
"2012",36.7269,-120.7658,619.4,78.5666666666667
"2012",36.73751,-118.96197,2005.6,66.75
"2012",36.7672,-119.7092,103,82.4333333333333
"2012",36.77999,-119.72016,101.9,82.5666666666667
"2012",36.7878,-118.6561,1438.7,68.9
"2012",36.798,-118.2036,1204,82.9333333333333
"2012",36.821,-119.3374,187.5,79.45
"2012",36.8422,-121.3622,123.1,65.9333333333333
"2012",36.8425,-118.2594,1479.8,79.5666666666667
"2012",36.8483,-121.4213,83.8,67.1
"2012",36.8839,-119.4658,280.4,83
"2012",36.9092,-119.0883,528.8,78.4
"2012",36.9111,-119.305,469.4,80.4333333333333
"2012",36.9308,-121.7691,29,61.6333333333333
"2012",36.93936,-121.79001,49.5,60.8
"2012",36.9539,-120.0378,82.3,77.7
"2012",36.9614,-119.175,1538.6,74.4666666666667
"2012",36.98505,-120.11068,76.6,77.0333333333333
"2012",36.98785,-121.99952,21.3,63.4333333333333
"2012",36.9911,-121.7978,137.2,63.3666666666667
"2012",36.99574,-119.70691,131.1,79.2
"2012",37.003,-121.5608,59.1,69.9333333333333
"2012",37.0153,-119.5678,366.1,75.8333333333333
"2012",37.0544,-119.3711,1249.7,75.5666666666667
"2012",37.0547,-121.0531,106.7,76.9666666666667
"2012",37.0563,-120.8666,36.6,78.6
"2012",37.0664,-119.0394,1727.6,61.3333333333333
"2012",37.08689,-122.08221,132.6,69.6333333333333
"2012",37.0919,-119.5128,637,78.9
"2012",37.1317,-122.17,801.6,68.9
"2012",37.135,-119.2561,1751.4,62.5666666666667
"2012",37.1822,-120.7939,19.8,74.7333333333333
"2012",37.2028,-121.9428,609.6,69.4
"2012",37.2319,-121.9592,111.3,66.9
"2012",37.2319,-119.5083,963.2,77.9666666666667
"2012",37.2331,-119.5047,829.1,71.7
"2012",37.2381,-120.8825,23.8,72.3666666666667
"2012",37.2811,-121.0177,27.4,79.1666666666667
"2012",37.28597,-120.51788,46.5,78.3666666666667
"2012",37.3053,-122.255,265.8,60.9666666666667
"2012",37.3133,-122.185,691.9,66.5333333333333
"2012",37.3147,-119.0383,2256.4,64.0333333333333
"2012",37.3292,-121.2939,563.9,76.2
"2012",37.34336,-121.63473,1286.3,69.0666666666667
"2012",37.353,-120.1623,128,84.3
"2012",37.3581,-122.1472,196.6,66.9666666666667
"2012",37.35938,-121.92444,15,67.8333333333333
"2012",37.37114,-118.35886,1252.8,74.6333333333333
"2012",37.3761,-119.1783,2748.7,58.8666666666667
"2012",37.39,-118.5506,1414.3,79.1333333333333
"2012",37.4058,-122.0481,11.9,66.1666666666667
"2012",37.4094,-119.7681,937.9,80.0666666666667
"2012",37.4286,-122.2561,115.8,69.7
"2012",37.4436,-122.1402,7.6,65.8333333333333
"2012",37.4681,-120.1106,365.8,79.5333333333333
"2012",37.4725,-122.4433,8.2,57.4
"2012",37.475,-122.2981,196.3,70.7
"2012",37.4767,-122.2386,9.4,66.9666666666667
"2012",37.5019,-121.7355,932.7,69.4
"2012",37.50193,-120.84566,31.4,76.1
"2012",37.5042,-119.9869,680,75.2
"2012",37.5122,-119.6331,1538.3,64.3666666666667
"2012",37.5147,-122.0325,3,65.4
"2012",37.5422,-122.0158,11.6,65.7333333333333
"2012",37.5436,-119.8386,1188.7,76.4
"2012",37.5514,-118.6672,2145.8,66.5
"2012",37.5531,-121.8439,374.9,66.5333333333333
"2012",37.5625,-122.4364,327.7,56.4
"2012",37.59167,-122.47167,144.8,56.7
"2012",37.61962,-122.36562,3.2,61.8
"2012",37.62544,-120.95492,26.5,76.9333333333333
"2012",37.6478,-118.9617,2378.7,61.3
"2012",37.65886,-122.12116,9.6,64.2333333333333
"2012",37.6819,-121.3466,41.1,73.1333333333333
"2012",37.68194,-121.75139,161.2,71.4333333333333
"2012",37.69309,-121.8149,119.7,71.0333333333333
"2012",37.7178,-122.23301,1.5,61.6
"2012",37.728,-122.5052,2.4,55.6
"2012",37.745,-118.9833,2316.5,59.9
"2012",37.75027,-119.58972,1224.7,72.3333333333333
"2012",37.7592,-119.8208,2017.8,65.3
"2012",37.7617,-119.8247,2025.1,65.7666666666667
"2012",37.7705,-122.4269,45.7,59.2
"2012",37.7861,-122.1447,333.8,62.1
"2012",37.79589,-121.58319,18.6,75.9666666666667
"2012",37.7983,-122.2642,9.1,62.9666666666667
"2012",37.8172,-121.7789,621.8,72.5333333333333
"2012",37.8331,-120.5,310.9,77.5666666666667
"2012",37.8339,-122.0669,536.4,68.3
"2012",37.8431,-118.4778,1661.2,71.7666666666667
"2012",37.8444,-120.2258,853.4,71.4666666666667
"2012",37.8511,-119.65,2446,58.9666666666667
"2012",37.865,-122.2208,427.6,61.6666666666667
"2012",37.8744,-122.2605,94.5,62.4
"2012",37.8769,-119.3436,2649.9,52.75
"2012",37.8792,-121.9303,661.4,69.1666666666667
"2012",37.8817,-121.9142,1173.2,68.7666666666667
"2012",37.88997,-121.22637,8.3,74.3666666666667
"2012",37.8977,-122.5688,67.1,62.7
"2012",37.9191,-122.3772,6.1,61.9
"2012",37.9442,-122.1178,442,67.5333333333333
"2012",37.95,-121.8844,487.7,70.7666666666667
"2012",37.9566,-122.5447,44.2,67
"2012",37.9567,-119.1194,2071.7,68.2
"2012",37.9613,-119.783,1179.6,70.9
"2012",37.9672,-120.3872,510.5,72.2666666666667
"2012",37.9747,-119.9161,1452.4,71.4333333333333
"2012",37.9833,-122.0692,12.2,71.4
"2012",37.9833,-121.7525,18.3,74.15
"2012",37.9906,-122.6447,426.7,66.6
"2012",37.99165,-122.05268,7,70.0666666666667
"2012",37.9983,-122.5372,36.6,66.0666666666667
"2012",38.0047,-120.4863,292.6,78.6333333333333
"2012",38.0131,-122.1142,12.2,70.2
"2012",38.0281,-122.7022,378,60.3
"2012",38.0394,-122.57,457.2,65.1333333333333
"2012",38.0631,-120.2469,1503.6,72.9
"2012",38.07,-119.23,2878.8,58.4666666666667
"2012",38.2075,-122.28041,4.7,65
"2012",38.2119,-119.0142,2551.2,56.1
"2012",38.2428,-120.515,780,73.2666666666667
"2012",38.2486,-120.8433,200.6,76.5
"2012",38.2577,-122.6077,6.1,65.3333333333333
"2012",38.2719,-119.2892,2026.9,66.2333333333333
"2012",38.2736,-122.0677,12.2,70.35
"2012",38.2769,-120.3113,1431,59.8
"2012",38.2777,-122.2647,10.7,68.3666666666667
"2012",38.28,-119.61,2931.3,55.2
"2012",38.3,-119.55,2194,60.1333333333333
"2012",38.31,-119.6,2690.5,56.9666666666667
"2012",38.3208,-123.0747,19.2,54.7333333333333
"2012",38.37753,-121.95854,31.7,74.1666666666667
"2012",38.3894,-120.6511,902.2,76.6
"2012",38.4,-119.54,2838.6,56.3333333333333
"2012",38.4305,-122.8647,61,65.2333333333333
"2012",38.44,-119.37,2814.2,56.2
"2012",38.45579,-122.71335,50.6,66.5
"2012",38.4786,-122.7119,175.6,65.4333333333333
"2012",38.4883,-120.325,1524,69.55
"2012",38.4916,-122.1241,146.3,74.0333333333333
"2012",38.492,-122.0039,57,75.4
"2012",38.50369,-122.81101,36.2,66.2333333333333
"2012",38.50659,-121.49604,5.9,73.8333333333333
"2012",38.5066,-122.4713,68.6,71.0666666666667
"2012",38.51,-119.63,2357.9,56.6
"2012",38.515,-123.2447,34.1,55.1
"2012",38.5252,-121.9777,41.1,76.7
"2012",38.5349,-121.7761,18.3,73.0666666666667
"2012",38.55,-119.8,2671.6,60.5
"2012",38.5552,-121.4183,11.6,76
"2012",38.5653,-119.4592,1658.1,73.7666666666667
"2012",38.573,-122.4405,522.7,67.5333333333333
"2012",38.57682,-122.57811,106.7,69.6
"2012",38.5908,-120.9336,275.8,75.6
"2012",38.61,-119.92,2455.8,56.9
"2012",38.62935,-122.86646,53.9,69.2666666666667
"2012",38.67,-119.82,1863.9,64.3666666666667
"2012",38.67,-119.61,2532.9,59.0333333333333
"2012",38.68,-119.96,2443.6,59.3
"2012",38.6829,-121.794,20.4,75.9
"2012",38.6833,-119.7667,1676.7,67.1
"2012",38.69,-119.99,2546,56.3333333333333
"2012",38.70069,-121.59479,7.5,75.0666666666667
"2012",38.72,-119.89,2477.7,53.4666666666667
"2012",38.7333,-120.245,1597.2,65.6666666666667
"2012",38.73333,-120.73333,839.7,74.7666666666667
"2012",38.7383,-122.1447,107.9,77.7666666666667
"2012",38.7395,-119.518,1613,73.1666666666667
"2012",38.7583,-120.503,1051.6,68.6666666666667
"2012",38.7817,-122.9169,609.6,69.9
"2012",38.79296,-123.0263,121.9,72.6
"2012",38.8325,-121.0086,365.8,73.8666666666667
"2012",38.84,-119.89,2608.2,57.7666666666667
"2012",38.8489,-120.0181,1923.3,61.1
"2012",38.85,-120.08,2337.8,59.5
"2012",38.85,-119.94,2370.1,55.2
"2012",38.8619,-122.4172,670.6,73.5666666666667
"2012",38.8825,-121.2683,61,76.7333333333333
"2012",38.89838,-119.99617,1907,59.6
"2012",38.9056,-120.6972,1426.5,77.05
"2012",38.9119,-122.7064,659.3,74.9333333333333
"2012",38.92,-119.92,2615.8,54.8
"2012",38.93,-120.05,1900.7,58.0333333333333
"2012",38.933,-120.8008,914.7,74.5666666666667
"2012",38.9875,-123.3486,196.3,65.6
"2012",39,-120.13,2343.6,60.7666666666667
"2012",39.0189,-122.4119,635.5,77.1333333333333
"2012",39.0308,-123.0806,817.5,72.4333333333333
"2012",39.06,-120.1292,1924.8,58.7
"2012",39.0717,-120.4217,1597.2,67.5333333333333
"2012",39.0901,-120.947,723.3,75.3
"2012",39.0914,-120.7317,1327.4,71.4333333333333
"2012",39.10205,-121.56884,18.9,76.3
"2012",39.1258,-123.0736,975.4,71.0333333333333
"2012",39.12781,-123.20015,183.7,71.6666666666667
"2012",39.14,-120.22,2028.4,57.1333333333333
"2012",39.1439,-120.5089,2164.1,67.6
"2012",39.1678,-120.1428,1898.9,60.6
"2012",39.17,-120.15,2071.7,60.4
"2012",39.1836,-120.8847,861.4,72.7333333333333
"2012",39.1875,-122.0269,15.2,75.2333333333333
"2012",39.19,-120.26,2447.2,57.5333333333333
"2012",39.2041,-121.068,731.5,70.7333333333333
"2012",39.2083,-122.8083,1475.2,68.7666666666667
"2012",39.2466,-121.0008,847.6,71.2666666666667
"2012",39.27617,-120.70927,1611.2,67.6
"2012",39.3,-120.18,1983.9,62.7
"2012",39.3036,-121.1172,599.8,75.5333333333333
"2012",39.3167,-120.8375,1316.7,72.5666666666667
"2012",39.318,-120.145,1798.3,59.5333333333333
"2012",39.3239,-120.2331,1809.6,60.8
"2012",39.33,-120.37,2089.4,58.8666666666667
"2012",39.3528,-123.6011,180.7,62.6333333333333
"2012",39.3619,-123.1286,310.3,69.5
"2012",39.3669,-122.575,365.8,75.6333333333333
"2012",39.3886,-120.0936,1699.3,59.7666666666667
"2012",39.3975,-121.3861,244.8,76.6666666666667
"2012",39.4172,-122.1825,36.6,75.9666666666667
"2012",39.4194,-123.3425,412.4,65.7
"2012",39.425,-122.9772,540.4,69.8333333333333
"2012",39.43,-120.31,2545.7,58.5333333333333
"2012",39.45,-120.29,2134.5,57.4
"2012",39.4539,-120.6556,1641.3,64.4
"2012",39.475,-121.2025,1132,72.3
"2012",39.4833,-120.075,2093.1,62.7666666666667
"2012",39.49,-120.28,1967.8,57.5
"2012",39.4943,-121.62226,56.9,76.05
"2012",39.51,-123.75639,37.5,55.5666666666667
"2012",39.5177,-121.553,52.1,75
"2012",39.5214,-120.0269,1654.8,64.8
"2012",39.52316,-122.3048,71.3,75.4
"2012",39.53194,-121.1611,1130.8,66
"2012",39.5619,-120.0478,1821.5,64.6666666666667
"2012",39.5633,-120.8238,888.5,67.5333333333333
"2012",39.5861,-122.5341,243.8,75.2
"2012",39.6375,-120.8653,2033,70.9
"2012",39.6514,-122.7236,1310.6,70.8666666666667
"2012",39.6681,-123.3211,740.1,65.4
"2012",39.7022,-123.485,554.7,69.2666666666667
"2012",39.7119,-121.7789,70.1,76.3
"2012",39.7358,-121.4889,759,75.6333333333333
"2012",39.7458,-122.1997,77.4,76.4333333333333
"2012",39.7538,-121.6241,533.4,76.5
"2012",39.8053,-120.4719,1478.3,65.25
"2012",39.8056,-120.1858,1508.8,65.3
"2012",39.8075,-122.945,1652,65.7333333333333
"2012",39.8158,-123.2444,430.7,71.3
"2012",39.8333,-123.0833,457.2,73.5666666666667
"2012",39.8644,-122.6097,317,80.9333333333333
"2012",39.8716,-121.6108,826,76
"2012",39.8717,-121.7689,528.2,81.9
"2012",39.9278,-122.6569,1131.7,73.7666666666667
"2012",39.9366,-120.9475,1042.4,65.5666666666667
"2012",39.9389,-122.1697,89.6,78.1
"2012",39.9717,-120.0828,1338.1,67.6666666666667
"2012",39.9733,-120.9419,1066.8,68.5333333333333
"2012",40.0017,-120.915,1377.7,71.4333333333333
"2012",40.0222,-120.1056,1292.4,71.6666666666667
"2012",40.0686,-121.5825,1466.7,69.6
"2012",40.1383,-123.8236,135.9,66.4333333333333
"2012",40.1417,-120.3533,1767.8,69.8
"2012",40.15186,-122.25478,108,79.2666666666667
"2012",40.1705,-121.0886,1389.9,62.95
"2012",40.1867,-123.5903,281.3,67.3666666666667
"2012",40.2461,-120.6422,1737.4,64.7333333333333
"2012",40.2506,-123.3158,832.7,66.3333333333333
"2012",40.2569,-124.2661,899.2,61.7
"2012",40.295,-122.8667,1066.8,71.9333333333333
"2012",40.30209,-121.24391,1387.1,63.0666666666667
"2012",40.3067,-120.9,1767.8,65.2333333333333
"2012",40.3375,-123.0656,1378.8,68.1666666666667
"2012",40.3442,-121.7136,1267.7,73.8333333333333
"2012",40.3983,-122.8333,579.1,75.6333333333333
"2012",40.4167,-120.6631,1283.8,67.6666666666667
"2012",40.4633,-123.5239,845.8,65.1666666666667
"2012",40.4808,-120.1139,1339.6,66.3666666666667
"2012",40.4833,-124.1038,41.5,60.5666666666667
"2012",40.505,-123.3417,1219.2,66.7666666666667
"2012",40.51462,-122.29773,152.6,78.9333333333333
"2012",40.5158,-122.2906,152.4,78.9333333333333
"2012",40.54,-121.5803,1725.2,58.6666666666667
"2012",40.55,-123.165,708.1,67.9
"2012",40.5981,-121.0831,1722.1,57.9
"2012",40.6116,-122.528,394.7,78.2666666666667
"2012",40.6194,-121.8994,736.7,75.2
"2012",40.6306,-120.5028,1554.5,65.0666666666667
"2012",40.6507,-122.6068,432.2,76.3
"2012",40.7141,-122.4161,327.7,78.6666666666667
"2012",40.7219,-123.4953,792.5,68.5333333333333
"2012",40.7263,-122.7947,567.2,70.5666666666667
"2012",40.7308,-120.3164,1614.8,66.1
"2012",40.7333,-123.2333,457.2,73.2333333333333
"2012",40.73529,-122.9441,627.3,69.3666666666667
"2012",40.7405,-123.2077,381.9,69.6666666666667
"2012",40.7586,-120.8961,1889.8,62.0333333333333
"2012",40.7817,-120.7844,1877,62.4333333333333
"2012",40.7864,-122.8045,1008.3,69.8
"2012",40.8072,-121.2967,1752.6,66
"2012",40.8097,-124.1602,6.1,56.2
"2012",40.8802,-121.6547,974.8,62.35
"2012",40.8892,-123.1422,1432.6,69.5333333333333
"2012",40.9167,-122.4383,1280.2,72.9
"2012",40.9258,-121.5856,1130.8,70.1
"2012",40.9316,-121.5433,919,66.3
"2012",40.97844,-124.10479,64.5,55.2
"2012",41.0064,-121.9833,518.2,74.3
"2012",41.0478,-123.6714,114.3,69.4333333333333
"2012",41.0519,-120.6861,1554.5,61.9
"2012",41.0547,-120.3375,1711.5,63.1666666666667
"2012",41.075,-122.3733,731.5,75.0333333333333
"2012",41.0975,-123.6358,1088.1,64.2
"2012",41.1117,-122.6967,1341.1,72.2
"2012",41.1383,-123.9056,804.7,60.2
"2012",41.1831,-122.28167,661.1,69.1333333333333
"2012",41.24,-120.79,1886.7,56.5333333333333
"2012",41.2694,-123.1875,1815.4,63.5666666666667
"2012",41.2706,-120.29845,1621.2,59.6
"2012",41.2769,-121.9794,975.4,61.2
"2012",41.2897,-123.8575,150.9,67.2333333333333
"2012",41.2944,-120.8639,1463,67.1666666666667
"2012",41.295,-120.3133,1889.8,62.4333333333333
"2012",41.3003,-123.1322,668.1,70.2333333333333
"2012",41.30206,-123.53851,122.8,70.8
"2012",41.3075,-122.7958,955.9,70.3666666666667
"2012",41.314893,-122.317127,1083,66.2333333333333
"2012",41.3156,-122.3156,0,67.1333333333333
"2012",41.32175,-122.31725,1101.2,65.6666666666667
"2012",41.3322,-120.4725,1332.6,65.9
"2012",41.3378,-122.82484,940.3,65.0666666666667
"2012",41.3619,-124.0191,48.8,56.1
"2012",41.39,-123.4958,280.4,73.8
"2012",41.4272,-121.4639,1602.6,66.7333333333333
"2012",41.4342,-120.8678,1314.3,65.6
"2012",41.4589,-120.3536,1335,64.3666666666667
"2012",41.4789,-122.4539,893.1,69.6
"2012",41.48362,-120.5615,1335.9,63.9666666666667
"2012",41.53,-120.6714,1530.7,66.4333333333333
"2012",41.5301,-120.1791,1428.9,69.9666666666667
"2012",41.58,-120.3,2142.7,60.6
"2012",41.5992,-122.9336,1287.8,70.1666666666667
"2012",41.6294,-121.2981,1511.8,66.2333333333333
"2012",41.6431,-121.7939,1502.1,65.4666666666667
"2012",41.6853,-122.5942,914.4,71.6
"2012",41.70237,-122.64169,826.6,69.1333333333333
"2012",41.7358,-123.7917,1615.4,55.1
"2012",41.7417,-121.5383,1453.9,66.1
"2012",41.77373,-122.46825,806.1,68.7333333333333
"2012",41.775,-122.9503,1674.3,63.4
"2012",41.78361,-124.23796,17,55.6666666666667
"2012",41.7861,-122.0056,1645.9,65.8333333333333
"2012",41.7958,-124.2147,13.1,55.9333333333333
"2012",41.8386,-122.85,591.3,69.9666666666667
"2012",41.8458,-123.9792,152.4,66
"2012",41.8586,-123.3525,1423.4,67.4
"2012",41.8715,-120.1574,1444.4,71.55
"2012",41.89,-120.75,1575.8,58.45
"2012",41.95999,-121.47449,1230.8,62.5
"2012",41.97983,-122.33811,812.3,69.9333333333333
"2012",41.99,-120.18,2243.3,55.4666666666667
"2012",41.9919,-123.6036,1210.1,62.7333333333333
"2012",41.9992,-121.7003,1249.1,62.1666666666667
"2013",32.56797,-117.11715,7.2,66.9333333333333
"2013",32.57583,-116.99391,158.9,68.9333333333333
"2013",32.6058,-116.6089,714.8,72.4333333333333
"2013",32.6261,-116.4681,805,71.8666666666667
"2013",32.6263,-116.4699,801.6,72.0333333333333
"2013",32.64,-117.0858,17.1,69.4666666666667
"2013",32.685,-116.9736,129.5,69.8
"2013",32.69219,-117.20983,4.4,72.2
"2013",32.7214,-116.4631,1049.4,66.9
"2013",32.7336,-117.1831,4.6,69.1666666666667
"2013",32.7397,-114.8839,66.1,93.0333333333333
"2013",32.76654,-115.56638,-9.1,91.9
"2013",32.8005,-116.928,150.9,73.2
"2013",32.81453,-117.13747,127.5,70.4
"2013",32.83241,-115.66377,-14.1,91.2333333333333
"2013",32.8336,-116.7392,622.1,75.8
"2013",32.83464,-115.57656,-16.8,91.7333333333333
"2013",32.8358,-116.7774,516.6,73
"2013",32.8488,-115.5666,-19.5,91
"2013",32.8569,-116.6222,1060.7,73.3333333333333
"2013",32.86667,-117.13333,145.4,69.6666666666667
"2013",32.8672,-116.4194,1804.4,69.7333333333333
"2013",32.8797,-116.4203,1755.6,67.1
"2013",32.8856,-116.8149,182.9,69.7666666666667
"2013",32.9083,-114.4944,91.4,94.1333333333333
"2013",32.9897,-116.5872,1414.3,70.7333333333333
"2013",32.9903,-116.0669,231.6,94.4
"2013",33.0164,-116.6339,0,73.3
"2013",33.01953,-117.03096,197.5,73.1333333333333
"2013",33.0216,-117.0813,210.3,71.1
"2013",33.03801,-116.915979,422,71.4333333333333
"2013",33.0736,-116.8458,466.3,72.7
"2013",33.0758,-116.5908,1292.4,73.1333333333333
"2013",33.0763,-116.5925,1284.7,73.3
"2013",33.121,-117.09,182.9,74.1666666666667
"2013",33.12993,-117.27651,95.3,69.0333333333333
"2013",33.1552,-116.1688,118.9,93.4
"2013",33.2097,-117.395,3,66.5333333333333
"2013",33.21946,-117.34962,9.1,68.7333333333333
"2013",33.2222,-116.4975,1345.7,77
"2013",33.2354,-117.2322,131.1,69.5
"2013",33.2372,-117.0086,452,72.6333333333333
"2013",33.2372,-116.7614,823,70.8333333333333
"2013",33.2559,-116.4036,246.9,91.1333333333333
"2013",33.30424,-117.35508,21.4,71.5
"2013",33.378,-116.84,1691.6,73.1
"2013",33.3933,-116.795,838.8,74.7
"2013",33.40419,-118.41456,477,67.4333333333333
"2013",33.4392,-117.1904,347.5,72.5333333333333
"2013",33.4833,-119.0333,53.6,62.8
"2013",33.5286,-117.2306,603.5,72.3666666666667
"2013",33.5417,-117.5917,213.4,70.6666666666667
"2013",33.555,-116.673,1194.8,72.5666666666667
"2013",33.5697,-116.073,-55.8,91.5666666666667
"2013",33.6031,-117.8836,3,66.6333333333333
"2013",33.61876,-114.71451,120.4,93.3
"2013",33.63166,-116.16412,-36,90.6
"2013",33.6472,-117.4111,926,77.7666666666667
"2013",33.6617,-115.7206,520,87.3
"2013",33.6667,-116.7667,1499.6,74.3666666666667
"2013",33.67975,-117.86746,13,71.5333333333333
"2013",33.686,-117.3458,386.5,80.1666666666667
"2013",33.7044,-115.6289,417.6,88.9333333333333
"2013",33.7086,-116.2152,-6.4,93.5
"2013",33.72,-117.723,164.6,71.7333333333333
"2013",33.7381,-116.8939,552,78.3333333333333
"2013",33.7403,-116.8414,594.4,79.1333333333333
"2013",33.7442,-117.8667,41.1,72.4333333333333
"2013",33.7572,-116.7066,1639.8,71.3666666666667
"2013",33.7965,-116.9753,464.8,79.2333333333333
"2013",33.8016,-118.3419,27.4,68.2333333333333
"2013",33.80807,-115.45138,296.6,91.6333333333333
"2013",33.8081,-117.7111,542.8,71.2
"2013",33.81177,-118.14718,10.2,71.8666666666667
"2013",33.82216,-116.50433,124.7,91.4333333333333
"2013",33.8275,-116.5097,129.5,91.3666666666667
"2013",33.8647,-117.8425,70.7,73.9666666666667
"2013",33.87154,-117.98561,26.3,76
"2013",33.8767,-117.3089,524.3,75.1666666666667
"2013",33.89765,-117.60243,162.5,72.1333333333333
"2013",33.9,-117.25,468.2,77.85
"2013",33.92353,-118.33291,16.6,69.6666666666667
"2013",33.9306,-116.95,793.7,77.5666666666667
"2013",33.93816,-118.3866,29.7,68.5
"2013",33.9511,-117.388,256,77.6666666666667
"2013",33.95282,-117.43523,257.7,77.6
"2013",33.97563,-117.62487,193.9,75.6666666666667
"2013",33.9778,-120.0778,395.6,59.7333333333333
"2013",33.9839,-118.01,289.6,72.2666666666667
"2013",33.9958,-119.7222,76.2,66.7666666666667
"2013",34.005,-118.4139,28,68.4333333333333
"2013",34.0178,-116.1878,1280.2,77.7
"2013",34.02099,-118.44712,53.3,68.1
"2013",34.037,-117.1948,429.8,76.8666666666667
"2013",34.0456,-118.9358,15.2,65.7333333333333
"2013",34.05314,-117.57689,281.6,77.5333333333333
"2013",34.0583,-118.6333,480.1,71.9
"2013",34.0608,-114.7322,249.9,92.9666666666667
"2013",34.0678,-118.2417,115.2,71.7333333333333
"2013",34.0697,-118.4427,131.1,68.2333333333333
"2013",34.0836,-117.0347,899.2,77.0333333333333
"2013",34.0842,-118.1003,110.6,73.7333333333333
"2013",34.0864,-116.5622,958.6,81.5666666666667
"2013",34.0869,-118.4794,340.5,68.8
"2013",34.1206,-115.85,419.4,91.6666666666667
"2013",34.1208,-117.9458,152.4,76.8333333333333
"2013",34.1233,-116.4078,993.6,80.7666666666667
"2013",34.125,-118.4122,384,75.1
"2013",34.128,-116.0369,602,90
"2013",34.1294,-116.3879,990.3,81.1666666666667
"2013",34.1369,-117.7069,501.4,73.9333333333333
"2013",34.1471,-116.2747,781.2,84.8
"2013",34.1472,-115.1219,281,95.05
"2013",34.1483,-118.1447,263.3,76
"2013",34.1553,-117.9078,226.8,78.9
"2013",34.1819,-118.5744,240.8,76.3666666666667
"2013",34.1847,-118.7172,502.9,75.5333333333333
"2013",34.1866,-118.348,199.6,73
"2013",34.1942,-116.9131,1712.4,69.4
"2013",34.19966,-118.36543,222.7,76.7
"2013",34.20012,-119.20417,11.9,64.5333333333333
"2013",34.2066,-119.1375,15.8,66.6333333333333
"2013",34.2069,-117.7606,792.5,75.1
"2013",34.2103,-116.6339,1828.8,74.8
"2013",34.21142,-119.08762,21.6,68.7333333333333
"2013",34.21214,-118.49146,239.2,76.6666666666667
"2013",34.2182,-116.4073,1050,82.7333333333333
"2013",34.2211,-117.4044,627,76.1
"2013",34.2308,-118.0711,1740.4,73.3666666666667
"2013",34.2339,-117.4803,851,74.4666666666667
"2013",34.243,-116.917,2058.3,64.7
"2013",34.2447,-118.525,275.5,75.7
"2013",34.2661,-116.8989,2103.1,63.2
"2013",34.2711,-118.1525,914.4,75.7
"2013",34.28964,-114.17137,224.9,92.25
"2013",34.2936,-118.3608,423.7,72.4
"2013",34.3194,-117.0131,2091.2,67.5333333333333
"2013",34.3317,-118.0303,1661.2,74.1333333333333
"2013",34.3591,-116.5378,965.3,81.9
"2013",34.3617,-118.4217,1219.2,74.4333333333333
"2013",34.3717,-118.8408,501.4,71.3666666666667
"2013",34.3789,-117.6919,2108.3,69.3333333333333
"2013",34.3903,-118.0825,1530.4,73.1333333333333
"2013",34.3906,-116.5169,883.9,85.0666666666667
"2013",34.3933,-118.5938,538,78.2
"2013",34.4141,-119.8796,5.5,63.2666666666667
"2013",34.4167,-119.6844,4.9,66.8
"2013",34.4206,-117.2661,931.2,79.8333333333333
"2013",34.4241,-119.84249,2.5,65.5
"2013",34.425,-118.525,442,76.6666666666667
"2013",34.4311,-118.6828,389.5,76.0333333333333
"2013",34.4456,-117.8511,1152.1,77.0333333333333
"2013",34.4458,-118.2,792.5,76.4666666666667
"2013",34.4477,-119.2275,227.1,72.5
"2013",34.4614,-119.6481,457.2,69.5333333333333
"2013",34.4806,-118.7556,347.5,74.2
"2013",34.5025,-117.8969,945.2,81.3666666666667
"2013",34.52527,-117.29638,850.1,81.6666666666667
"2013",34.5358,-119.7833,310.9,75.35
"2013",34.5431,-119.1842,1015.3,68.1333333333333
"2013",34.5594,-115.7443,200.6,94.8
"2013",34.5686,-118.7403,1255.8,75.4
"2013",34.58223,-119.98159,240.5,69.8666666666667
"2013",34.58511,-120.40826,77.4,64.9
"2013",34.5883,-118.0938,796.1,81.6
"2013",34.58998,-118.45412,658.7,77.4333333333333
"2013",34.5958,-118.5786,1502.7,76.7666666666667
"2013",34.62944,-118.08309,764.7,81.4
"2013",34.6344,-117.5503,877.8,84.7666666666667
"2013",34.6538,-120.4513,22.9,64
"2013",34.6819,-119.3539,1118.6,75.3
"2013",34.6847,-117.8208,789.4,82.5
"2013",34.705,-118.4297,932.7,80
"2013",34.7325,-118.3833,841.2,81.8666666666667
"2013",34.7331,-120.0067,975.4,75.4
"2013",34.74121,-118.21255,712.6,82.2666666666667
"2013",34.74361,-118.72528,1374.6,76.5
"2013",34.7586,-120.4861,320,61.4666666666667
"2013",34.76783,-114.61842,270.6,96.1333333333333
"2013",34.8083,-119.0125,1493.5,65.1333333333333
"2013",34.83328,-118.86497,1089.7,72.0666666666667
"2013",34.85371,-116.78702,584.8,88.6666666666667
"2013",34.8927,-117.0219,676.7,85.5666666666667
"2013",34.89403,-120.45216,74.2,64.7333333333333
"2013",34.9455,-119.6827,658.4,75.1333333333333
"2013",34.988,-120.3211,177.4,68.3
"2013",34.98833,-117.86472,695.9,81.8333333333333
"2013",35.0964,-119.7728,759,78.8666666666667
"2013",35.1011,-118.4222,1286.3,75.3
"2013",35.1231,-115.4114,1649.9,75.7333333333333
"2013",35.1542,-117.1756,987.6,83.0333333333333
"2013",35.1658,-118.6438,1249.7,64.85
"2013",35.1792,-120.3919,319.4,69.7333333333333
"2013",35.1889,-120.0833,1149.1,75.7
"2013",35.2111,-118.8336,137.2,82.1
"2013",35.23815,-120.64406,55.8,66.5333333333333
"2013",35.27611,-116.06278,293.2,92.3666666666667
"2013",35.3056,-120.6619,93.9,66.8333333333333
"2013",35.3372,-120.5038,424.3,75.6666666666667
"2013",35.367,-120.8447,36,64.6
"2013",35.3692,-117.6525,1088.1,81.9333333333333
"2013",35.37,-117.5683,1103.4,82.6
"2013",35.3741,-120.6375,349.9,71.6
"2013",35.3811,-120.1875,496.8,74.1
"2013",35.3836,-118.4122,1290.8,71.6666666666667
"2013",35.4028,-119.47,68.6,81.8
"2013",35.4186,-119.0508,143.3,82.5333333333333
"2013",35.43424,-119.05524,149.3,83.5666666666667
"2013",35.4783,-117.6989,1338.1,80.3
"2013",35.4867,-119.1458,123.1,75.5333333333333
"2013",35.5317,-118.6303,718.1,81.35
"2013",35.5892,-119.352,88.7,82.6
"2013",35.6277,-120.6855,222.5,72.3333333333333
"2013",35.6564,-120.9242,303,71.2
"2013",35.6647,-118.0569,1698.3,76.2666666666667
"2013",35.66936,-120.62918,249.8,73.8333333333333
"2013",35.6841,-121.1683,465.1,66
"2013",35.686254,-117.690911,680,85.65
"2013",35.7217,-118.4989,960.1,77.8333333333333
"2013",35.7269,-118.7006,957.1,70.1666666666667
"2013",35.7636,-117.3908,516.6,89.4
"2013",35.7683,-119.26,92,81.3666666666667
"2013",35.7706,-115.9092,1524,80.3666666666667
"2013",35.8644,-120.8031,163.7,75.2666666666667
"2013",35.8717,-117.9183,1264.9,84.1333333333333
"2013",35.8842,-118.0517,2507.9,64.7
"2013",35.8889,-118.6333,1133.9,75.4
"2013",35.8922,-118.915,64,80.4666666666667
"2013",35.8989,-120.4319,467.9,74.8
"2013",35.9717,-118.545,1432.6,68.1
"2013",36.0067,-119.96,73.2,81.7333333333333
"2013",36.0117,-121.2417,335.3,73.7
"2013",36.0333,-120.0569,246.9,82.8333333333333
"2013",36.0931,-118.2603,2499.4,61.6
"2013",36.0975,-119.5817,61,80.9
"2013",36.1203,-117.0878,2097,72.9
"2013",36.1356,-120.3606,204.2,85.3666666666667
"2013",36.1388,-117.9527,1165.9,85.5666666666667
"2013",36.1753,-118.7017,987.6,79.0666666666667
"2013",36.2032,-119.0545,132.6,77.65
"2013",36.2069,-121.1377,97.5,68.8666666666667
"2013",36.23,-121.4917,298.7,72.2
"2013",36.2314,-118.8689,586.1,82.2666666666667
"2013",36.2472,-121.7802,61,63.0333333333333
"2013",36.3114,-119.62319,76,80.7333333333333
"2013",36.3158,-119.637,72.2,81.4
"2013",36.32833,-119.2997,92.4,77.1
"2013",36.33333,-119.95,70.7,83.35
"2013",36.3478,-120.5978,1524,72
"2013",36.3642,-120.1561,86.9,81
"2013",36.3817,-119.0264,156.4,80.2
"2013",36.3825,-120.8558,1137.8,75.1333333333333
"2013",36.3886,-121.5517,574.5,68.3333333333333
"2013",36.4108,-118.8092,1966,70.4
"2013",36.445,-118.7033,1597.2,74.9333333333333
"2013",36.46263,-116.8672,-59.1,102.6
"2013",36.4708,-121.1472,402.9,74.8
"2013",36.4805,-121.7244,146.3,64.6333333333333
"2013",36.4819,-121.1822,398.4,71.55
"2013",36.4914,-118.8253,520.6,82.65
"2013",36.5625,-117.4736,2097,70.4333333333333
"2013",36.5672,-118.9556,1240.2,77.4
"2013",36.59041,-121.84881,48.8,61.5333333333333
"2013",36.5927,-121.8555,37.2,59.8833333333333
"2013",36.602,-117.1449,25.6,100.4
"2013",36.6044,-118.7325,2052.8,59.8666666666667
"2013",36.6594,-121.6663,13.7,63.1
"2013",36.66352,-121.60928,22.3,63.3333333333333
"2013",36.6853,-119,1237.5,74.05
"2013",36.7242,-118.9425,2298.2,64.8666666666667
"2013",36.7269,-120.7658,619.4,79
"2013",36.73751,-118.96197,2005.6,64.7
"2013",36.7672,-119.7092,103,83.9333333333333
"2013",36.77999,-119.72016,101.9,83.6666666666667
"2013",36.798,-118.2036,1204,83.1333333333333
"2013",36.8422,-121.3622,123.1,67.4333333333333
"2013",36.8425,-118.2594,1479.8,80.1
"2013",36.8483,-121.4213,83.8,66.9333333333333
"2013",36.8839,-119.4658,280.4,83.9333333333333
"2013",36.9092,-119.0883,528.8,80.0666666666667
"2013",36.9111,-119.305,469.4,82.1
"2013",36.9308,-121.7691,29,63.2666666666667
"2013",36.93936,-121.79001,49.5,62.7333333333333
"2013",36.9539,-120.0378,82.3,78
"2013",36.9614,-119.175,1538.6,75.0333333333333
"2013",36.98505,-120.11068,76.6,78.6
"2013",36.98785,-121.99952,21.3,65.6666666666667
"2013",36.9911,-121.7978,137.2,65.2666666666667
"2013",36.99574,-119.70691,131.1,79.6666666666667
"2013",37.003,-121.5608,59.1,70
"2013",37.0153,-119.5678,366.1,77.5333333333333
"2013",37.0544,-119.3711,1249.7,76.5
"2013",37.0547,-121.0531,106.7,78.1333333333333
"2013",37.0563,-120.8666,36.6,77.9333333333333
"2013",37.0664,-119.0394,1727.6,62.1666666666667
"2013",37.08689,-122.08221,132.6,69.8333333333333
"2013",37.0919,-119.5128,637,80.1
"2013",37.1317,-122.17,801.6,67.35
"2013",37.135,-119.2561,1751.4,63.3333333333333
"2013",37.1822,-120.7939,19.8,75.7666666666667
"2013",37.2028,-121.9428,609.6,70
"2013",37.2319,-121.9592,111.3,69.5
"2013",37.2319,-119.5083,963.2,79.4
"2013",37.2331,-119.5047,829.1,79.6666666666667
"2013",37.2381,-120.8825,23.8,73.5
"2013",37.2811,-121.0177,27.4,79.7
"2013",37.28597,-120.51788,46.5,78.7333333333333
"2013",37.3053,-122.255,265.8,63.1
"2013",37.3133,-122.185,691.9,67.6
"2013",37.3147,-119.0383,2256.4,64.1
"2013",37.3292,-121.2939,563.9,76.7
"2013",37.34336,-121.63473,1286.3,69.7
"2013",37.3581,-122.1472,196.6,68.7666666666667
"2013",37.35938,-121.92444,15,68.5666666666667
"2013",37.37114,-118.35886,1252.8,76.4666666666667
"2013",37.3761,-119.1783,2748.7,59.3333333333333
"2013",37.39,-118.5506,1414.3,79.1666666666667
"2013",37.4058,-122.0481,11.9,67.7
"2013",37.4094,-119.7681,937.9,81.3666666666667
"2013",37.4286,-122.2561,115.8,70.3
"2013",37.4431,-121.7706,629.7,68.7333333333333
"2013",37.4436,-122.1402,7.6,67.2
"2013",37.4681,-120.1106,365.8,80.4
"2013",37.4725,-122.4433,8.2,59.6666666666667
"2013",37.475,-122.2981,196.3,67.1
"2013",37.4767,-122.2386,9.4,68.5666666666667
"2013",37.5019,-121.7355,932.7,70.2666666666667
"2013",37.5042,-119.9869,680,76.5666666666667
"2013",37.5122,-119.6331,1538.3,64.8666666666667
"2013",37.5147,-122.0325,3,66.7
"2013",37.5422,-122.0158,11.6,66.9333333333333
"2013",37.5514,-118.6672,2145.8,66.2666666666667
"2013",37.5531,-121.8439,374.9,66.5666666666667
"2013",37.5625,-122.4364,327.7,59.8
"2013",37.61962,-122.36562,3.2,63.3
"2013",37.62544,-120.95492,26.5,78.0666666666667
"2013",37.6478,-118.9617,2378.7,60.9333333333333
"2013",37.65886,-122.12116,9.6,65.3333333333333
"2013",37.6819,-121.3466,41.1,73.7333333333333
"2013",37.68194,-121.75139,161.2,72.3333333333333
"2013",37.69309,-121.8149,119.7,72.5333333333333
"2013",37.7178,-122.23301,1.5,64.2666666666667
"2013",37.728,-122.5052,2.4,57.6
"2013",37.745,-118.9833,2316.5,59.8666666666667
"2013",37.75027,-119.58972,1224.7,73.4333333333333
"2013",37.7592,-119.8208,2017.8,66.3666666666667
"2013",37.7617,-119.8247,2025.1,67
"2013",37.7705,-122.4269,45.7,60.4666666666667
"2013",37.7861,-122.1447,333.8,62.7666666666667
"2013",37.79589,-121.58319,18.6,77.0666666666667
"2013",37.7983,-122.2642,9.1,64.5666666666667
"2013",37.8172,-121.7789,621.8,73.4333333333333
"2013",37.8331,-120.5,310.9,78.1666666666667
"2013",37.8339,-122.0669,536.4,68.4333333333333
"2013",37.8431,-118.4778,1661.2,73.1666666666667
"2013",37.8444,-120.2258,853.4,76.7
"2013",37.8511,-119.65,2446,59.5
"2013",37.865,-122.2208,427.6,61.6
"2013",37.8744,-122.2605,94.5,63.5333333333333
"2013",37.8769,-119.3436,2649.9,53.0666666666667
"2013",37.8792,-121.9303,661.4,69.8
"2013",37.8817,-121.9142,1173.2,70.2
"2013",37.88997,-121.22637,8.3,75.5
"2013",37.8977,-122.5688,67.1,63.0333333333333
"2013",37.9191,-122.3772,6.1,61.9
"2013",37.9442,-122.1178,442,66.9
"2013",37.95,-121.8844,487.7,70.9
"2013",37.9566,-122.5447,44.2,67.5666666666667
"2013",37.9567,-119.1194,2071.7,67.6666666666667
"2013",37.9672,-120.3872,510.5,72.8666666666667
"2013",37.9833,-122.0692,12.2,72.4333333333333
"2013",37.9833,-121.7525,18.3,74.2333333333333
"2013",37.9906,-122.6447,426.7,66.3
"2013",37.99165,-122.05268,7,70.9
"2013",37.9983,-122.5372,36.6,68.2
"2013",38.0047,-120.4863,292.6,79.8666666666667
"2013",38.0131,-122.1142,12.2,70.1333333333333
"2013",38.0281,-122.7022,378,63.8666666666667
"2013",38.0394,-122.57,457.2,65.5333333333333
"2013",38.0631,-120.2469,1503.6,73.8666666666667
"2013",38.07,-119.23,2878.8,58.4666666666667
"2013",38.1061,-121.2877,12.2,74
"2013",38.2075,-122.28041,4.7,66.3666666666667
"2013",38.2119,-119.0142,2551.2,55.7
"2013",38.2428,-120.515,780,74.4
"2013",38.2575,-119.2286,1972.1,62.2
"2013",38.2577,-122.6077,6.1,66.0333333333333
"2013",38.2719,-119.2892,2026.9,66.1
"2013",38.2736,-122.0677,12.2,73.2
"2013",38.2777,-122.2647,10.7,68.9666666666667
"2013",38.28,-119.61,2931.3,55.4
"2013",38.2994,-122.4622,29.6,68.3333333333333
"2013",38.3,-119.55,2194,60.1
"2013",38.31,-119.6,2690.5,57.0666666666667
"2013",38.3208,-123.0747,19.2,56.5666666666667
"2013",38.37753,-121.95854,31.7,75
"2013",38.3858,-122.9661,263.7,63.8333333333333
"2013",38.3894,-120.6511,902.2,77.3
"2013",38.4,-119.54,2838.6,56.5
"2013",38.4305,-122.8647,61,65.8333333333333
"2013",38.44,-119.37,2814.2,56.0333333333333
"2013",38.4786,-122.7119,175.6,65.7666666666667
"2013",38.4883,-120.325,1524,74.1333333333333
"2013",38.4916,-122.1241,146.3,74.6666666666667
"2013",38.492,-122.0039,57,76.5333333333333
"2013",38.50369,-122.81101,36.2,67.0333333333333
"2013",38.50659,-121.49604,5.9,74.7666666666667
"2013",38.5066,-122.4713,68.6,71.7666666666667
"2013",38.51,-119.63,2357.9,56.5333333333333
"2013",38.5252,-121.9777,41.1,76.9666666666667
"2013",38.5349,-121.7761,18.3,74.5
"2013",38.55,-119.8,2671.6,57.2666666666667
"2013",38.5552,-121.4183,11.6,76.7666666666667
"2013",38.5653,-119.4592,1658.1,73.8
"2013",38.573,-122.4405,522.7,67.7
"2013",38.57682,-122.57811,106.7,70.6
"2013",38.5908,-120.9336,275.8,75.9333333333333
"2013",38.61,-119.92,2455.8,57.4
"2013",38.67,-119.82,1863.9,64.5
"2013",38.67,-119.61,2532.9,59.4666666666667
"2013",38.68,-119.96,2443.6,59.6333333333333
"2013",38.6829,-121.794,20.4,75.4666666666667
"2013",38.6833,-119.7667,1676.7,66.7
"2013",38.69,-119.99,2546,56.7666666666667
"2013",38.70069,-121.59479,7.5,75.3666666666667
"2013",38.72,-119.89,2477.7,53.7
"2013",38.7333,-120.245,1597.2,66.7333333333333
"2013",38.7383,-122.1447,107.9,78.4
"2013",38.7395,-119.518,1613,73.2
"2013",38.7583,-120.503,1051.6,69.0666666666667
"2013",38.7817,-122.9169,609.6,68.7333333333333
"2013",38.7852,-120.7419,810.2,75.4
"2013",38.79296,-123.0263,121.9,73.1
"2013",38.8325,-121.0086,365.8,74.9666666666667
"2013",38.84,-119.89,2608.2,57.7333333333333
"2013",38.85,-120.08,2337.8,60.0666666666667
"2013",38.85,-119.94,2370.1,55.2666666666667
"2013",38.8619,-122.4172,670.6,74.3333333333333
"2013",38.8825,-121.2683,61,77.8666666666667
"2013",38.9056,-120.6972,1426.5,73.7666666666667
"2013",38.9119,-122.7064,659.3,75.9666666666667
"2013",38.92,-119.92,2615.8,55.4
"2013",38.93,-120.05,1900.7,58.4
"2013",38.933,-120.8008,914.7,74.7333333333333
"2013",38.9875,-123.3486,196.3,67.9666666666667
"2013",39,-120.13,2343.6,61.3666666666667
"2013",39.0189,-122.4119,635.5,78.8333333333333
"2013",39.06,-120.1292,1924.8,60.3
"2013",39.0717,-120.4217,1597.2,69.5333333333333
"2013",39.0901,-120.947,723.3,75.9
"2013",39.0914,-120.7317,1327.4,72.4333333333333
"2013",39.10205,-121.56884,18.9,77.3
"2013",39.1258,-123.0736,975.4,71.8666666666667
"2013",39.12781,-123.20015,183.7,73.1666666666667
"2013",39.14,-120.22,2028.4,58.0666666666667
"2013",39.1678,-120.1428,1898.9,61.3666666666667
"2013",39.17,-120.15,2071.7,61.3666666666667
"2013",39.1836,-120.8847,861.4,73.7333333333333
"2013",39.1875,-122.0269,15.2,74.6
"2013",39.19,-120.26,2447.2,58.4666666666667
"2013",39.2041,-121.068,731.5,71.7333333333333
"2013",39.2083,-122.8083,1475.2,70.1333333333333
"2013",39.2466,-121.0008,847.6,71.9666666666667
"2013",39.3,-120.18,1983.9,63.9666666666667
"2013",39.3036,-121.1172,599.8,76.5
"2013",39.3167,-120.8375,1316.7,73.2333333333333
"2013",39.318,-120.145,1798.3,60.1
"2013",39.3239,-120.2331,1809.6,60
"2013",39.33,-120.37,2089.4,60.0333333333333
"2013",39.3528,-123.6011,180.7,64.9666666666667
"2013",39.3619,-123.1286,310.3,73.1
"2013",39.3669,-122.575,365.8,76.8
"2013",39.3886,-120.0936,1699.3,60.1666666666667
"2013",39.3975,-121.3861,244.8,77.1333333333333
"2013",39.4172,-122.1825,36.6,76.2666666666667
"2013",39.425,-122.9772,540.4,68.1
"2013",39.43,-120.31,2545.7,59.8666666666667
"2013",39.45,-120.29,2134.5,58.6666666666667
"2013",39.475,-121.2025,1132,72.6666666666667
"2013",39.4833,-120.075,2093.1,63.3
"2013",39.49,-120.28,1967.8,58.3666666666667
"2013",39.4943,-121.62226,56.9,78.0333333333333
"2013",39.51,-123.75639,37.5,57.4333333333333
"2013",39.5177,-121.553,52.1,76.8
"2013",39.5214,-120.0269,1654.8,67.5666666666667
"2013",39.52316,-122.3048,71.3,76.7
"2013",39.53194,-121.1611,1130.8,67.3333333333333
"2013",39.5619,-120.0478,1821.5,65.3333333333333
"2013",39.5861,-122.5341,243.8,76.9666666666667
"2013",39.6681,-123.3211,740.1,66.5333333333333
"2013",39.7022,-123.485,554.7,70.7666666666667
"2013",39.7119,-121.7789,70.1,77.1333333333333
"2013",39.7358,-121.4889,759,76.6
"2013",39.7458,-122.1997,77.4,77.8333333333333
"2013",39.7538,-121.6241,533.4,77
"2013",39.8053,-120.4719,1478.3,64.1666666666667
"2013",39.8056,-120.1858,1508.8,65.2666666666667
"2013",39.8075,-122.945,1652,67.0333333333333
"2013",39.8158,-123.2444,430.7,72.4
"2013",39.8333,-123.0833,457.2,75.3333333333333
"2013",39.8644,-122.6097,317,81.7
"2013",39.8717,-121.7689,528.2,79.1333333333333
"2013",39.9278,-122.6569,1131.7,74.1666666666667
"2013",39.9366,-120.9475,1042.4,66.7333333333333
"2013",39.9389,-122.1697,89.6,79.1666666666667
"2013",39.9717,-120.0828,1338.1,67.7
"2013",39.9733,-120.9419,1066.8,70.5666666666667
"2013",40.0017,-120.915,1377.7,73.4666666666667
"2013",40.0222,-120.1056,1292.4,72.6666666666667
"2013",40.0686,-121.5825,1466.7,70.9
"2013",40.1383,-123.8236,135.9,68.7333333333333
"2013",40.1417,-120.3533,1767.8,70.8333333333333
"2013",40.15186,-122.25478,108,80.8333333333333
"2013",40.1867,-123.5903,281.3,70.5666666666667
"2013",40.2461,-120.6422,1737.4,66.2666666666667
"2013",40.2506,-123.3158,832.7,68.6333333333333
"2013",40.2569,-124.2661,899.2,65.3
"2013",40.295,-122.8667,1066.8,73.5333333333333
"2013",40.30209,-121.24391,1387.1,64.9
"2013",40.3067,-120.9,1767.8,67.1
"2013",40.3375,-123.0656,1378.8,70.3333333333333
"2013",40.3442,-121.7136,1267.7,74.1333333333333
"2013",40.3983,-122.8333,579.1,77.1666666666667
"2013",40.4167,-120.6631,1283.8,68.1333333333333
"2013",40.4633,-123.5239,845.8,68.2666666666667
"2013",40.4808,-120.1139,1339.6,67.9333333333333
"2013",40.4833,-124.1038,41.5,62.1666666666667
"2013",40.505,-123.3417,1219.2,69.5666666666667
"2013",40.51462,-122.29773,152.6,80.7333333333333
"2013",40.5158,-122.2906,152.4,80.3
"2013",40.54,-121.5803,1725.2,60.7333333333333
"2013",40.5411,-121.5766,1752.6,66.4
"2013",40.55,-123.165,708.1,70.1
"2013",40.5981,-121.0831,1722.1,60.1666666666667
"2013",40.6116,-122.528,394.7,79.6333333333333
"2013",40.6194,-121.8994,736.7,76.6666666666667
"2013",40.6306,-120.5028,1554.5,65.9666666666667
"2013",40.6507,-122.6068,432.2,77.9333333333333
"2013",40.7141,-122.4161,327.7,80.8
"2013",40.7219,-123.4953,792.5,71.4333333333333
"2013",40.7263,-122.7947,567.2,73.1
"2013",40.7308,-120.3164,1614.8,66.9333333333333
"2013",40.7333,-123.2333,457.2,76
"2013",40.73529,-122.9441,627.3,71.4333333333333
"2013",40.7405,-123.2077,381.9,73.1666666666667
"2013",40.7586,-120.8961,1889.8,63.4666666666667
"2013",40.7817,-120.7844,1877,63.4
"2013",40.7864,-122.8045,1008.3,71.6666666666667
"2013",40.8072,-121.2967,1752.6,67.5333333333333
"2013",40.8097,-124.1602,6.1,57.8333333333333
"2013",40.8802,-121.6547,974.8,68.05
"2013",40.8892,-123.1422,1432.6,72.2333333333333
"2013",40.9167,-122.4383,1280.2,75.7333333333333
"2013",40.9258,-121.5856,1130.8,72
"2013",40.9316,-121.5433,919,67.8
"2013",40.97844,-124.10479,64.5,56.1
"2013",41.0064,-121.9833,518.2,76.2666666666667
"2013",41.0478,-123.6714,114.3,72.3333333333333
"2013",41.0519,-120.6861,1554.5,63.0666666666667
"2013",41.0547,-120.3375,1711.5,64.4666666666667
"2013",41.075,-122.3733,731.5,77.5666666666667
"2013",41.0975,-123.6358,1088.1,67.4333333333333
"2013",41.1117,-122.6967,1341.1,74.9333333333333
"2013",41.1383,-123.9056,804.7,63.8
"2013",41.1831,-122.28167,661.1,70.2666666666667
"2013",41.24,-120.79,1886.7,57.5333333333333
"2013",41.2706,-120.29845,1621.2,63.3
"2013",41.2769,-121.9794,975.4,63.7333333333333
"2013",41.2897,-123.8575,150.9,70.1333333333333
"2013",41.2944,-120.8639,1463,68.5
"2013",41.295,-120.3133,1889.8,63.0333333333333
"2013",41.3003,-123.1322,668.1,72.3
"2013",41.30206,-123.53851,122.8,73.6666666666667
"2013",41.3075,-122.7958,955.9,72.0333333333333
"2013",41.314893,-122.317127,1083,68.2333333333333
"2013",41.3156,-122.3156,0,67.9
"2013",41.32175,-122.31725,1101.2,67.1333333333333
"2013",41.3322,-120.4725,1332.6,67.4666666666667
"2013",41.3378,-122.82484,940.3,66.2
"2013",41.39,-123.4958,280.4,77
"2013",41.4272,-121.4639,1602.6,68.1
"2013",41.4342,-120.8678,1314.3,66.8666666666667
"2013",41.4589,-120.3536,1335,73.1333333333333
"2013",41.4789,-122.4539,893.1,71.6
"2013",41.48362,-120.5615,1335.9,65
"2013",41.53,-120.6714,1530.7,67.1666666666667
"2013",41.5301,-120.1791,1428.9,70.4333333333333
"2013",41.58,-120.3,2142.7,61.4
"2013",41.5992,-122.9336,1287.8,72.0333333333333
"2013",41.6294,-121.2981,1511.8,68
"2013",41.6431,-121.7939,1502.1,67.8333333333333
"2013",41.6853,-122.5942,914.4,74.2666666666667
"2013",41.70237,-122.64169,826.6,71.3
"2013",41.7358,-123.7917,1615.4,63.4333333333333
"2013",41.7417,-121.5383,1453.9,68.3
"2013",41.77373,-122.46825,806.1,71.3
"2013",41.775,-122.9503,1674.3,66.6
"2013",41.78361,-124.23796,17,56
"2013",41.7861,-122.0056,1645.9,67.9
"2013",41.8386,-122.85,591.3,72.0666666666667
"2013",41.8458,-123.9792,152.4,67.6
"2013",41.8586,-123.3525,1423.4,70
"2013",41.8715,-120.1574,1444.4,68.3333333333333
"2013",41.89,-120.75,1575.8,63.0666666666667
"2013",41.95999,-121.47449,1230.8,65
"2013",41.97983,-122.33811,812.3,73.1333333333333
"2013",41.99,-120.18,2243.3,56.6
"2013",41.9992,-121.7003,1249.1,63.5666666666667
"2014",32.56797,-117.11715,7.2,69.1
"2014",32.57583,-116.99391,158.9,70.8333333333333
"2014",32.6058,-116.6089,714.8,72.1
"2014",32.6261,-116.4681,805,70.6333333333333
"2014",32.6263,-116.4699,801.6,71.2
"2014",32.64,-117.0858,17.1,72.0333333333333
"2014",32.685,-116.9736,129.5,72.1
"2014",32.69219,-117.20983,4.4,73
"2014",32.7214,-116.4631,1049.4,70.4
"2014",32.7336,-117.1831,4.6,71.9666666666667
"2014",32.7397,-114.8839,66.1,93.4333333333333
"2014",32.76654,-115.56638,-9.1,90.7666666666667
"2014",32.8005,-116.928,150.9,75.2
"2014",32.81453,-117.13747,127.5,72.4333333333333
"2014",32.83241,-115.66377,-14.1,94.3
"2014",32.8336,-116.7392,622.1,74.5666666666667
"2014",32.83464,-115.57656,-16.8,91.5333333333333
"2014",32.8358,-116.7774,516.6,73.4
"2014",32.8488,-115.5666,-19.5,91.5
"2014",32.8569,-116.6222,1060.7,71.3333333333333
"2014",32.86667,-117.13333,145.4,71.4666666666667
"2014",32.8672,-116.4194,1804.4,68.4666666666667
"2014",32.8797,-116.4203,1755.6,66.3
"2014",32.8856,-116.8149,182.9,76.8666666666667
"2014",32.9083,-114.4944,91.4,93.3666666666667
"2014",32.9897,-116.5872,1414.3,68.4
"2014",32.9903,-116.0669,231.6,93.7666666666667
"2014",33.0164,-116.6339,0,71.1333333333333
"2014",33.01953,-117.03096,197.5,74.2
"2014",33.0216,-117.0813,210.3,72.6
"2014",33.03801,-116.915979,422,71.8
"2014",33.0736,-116.8458,466.3,73.1666666666667
"2014",33.0758,-116.5908,1292.4,71.8666666666667
"2014",33.0763,-116.5925,1284.7,72.1
"2014",33.121,-117.09,182.9,75.7333333333333
"2014",33.12993,-117.27651,95.3,69.8666666666667
"2014",33.1552,-116.1688,118.9,92.4
"2014",33.2097,-117.395,3,68.1666666666667
"2014",33.21946,-117.34962,9.1,69.1666666666667
"2014",33.2222,-116.4975,1345.7,74.9
"2014",33.2354,-117.2322,131.1,71.1
"2014",33.2372,-117.0086,452,73.1666666666667
"2014",33.2372,-116.7614,823,70.4
"2014",33.2559,-116.4036,246.9,89.9666666666667
"2014",33.286,-117.456,27.1,71.3
"2014",33.378,-116.84,1691.6,71.2666666666667
"2014",33.3933,-116.795,838.8,73.5666666666667
"2014",33.40419,-118.41456,477,66.7666666666667
"2014",33.4392,-117.1904,347.5,73.5
"2014",33.4833,-119.0333,53.6,65.7666666666667
"2014",33.5286,-117.2306,603.5,72.2333333333333
"2014",33.5417,-117.5917,213.4,71.8333333333333
"2014",33.555,-116.673,1194.8,71.1
"2014",33.5697,-116.073,-55.8,91.3666666666667
"2014",33.6031,-117.8836,3,69.1666666666667
"2014",33.61876,-114.71451,120.4,89.8
"2014",33.63166,-116.16412,-36,90.7666666666667
"2014",33.6472,-117.4111,926,76.5
"2014",33.6617,-115.7206,520,83.7
"2014",33.6667,-116.7667,1499.6,72.0666666666667
"2014",33.67975,-117.86746,13,74.5666666666667
"2014",33.686,-117.3458,386.5,78.8
"2014",33.7044,-115.6289,417.6,88.0666666666667
"2014",33.7086,-116.2152,-6.4,92.6666666666667
"2014",33.72,-117.723,164.6,75.4
"2014",33.7381,-116.8939,552,77.7333333333333
"2014",33.7403,-116.8414,594.4,78.8333333333333
"2014",33.7442,-117.8667,41.1,74.7
"2014",33.7572,-116.7066,1639.8,69.7
"2014",33.7965,-116.9753,464.8,78.1666666666667
"2014",33.8016,-118.3419,27.4,70.3
"2014",33.80807,-115.45138,296.6,91
"2014",33.8081,-117.7111,542.8,72.2
"2014",33.81177,-118.14718,10.2,73.4333333333333
"2014",33.82216,-116.50433,124.7,91.8
"2014",33.8275,-116.5097,129.5,89.6
"2014",33.8342,-118.3759,43.3,70.6
"2014",33.8647,-117.8425,70.7,75.8
"2014",33.87154,-117.98561,26.3,75.6
"2014",33.8767,-117.3089,524.3,75.1333333333333
"2014",33.89765,-117.60243,162.5,73.3666666666667
"2014",33.9,-117.25,468.2,76.1333333333333
"2014",33.92353,-118.33291,16.6,71.7333333333333
"2014",33.9306,-116.95,793.7,77
"2014",33.93816,-118.3866,29.7,70.2
"2014",33.9511,-117.388,256,78.1666666666667
"2014",33.95282,-117.43523,257.7,77.9
"2014",33.97563,-117.62487,193.9,75.6333333333333
"2014",33.9778,-120.0778,395.6,61.2666666666667
"2014",33.9839,-118.01,289.6,73.5666666666667
"2014",33.9958,-119.7222,76.2,68.3666666666667
"2014",34.005,-118.4139,28,69.9
"2014",34.0178,-116.1878,1280.2,76.9333333333333
"2014",34.02099,-118.44712,53.3,71.0666666666667
"2014",34.037,-117.1948,429.8,76.8666666666667
"2014",34.0456,-118.9358,15.2,67.7333333333333
"2014",34.05314,-117.57689,281.6,78
"2014",34.0583,-118.6333,480.1,71.7
"2014",34.0608,-114.7322,249.9,91.8666666666667
"2014",34.0678,-118.2417,115.2,73.1666666666667
"2014",34.0697,-118.4427,131.1,70.2333333333333
"2014",34.0836,-117.0347,899.2,76.8
"2014",34.0842,-118.1003,110.6,75.2666666666667
"2014",34.0864,-116.5622,958.6,79.8666666666667
"2014",34.0869,-118.4794,340.5,70
"2014",34.1206,-115.85,419.4,90.6666666666667
"2014",34.1208,-117.9458,152.4,76.9333333333333
"2014",34.1233,-116.4078,993.6,80.1
"2014",34.125,-118.4122,384,75.8666666666667
"2014",34.128,-116.0369,602,88.7333333333333
"2014",34.1294,-116.3879,990.3,80.3333333333333
"2014",34.1369,-117.7069,501.4,74.1333333333333
"2014",34.1471,-116.2747,781.2,81.2
"2014",34.1472,-115.1219,281,94.05
"2014",34.1483,-118.1447,263.3,77.3666666666667
"2014",34.1553,-117.9078,226.8,79.8333333333333
"2014",34.1819,-118.5744,240.8,76.7666666666667
"2014",34.1847,-118.7172,502.9,75.2666666666667
"2014",34.1866,-118.348,199.6,74.1666666666667
"2014",34.1942,-116.9131,1712.4,67.6
"2014",34.19966,-118.36543,222.7,74.8666666666667
"2014",34.20012,-119.20417,11.9,66.6666666666667
"2014",34.2066,-119.1375,15.8,67.6666666666667
"2014",34.2069,-117.7606,792.5,73.9666666666667
"2014",34.2103,-116.6339,1828.8,73.7
"2014",34.21142,-119.08762,21.6,69.9
"2014",34.21214,-118.49146,239.2,76.8666666666667
"2014",34.2182,-116.4073,1050,81.6333333333333
"2014",34.2211,-117.4044,627,75.7666666666667
"2014",34.2308,-118.0711,1740.4,71.9
"2014",34.2339,-117.4803,851,73.8666666666667
"2014",34.243,-116.917,2058.3,62.9666666666667
"2014",34.2447,-118.525,275.5,76.3666666666667
"2014",34.2661,-116.8989,2103.1,62.3
"2014",34.2711,-118.1525,914.4,74.5666666666667
"2014",34.28964,-114.17137,224.9,90.9
"2014",34.2936,-118.3608,423.7,72.7
"2014",34.3175,-117.5019,1005.8,75.2666666666667
"2014",34.3194,-117.0131,2091.2,66.0333333333333
"2014",34.3317,-118.0303,1661.2,72.7
"2014",34.3591,-116.5378,965.3,81.0666666666667
"2014",34.3617,-118.4217,1219.2,72.9666666666667
"2014",34.3717,-118.8408,501.4,71.8
"2014",34.3789,-117.6919,2108.3,67.7666666666667
"2014",34.3903,-118.0825,1530.4,72.1
"2014",34.3906,-116.5169,883.9,84.2333333333333
"2014",34.3933,-118.5938,538,78.0333333333333
"2014",34.4141,-119.8796,5.5,64.8333333333333
"2014",34.4167,-119.6844,4.9,69.0333333333333
"2014",34.4206,-117.2661,931.2,79.1
"2014",34.4241,-119.84249,2.5,67
"2014",34.425,-118.525,442,76.1333333333333
"2014",34.4311,-118.6828,389.5,75.3666666666667
"2014",34.4456,-117.8511,1152.1,76.3666666666667
"2014",34.4458,-118.2,792.5,75.5333333333333
"2014",34.4477,-119.2275,227.1,71.65
"2014",34.4614,-119.6481,457.2,69.7666666666667
"2014",34.4806,-118.7556,347.5,73.9666666666667
"2014",34.5025,-117.8969,945.2,79.8333333333333
"2014",34.52527,-117.29638,850.1,80.2
"2014",34.5358,-119.7833,310.9,73.3333333333333
"2014",34.5431,-119.1842,1015.3,67.1
"2014",34.5686,-118.7403,1255.8,74.5666666666667
"2014",34.58223,-119.98159,240.5,70.7333333333333
"2014",34.5883,-118.0938,796.1,81.1333333333333
"2014",34.58998,-118.45412,658.7,76.6333333333333
"2014",34.5958,-118.5786,1502.7,75.6
"2014",34.62944,-118.08309,764.7,80.9666666666667
"2014",34.6344,-117.5503,877.8,87.6666666666667
"2014",34.6538,-120.4513,22.9,66
"2014",34.6819,-119.3539,1118.6,73.0666666666667
"2014",34.6847,-117.8208,789.4,80.7666666666667
"2014",34.705,-118.4297,932.7,80
"2014",34.7325,-118.3833,841.2,81.3666666666667
"2014",34.7331,-120.0067,975.4,74.7333333333333
"2014",34.74121,-118.21255,712.6,80.4666666666667
"2014",34.74361,-118.72528,1374.6,75.8
"2014",34.7586,-120.4861,320,62.3666666666667
"2014",34.76783,-114.61842,270.6,94.6333333333333
"2014",34.8083,-119.0125,1493.5,64.9333333333333
"2014",34.83328,-118.86497,1089.7,71.7
"2014",34.85371,-116.78702,584.8,87.8
"2014",34.8927,-117.0219,676.7,84.8333333333333
"2014",34.89403,-120.45216,74.2,66.6
"2014",34.9455,-119.6827,658.4,75
"2014",34.988,-120.3211,177.4,60.8333333333333
"2014",34.98833,-117.86472,695.9,81.4666666666667
"2014",35.0233,-118.7497,434.3,83.3
"2014",35.0492,-118.1619,833.6,85.9
"2014",35.0964,-119.7728,759,78.6666666666667
"2014",35.1011,-118.4222,1286.3,70.2
"2014",35.1231,-115.4114,1649.9,74.0666666666667
"2014",35.1542,-117.1756,987.6,81.6333333333333
"2014",35.1658,-118.6438,1249.7,65
"2014",35.1792,-120.3919,319.4,69.0666666666667
"2014",35.1889,-120.0833,1149.1,75.2333333333333
"2014",35.2111,-118.8336,137.2,85.3
"2014",35.23815,-120.64406,55.8,66.7666666666667
"2014",35.3056,-120.6619,93.9,66.6333333333333
"2014",35.3372,-120.5038,424.3,75.6
"2014",35.367,-120.8447,36,66.8333333333333
"2014",35.3692,-117.6525,1088.1,81.85
"2014",35.37,-117.5683,1103.4,81.1
"2014",35.3741,-120.6375,349.9,71.3
"2014",35.3811,-120.1875,496.8,74.1333333333333
"2014",35.3836,-118.4122,1290.8,71.2333333333333
"2014",35.4028,-119.47,68.6,81
"2014",35.4186,-119.0508,143.3,83.9333333333333
"2014",35.43424,-119.05524,149.3,84.5666666666667
"2014",35.4783,-117.6989,1338.1,79.9333333333333
"2014",35.4867,-119.1458,123.1,79.3666666666667
"2014",35.5317,-118.6303,718.1,79.9666666666667
"2014",35.5892,-119.352,88.7,83.2333333333333
"2014",35.6277,-120.6855,222.5,71.6
"2014",35.6466,-118.3608,808.9,81.85
"2014",35.6564,-120.9242,303,71.0666666666667
"2014",35.6647,-118.0569,1698.3,76.1333333333333
"2014",35.66936,-120.62918,249.8,73.9
"2014",35.6841,-121.1683,465.1,66.2
"2014",35.686254,-117.690911,680,85.0333333333333
"2014",35.7217,-118.4989,960.1,77.4333333333333
"2014",35.7269,-118.7006,957.1,69.7666666666667
"2014",35.7636,-117.3908,516.6,87.8
"2014",35.7683,-119.26,92,82.1333333333333
"2014",35.7706,-115.9092,1524,79
"2014",35.8644,-120.8031,163.7,75.2333333333333
"2014",35.8717,-117.9183,1264.9,83.8333333333333
"2014",35.8842,-118.0517,2507.9,64.0666666666667
"2014",35.8889,-118.6333,1133.9,75.2
"2014",35.8922,-118.915,64,81.5
"2014",35.8989,-120.4319,467.9,74.4
"2014",35.9717,-118.545,1432.6,67.4666666666667
"2014",36.0067,-119.96,73.2,82.9666666666667
"2014",36.0117,-121.2417,335.3,73.6333333333333
"2014",36.0333,-120.0569,246.9,84.3333333333333
"2014",36.0975,-119.5817,61,81.2333333333333
"2014",36.1203,-117.0878,2097,72.4
"2014",36.1356,-120.3606,204.2,84.6
"2014",36.1388,-117.9527,1165.9,79.2666666666667
"2014",36.1753,-118.7017,987.6,79.3666666666667
"2014",36.2032,-119.0545,132.6,79.9
"2014",36.2069,-121.1377,97.5,69.5
"2014",36.23,-121.4917,298.7,73.1666666666667
"2014",36.2314,-118.8689,586.1,82.4666666666667
"2014",36.2356,-121.785,137.2,63.3333333333333
"2014",36.2472,-121.7802,61,63.2333333333333
"2014",36.3114,-119.62319,76,80.7
"2014",36.3158,-119.637,72.2,81.8333333333333
"2014",36.32833,-119.2997,92.4,79.7
"2014",36.33333,-119.95,70.7,80.3666666666667
"2014",36.3478,-120.5978,1524,72.2333333333333
"2014",36.3642,-120.1561,86.9,81.9666666666667
"2014",36.3817,-119.0264,156.4,80.7333333333333
"2014",36.3825,-120.8558,1137.8,75.1666666666667
"2014",36.3886,-121.5517,574.5,68.9333333333333
"2014",36.4108,-118.8092,1966,69
"2014",36.445,-118.7033,1597.2,74.5666666666667
"2014",36.46263,-116.8672,-59.1,100.266666666667
"2014",36.465,-118.8619,347.5,76.8
"2014",36.4708,-121.1472,402.9,75.4666666666667
"2014",36.4805,-121.7244,146.3,65.2333333333333
"2014",36.4819,-121.1822,398.4,72.6666666666667
"2014",36.4914,-118.8253,520.6,85.2
"2014",36.5625,-117.4736,2097,69.3
"2014",36.5672,-118.9556,1240.2,77.2666666666667
"2014",36.59041,-121.84881,48.8,62.8
"2014",36.5927,-121.8555,37.2,61.35
"2014",36.602,-117.1449,25.6,99.5
"2014",36.6044,-118.7325,2052.8,58.6666666666667
"2014",36.6594,-121.6663,13.7,63.6666666666667
"2014",36.66352,-121.60928,22.3,63.9666666666667
"2014",36.6853,-119,1237.5,77.45
"2014",36.7242,-118.9425,2298.2,63.9666666666667
"2014",36.7269,-120.7658,619.4,80.2666666666667
"2014",36.73751,-118.96197,2005.6,65.3
"2014",36.7672,-119.7092,103,83.4
"2014",36.77999,-119.72016,101.9,84.0666666666667
"2014",36.7878,-118.6561,1438.7,68.5666666666667
"2014",36.798,-118.2036,1204,82.7
"2014",36.8422,-121.3622,123.1,67.8
"2014",36.8425,-118.2594,1479.8,79.2
"2014",36.8483,-121.4213,83.8,66.9333333333333
"2014",36.8839,-119.4658,280.4,83.9666666666667
"2014",36.9092,-119.0883,528.8,79.8
"2014",36.9111,-119.305,469.4,81.1
"2014",36.9308,-121.7691,29,64.1333333333333
"2014",36.93936,-121.79001,49.5,65.2333333333333
"2014",36.9539,-120.0378,82.3,79.6
"2014",36.9614,-119.175,1538.6,74.1666666666667
"2014",36.98505,-120.11068,76.6,79.3
"2014",36.98785,-121.99952,21.3,66.4666666666667
"2014",36.9911,-121.7978,137.2,65.4
"2014",36.99574,-119.70691,131.1,80.5666666666667
"2014",37.003,-121.5608,59.1,73.1
"2014",37.0153,-119.5678,366.1,77.6666666666667
"2014",37.0544,-119.3711,1249.7,76.6333333333333
"2014",37.0547,-121.0531,106.7,78.3666666666667
"2014",37.0563,-120.8666,36.6,78.7666666666667
"2014",37.0664,-119.0394,1727.6,61.7333333333333
"2014",37.08689,-122.08221,132.6,68.9333333333333
"2014",37.0919,-119.5128,637,78.8666666666667
"2014",37.1317,-122.17,801.6,69.4333333333333
"2014",37.135,-119.2561,1751.4,62.9333333333333
"2014",37.1822,-120.7939,19.8,76.8
"2014",37.2028,-121.9428,609.6,71.1666666666667
"2014",37.2319,-121.9592,111.3,70.5666666666667
"2014",37.2319,-119.5083,963.2,78.8666666666667
"2014",37.2331,-119.5047,829.1,78.5
"2014",37.2381,-120.8825,23.8,74.2666666666667
"2014",37.2811,-121.0177,27.4,81.5
"2014",37.28597,-120.51788,46.5,79.8
"2014",37.2888,-120.5158,46.9,78.1666666666667
"2014",37.3053,-122.255,265.8,64.1666666666667
"2014",37.3133,-122.185,691.9,68.2
"2014",37.3147,-119.0383,2256.4,63.3
"2014",37.3292,-121.2939,563.9,76.9666666666667
"2014",37.34336,-121.63473,1286.3,70.5333333333333
"2014",37.3581,-122.1472,196.6,68.95
"2014",37.35938,-121.92444,15,69.0666666666667
"2014",37.37114,-118.35886,1252.8,76.2666666666667
"2014",37.3761,-119.1783,2748.7,58.6666666666667
"2014",37.39,-118.5506,1414.3,78.1333333333333
"2014",37.4058,-122.0481,11.9,68.5333333333333
"2014",37.4094,-119.7681,937.9,81.3666666666667
"2014",37.4286,-122.2561,115.8,70.5333333333333
"2014",37.4431,-121.7706,629.7,70.8333333333333
"2014",37.4436,-122.1402,7.6,68.2
"2014",37.4681,-120.1106,365.8,80.6666666666667
"2014",37.4725,-122.4433,8.2,60.8666666666667
"2014",37.475,-122.2981,196.3,69.7
"2014",37.4767,-122.2386,9.4,69.5
"2014",37.5019,-121.7355,932.7,71.3333333333333
"2014",37.50193,-120.84566,31.4,77.3666666666667
"2014",37.5042,-119.9869,680,76.8
"2014",37.5122,-119.6331,1538.3,65.2
"2014",37.5147,-122.0325,3,67.8
"2014",37.5422,-122.0158,11.6,68
"2014",37.5436,-119.8386,1188.7,78.3333333333333
"2014",37.5514,-118.6672,2145.8,65.6666666666667
"2014",37.5531,-121.8439,374.9,68.3666666666667
"2014",37.5625,-122.4364,327.7,61.2666666666667
"2014",37.61962,-122.36562,3.2,66.0666666666667
"2014",37.62544,-120.95492,26.5,77.8666666666667
"2014",37.6478,-118.9617,2378.7,61.6
"2014",37.65886,-122.12116,9.6,66.3333333333333
"2014",37.6819,-121.3466,41.1,74.3666666666667
"2014",37.68194,-121.75139,161.2,73.4
"2014",37.69309,-121.8149,119.7,73.2666666666667
"2014",37.7178,-122.23301,1.5,65.3333333333333
"2014",37.728,-122.5052,2.4,59.1
"2014",37.745,-118.9833,2316.5,59.2
"2014",37.7592,-119.8208,2017.8,66.2
"2014",37.7617,-119.8247,2025.1,66.7666666666667
"2014",37.7705,-122.4269,45.7,61.8
"2014",37.7861,-122.1447,333.8,63.6666666666667
"2014",37.79589,-121.58319,18.6,77.5666666666667
"2014",37.7983,-122.2642,9.1,65.5
"2014",37.8172,-121.7789,621.8,73.5
"2014",37.8331,-120.5,310.9,79
"2014",37.8339,-122.0669,536.4,69.5
"2014",37.8431,-118.4778,1661.2,71.6333333333333
"2014",37.8444,-120.2258,853.4,71.05
"2014",37.8511,-119.65,2446,58.7
"2014",37.865,-122.2208,427.6,62.4666666666667
"2014",37.8744,-122.2605,94.5,64.2
"2014",37.8769,-119.3436,2649.9,52.6
"2014",37.8792,-121.9303,661.4,70.4333333333333
"2014",37.88997,-121.22637,8.3,76.3333333333333
"2014",37.8977,-122.5688,67.1,63.5666666666667
"2014",37.9191,-122.3772,6.1,64.4
"2014",37.9442,-122.1178,442,68.1666666666667
"2014",37.95,-121.8844,487.7,70.8666666666667
"2014",37.9566,-122.5447,44.2,68.2666666666667
"2014",37.9567,-119.1194,2071.7,66.7333333333333
"2014",37.9613,-119.783,1179.6,72.9
"2014",37.9672,-120.3872,510.5,73.6
"2014",37.9747,-119.9161,1452.4,72.6666666666667
"2014",37.9833,-122.0692,12.2,73.1
"2014",37.9833,-121.7525,18.3,74.7
"2014",37.9906,-122.6447,426.7,67.6666666666667
"2014",37.99165,-122.05268,7,72.0666666666667
"2014",37.9983,-122.5372,36.6,68.6
"2014",38.0047,-120.4863,292.6,78.95
"2014",38.0131,-122.1142,12.2,67.5333333333333
"2014",38.0281,-122.7022,378,65.1333333333333
"2014",38.0394,-122.57,457.2,67
"2014",38.0631,-120.2469,1503.6,73.9
"2014",38.07,-119.23,2878.8,57.2
"2014",38.2075,-122.28041,4.7,65.7666666666667
"2014",38.2119,-119.0142,2551.2,56.3
"2014",38.2575,-119.2286,1972.1,60.9666666666667
"2014",38.2577,-122.6077,6.1,67.2666666666667
"2014",38.2719,-119.2892,2026.9,65.5
"2014",38.2736,-122.0677,12.2,73
"2014",38.2769,-120.3113,1431,65.65
"2014",38.2777,-122.2647,10.7,69.8
"2014",38.28,-119.61,2931.3,54.8666666666667
"2014",38.2994,-122.4622,29.6,68.9666666666667
"2014",38.3,-119.55,2194,59.3333333333333
"2014",38.31,-119.6,2690.5,56.4
"2014",38.3208,-123.0747,19.2,58.6666666666667
"2014",38.3772,-120.8008,483.4,79.5
"2014",38.37753,-121.95854,31.7,75.0666666666667
"2014",38.3894,-120.6511,902.2,77.8666666666667
"2014",38.4,-119.54,2838.6,55.7666666666667
"2014",38.4305,-122.8647,61,66.9666666666667
"2014",38.44,-119.37,2814.2,55.0333333333333
"2014",38.4786,-122.7119,175.6,66.4666666666667
"2014",38.4883,-120.325,1524,74.1666666666667
"2014",38.4916,-122.1241,146.3,75.6666666666667
"2014",38.492,-122.0039,57,76.7
"2014",38.50369,-122.81101,36.2,67.5333333333333
"2014",38.50659,-121.49604,5.9,75.3666666666667
"2014",38.5066,-122.4713,68.6,72.1666666666667
"2014",38.51,-119.63,2357.9,56.0666666666667
"2014",38.5252,-121.9777,41.1,77.7666666666667
"2014",38.5349,-121.7761,18.3,75
"2014",38.55,-119.8,2671.6,57.1666666666667
"2014",38.5552,-121.4183,11.6,77.6
"2014",38.5653,-119.4592,1658.1,72.8666666666667
"2014",38.573,-122.4405,522.7,68.7333333333333
"2014",38.57682,-122.57811,106.7,71.1
"2014",38.5908,-120.9336,275.8,76.9666666666667
"2014",38.61,-119.92,2455.8,56.8
"2014",38.67,-119.82,1863.9,64.1333333333333
"2014",38.67,-119.61,2532.9,58.7333333333333
"2014",38.68,-119.96,2443.6,59.3333333333333
"2014",38.6829,-121.794,20.4,78.1
"2014",38.6833,-119.7667,1676.7,66.4
"2014",38.69,-119.99,2546,56.0666666666667
"2014",38.70069,-121.59479,7.5,75.7333333333333
"2014",38.72,-119.89,2477.7,53.2
"2014",38.7333,-120.245,1597.2,67
"2014",38.7383,-122.1447,107.9,79.6666666666667
"2014",38.7395,-119.518,1613,71.7333333333333
"2014",38.7583,-120.503,1051.6,69.8666666666667
"2014",38.7817,-122.9169,609.6,69.6333333333333
"2014",38.79296,-123.0263,121.9,73.2666666666667
"2014",38.8325,-121.0086,365.8,75.5
"2014",38.84,-119.89,2608.2,57.3333333333333
"2014",38.85,-120.08,2337.8,60.0333333333333
"2014",38.85,-119.94,2370.1,55
"2014",38.8619,-122.4172,670.6,74.2333333333333
"2014",38.8825,-121.2683,61,78.7333333333333
"2014",38.89838,-119.99617,1907,62.3333333333333
"2014",38.9056,-120.6972,1426.5,74.2
"2014",38.9119,-122.7064,659.3,77.5666666666667
"2014",38.92,-119.92,2615.8,54.9333333333333
"2014",38.93,-120.05,1900.7,58.4
"2014",38.933,-120.8008,914.7,75.8333333333333
"2014",38.9875,-123.3486,196.3,69
"2014",39,-120.13,2343.6,61.2666666666667
"2014",39.0189,-122.4119,635.5,79.0666666666667
"2014",39.0308,-123.0806,817.5,74.2666666666667
"2014",39.06,-120.1292,1924.8,59.3333333333333
"2014",39.0717,-120.4217,1597.2,69.2333333333333
"2014",39.0901,-120.947,723.3,77.5
"2014",39.0914,-120.7317,1327.4,72.6
"2014",39.10205,-121.56884,18.9,77.7
"2014",39.1258,-123.0736,975.4,73.2666666666667
"2014",39.12781,-123.20015,183.7,74.5666666666667
"2014",39.14,-120.22,2028.4,58.2333333333333
"2014",39.1439,-120.5089,2164.1,66.75
"2014",39.1678,-120.1428,1898.9,61.6666666666667
"2014",39.17,-120.15,2071.7,61.3666666666667
"2014",39.1836,-120.8847,861.4,74.6
"2014",39.1875,-122.0269,15.2,76.5
"2014",39.19,-120.26,2447.2,58.5
"2014",39.2041,-121.068,731.5,72.5666666666667
"2014",39.2083,-122.8083,1475.2,71.6333333333333
"2014",39.2466,-121.0008,847.6,73.0333333333333
"2014",39.27617,-120.70927,1611.2,68.9
"2014",39.3,-120.18,1983.9,63.9666666666667
"2014",39.3036,-121.1172,599.8,77.2333333333333
"2014",39.3167,-120.8375,1316.7,73.2
"2014",39.318,-120.145,1798.3,62.1
"2014",39.3239,-120.2331,1809.6,62.3
"2014",39.33,-120.37,2089.4,60.2666666666667
"2014",39.3528,-123.6011,180.7,65.4666666666667
"2014",39.3619,-123.1286,310.3,73.9666666666667
"2014",39.3669,-122.575,365.8,78.6333333333333
"2014",39.3886,-120.0936,1699.3,60.6333333333333
"2014",39.3975,-121.3861,244.8,78.1666666666667
"2014",39.4172,-122.1825,36.6,77.7
"2014",39.425,-122.9772,540.4,72
"2014",39.43,-120.31,2545.7,59.6
"2014",39.45,-120.29,2134.5,58.2
"2014",39.4539,-120.6556,1641.3,66.9
"2014",39.475,-121.2025,1132,73.9666666666667
"2014",39.4833,-120.075,2093.1,63.1666666666667
"2014",39.49,-120.28,1967.8,58.5
"2014",39.4943,-121.62226,56.9,79.7666666666667
"2014",39.51,-123.75639,37.5,57.9
"2014",39.5177,-121.553,52.1,78.0666666666667
"2014",39.5214,-120.0269,1654.8,67.7
"2014",39.52316,-122.3048,71.3,78.6666666666667
"2014",39.53194,-121.1611,1130.8,67.8
"2014",39.5619,-120.0478,1821.5,64.9666666666667
"2014",39.5633,-120.8238,888.5,69.8666666666667
"2014",39.5861,-122.5341,243.8,77.7666666666667
"2014",39.6375,-120.8653,2033,65.8333333333333
"2014",39.6514,-122.7236,1310.6,73.1666666666667
"2014",39.6681,-123.3211,740.1,71.8666666666667
"2014",39.7022,-123.485,554.7,72.5666666666667
"2014",39.7358,-121.4889,759,77.2333333333333
"2014",39.7458,-122.1997,77.4,78.5666666666667
"2014",39.7538,-121.6241,533.4,77.9333333333333
"2014",39.8053,-120.4719,1478.3,64.9333333333333
"2014",39.8056,-120.1858,1508.8,65.5
"2014",39.8075,-122.945,1652,68.4333333333333
"2014",39.8333,-123.0833,457.2,76.5
"2014",39.8644,-122.6097,317,82.6333333333333
"2014",39.8716,-121.6108,826,74.0666666666667
"2014",39.8717,-121.7689,528.2,79.6666666666667
"2014",39.9278,-122.6569,1131.7,75.2
"2014",39.9366,-120.9475,1042.4,67.7666666666667
"2014",39.9389,-122.1697,89.6,79.7666666666667
"2014",39.9717,-120.0828,1338.1,73.8
"2014",39.9733,-120.9419,1066.8,71.4
"2014",40.0017,-120.915,1377.7,73.9
"2014",40.0222,-120.1056,1292.4,72.5
"2014",40.0686,-121.5825,1466.7,71.5666666666667
"2014",40.1383,-123.8236,135.9,69.6
"2014",40.1417,-120.3533,1767.8,71.7666666666667
"2014",40.15186,-122.25478,108,81.5
"2014",40.1705,-121.0886,1389.9,67.9666666666667
"2014",40.1867,-123.5903,281.3,71.7333333333333
"2014",40.2461,-120.6422,1737.4,66.8
"2014",40.2506,-123.3158,832.7,69.2333333333333
"2014",40.2569,-124.2661,899.2,65.2
"2014",40.295,-122.8667,1066.8,75.5333333333333
"2014",40.30209,-121.24391,1387.1,65.9
"2014",40.3067,-120.9,1767.8,67.4
"2014",40.3375,-123.0656,1378.8,71.3333333333333
"2014",40.3442,-121.7136,1267.7,74.3666666666667
"2014",40.3983,-122.8333,579.1,78.5666666666667
"2014",40.4167,-120.6631,1283.8,69.5333333333333
"2014",40.4633,-123.5239,845.8,69.5666666666667
"2014",40.4808,-120.1139,1339.6,68.5
"2014",40.4833,-124.1038,41.5,63
"2014",40.505,-123.3417,1219.2,70.9
"2014",40.51462,-122.29773,152.6,81.3
"2014",40.5158,-122.2906,152.4,80.9666666666667
"2014",40.54,-121.5803,1725.2,61.3666666666667
"2014",40.55,-123.165,708.1,71.1333333333333
"2014",40.5981,-121.0831,1722.1,60.7333333333333
"2014",40.6116,-122.528,394.7,80.9666666666667
"2014",40.6194,-121.8994,736.7,74.95
"2014",40.6306,-120.5028,1554.5,67
"2014",40.6507,-122.6068,432.2,79.0333333333333
"2014",40.7141,-122.4161,327.7,82
"2014",40.7219,-123.4953,792.5,73.9666666666667
"2014",40.7263,-122.7947,567.2,76.95
"2014",40.7308,-120.3164,1614.8,67.6
"2014",40.7333,-123.2333,457.2,77.7
"2014",40.73529,-122.9441,627.3,73.2
"2014",40.7405,-123.2077,381.9,73.4666666666667
"2014",40.7586,-120.8961,1889.8,63.6666666666667
"2014",40.7817,-120.7844,1877,64
"2014",40.7864,-122.8045,1008.3,73.7333333333333
"2014",40.8072,-121.2967,1752.6,67.8
"2014",40.8097,-124.1602,6.1,58.0333333333333
"2014",40.8802,-121.6547,974.8,69.0333333333333
"2014",40.8892,-123.1422,1432.6,74.0666666666667
"2014",40.9167,-122.4383,1280.2,76.4333333333333
"2014",40.9258,-121.5856,1130.8,73.4
"2014",40.9316,-121.5433,919,69.1
"2014",40.97844,-124.10479,64.5,58
"2014",41.0064,-121.9833,518.2,77.8
"2014",41.0478,-123.6714,114.3,73.3333333333333
"2014",41.0547,-120.3375,1711.5,64.7666666666667
"2014",41.075,-122.3733,731.5,78.1666666666667
"2014",41.0975,-123.6358,1088.1,68.7
"2014",41.1117,-122.6967,1341.1,75.8666666666667
"2014",41.1383,-123.9056,804.7,64.7333333333333
"2014",41.1831,-122.28167,661.1,72.0333333333333
"2014",41.24,-120.79,1886.7,58.9
"2014",41.2694,-123.1875,1815.4,66.3666666666667
"2014",41.2706,-120.29845,1621.2,63.85
"2014",41.2769,-121.9794,975.4,64.2
"2014",41.2897,-123.8575,150.9,71.3666666666667
"2014",41.2944,-120.8639,1463,68.8666666666667
"2014",41.295,-120.3133,1889.8,63.6666666666667
"2014",41.3003,-123.1322,668.1,73.7
"2014",41.30206,-123.53851,122.8,74.8666666666667
"2014",41.3075,-122.7958,955.9,73.1666666666667
"2014",41.314893,-122.317127,1083,69.3333333333333
"2014",41.3156,-122.3156,0,69.1666666666667
"2014",41.32175,-122.31725,1101.2,72.1
"2014",41.3322,-120.4725,1332.6,68.4666666666667
"2014",41.3378,-122.82484,940.3,66.6666666666667
"2014",41.39,-123.4958,280.4,76.6
"2014",41.4272,-121.4639,1602.6,69.3333333333333
"2014",41.4342,-120.8678,1314.3,68.4666666666667
"2014",41.4589,-120.3536,1335,72.55
"2014",41.4789,-122.4539,893.1,72.7333333333333
"2014",41.48362,-120.5615,1335.9,67.4666666666667
"2014",41.53,-120.6714,1530.7,68.2666666666667
"2014",41.5301,-120.1791,1428.9,70.0333333333333
"2014",41.58,-120.3,2142.7,61.6333333333333
"2014",41.5992,-122.9336,1287.8,72.8333333333333
"2014",41.6294,-121.2981,1511.8,69.6333333333333
"2014",41.6431,-121.7939,1502.1,68.4666666666667
"2014",41.6853,-122.5942,914.4,72.25
"2014",41.70237,-122.64169,826.6,73.3666666666667
"2014",41.71171,-121.5067,1455.4,68.5333333333333
"2014",41.7358,-123.7917,1615.4,64.1666666666667
"2014",41.7417,-121.5383,1453.9,68.6333333333333
"2014",41.77373,-122.46825,806.1,72.8333333333333
"2014",41.775,-122.9503,1674.3,66.6666666666667
"2014",41.78361,-124.23796,17,56.4333333333333
"2014",41.7861,-122.0056,1645.9,68.1666666666667
"2014",41.8386,-122.85,591.3,73
"2014",41.8586,-123.3525,1423.4,70.5
"2014",41.8715,-120.1574,1444.4,72.3
"2014",41.89,-120.75,1575.8,63.9333333333333
"2014",41.95999,-121.47449,1230.8,66.2666666666667
"2014",41.97983,-122.33811,812.3,73.8666666666667
"2014",41.99,-120.72,1731.3,66.55
"2014",41.99,-120.18,2243.3,56.4
"2014",41.9919,-123.6036,1210.1,66.3333333333333
"2014",41.9992,-121.7003,1249.1,64.2
"2015",32.56797,-117.11715,7.2,66.5
"2015",32.57583,-116.99391,158.9,71.2333333333333
"2015",32.6058,-116.6089,714.8,72.4666666666667
"2015",32.6261,-116.4681,805,71.6
"2015",32.6263,-116.4699,801.6,71.9
"2015",32.64,-117.0858,17.1,71.1666666666667
"2015",32.685,-116.9736,129.5,71.8666666666667
"2015",32.69219,-117.20983,4.4,69.9666666666667
"2015",32.7214,-116.4631,1049.4,70.9
"2015",32.7336,-117.1831,4.6,72.1
"2015",32.7397,-114.8839,66.1,93.8
"2015",32.76536,-117.2315,4.3,69.2
"2015",32.76654,-115.56638,-9.1,89.8
"2015",32.8005,-116.928,150.9,75.4333333333333
"2015",32.81453,-117.13747,127.5,72.7666666666667
"2015",32.83241,-115.66377,-14.1,92.75
"2015",32.8336,-116.7392,622.1,75.1
"2015",32.83464,-115.57656,-16.8,92.2333333333333
"2015",32.8358,-116.7774,516.6,73.9666666666667
"2015",32.8488,-115.5666,-19.5,92.3
"2015",32.8569,-116.6222,1060.7,71.7333333333333
"2015",32.86667,-117.13333,145.4,74.6
"2015",32.8672,-116.4194,1804.4,69.5666666666667
"2015",32.8797,-116.4203,1755.6,67.1666666666667
"2015",32.8856,-116.8149,182.9,77.6333333333333
"2015",32.9083,-114.4944,91.4,94
"2015",32.9736,-115.1736,84.7,94.0666666666667
"2015",32.9897,-116.5872,1414.3,69.4333333333333
"2015",32.9903,-116.0669,231.6,93.9
"2015",33.0164,-116.6339,0,71.3666666666667
"2015",33.01953,-117.03096,197.5,73.6666666666667
"2015",33.0216,-117.0813,210.3,72.8333333333333
"2015",33.03801,-116.915979,422,72.8
"2015",33.0736,-116.8458,466.3,73.7333333333333
"2015",33.0758,-116.5908,1292.4,72.2
"2015",33.0763,-116.5925,1284.7,72.4
"2015",33.121,-117.09,182.9,75.8666666666667
"2015",33.12993,-117.27651,95.3,70.2666666666667
"2015",33.1552,-116.1688,118.9,93.1333333333333
"2015",33.2097,-117.395,3,68.5
"2015",33.21946,-117.34962,9.1,70.8333333333333
"2015",33.2222,-116.4975,1345.7,76.3666666666667
"2015",33.2354,-117.2322,131.1,71.5
"2015",33.2372,-117.0086,452,73.9666666666667
"2015",33.2372,-116.7614,823,72.1666666666667
"2015",33.2559,-116.4036,246.9,90.7666666666667
"2015",33.286,-117.456,27.1,66.8
"2015",33.378,-116.84,1691.6,72.1666666666667
"2015",33.3933,-116.795,838.8,74.3
"2015",33.40419,-118.41456,477,68
"2015",33.4392,-117.1904,347.5,73.8666666666667
"2015",33.4833,-119.0333,53.6,65.6333333333333
"2015",33.5286,-117.2306,603.5,72.7333333333333
"2015",33.5417,-117.5917,213.4,72.4666666666667
"2015",33.555,-116.673,1194.8,72.0666666666667
"2015",33.5697,-116.073,-55.8,92.2333333333333
"2015",33.6031,-117.8836,3,69.5333333333333
"2015",33.61876,-114.71451,120.4,93.5
"2015",33.63166,-116.16412,-36,90.5
"2015",33.6472,-117.4111,926,77
"2015",33.6667,-116.7667,1499.6,72.3
"2015",33.67975,-117.86746,13,72.5
"2015",33.686,-117.3458,386.5,79.4666666666667
"2015",33.7044,-115.6289,417.6,89.7
"2015",33.7086,-116.2152,-6.4,93
"2015",33.72,-117.723,164.6,74.7
"2015",33.7381,-116.8939,552,77.6333333333333
"2015",33.7403,-116.8414,594.4,77.8666666666667
"2015",33.7442,-117.8667,41.1,75.2666666666667
"2015",33.7572,-116.7066,1639.8,67.6333333333333
"2015",33.7965,-116.9753,464.8,78.4
"2015",33.8016,-118.3419,27.4,70.8
"2015",33.80807,-115.45138,296.6,91.3
"2015",33.8081,-117.7111,542.8,72.8
"2015",33.81177,-118.14718,10.2,74.8666666666667
"2015",33.82216,-116.50433,124.7,92.4333333333333
"2015",33.8342,-118.3759,43.3,69.2333333333333
"2015",33.8647,-117.8425,70.7,76.5666666666667
"2015",33.87154,-117.98561,26.3,76
"2015",33.8767,-117.3089,524.3,76.0333333333333
"2015",33.89765,-117.60243,162.5,74.1666666666667
"2015",33.9,-117.25,468.2,76.7333333333333
"2015",33.92353,-118.33291,16.6,72.6666666666667
"2015",33.9306,-116.95,793.7,77.1666666666667
"2015",33.93816,-118.3866,29.7,69.8
"2015",33.9511,-117.388,256,78
"2015",33.95282,-117.43523,257.7,78.7666666666667
"2015",33.97563,-117.62487,193.9,78.1333333333333
"2015",33.9778,-120.0778,395.6,62.1
"2015",33.9839,-118.01,289.6,74
"2015",33.9958,-119.7222,76.2,68.45
"2015",34.005,-118.4139,28,71.5
"2015",34.0178,-116.1878,1280.2,77
"2015",34.02099,-118.44712,53.3,69.2
"2015",34.0456,-118.9358,15.2,67.5333333333333
"2015",34.05314,-117.57689,281.6,78.4333333333333
"2015",34.0583,-118.6333,480.1,72.4666666666667
"2015",34.0608,-114.7322,249.9,93.1666666666667
"2015",34.0678,-118.2417,115.2,73.7333333333333
"2015",34.0697,-118.4427,131.1,70.7666666666667
"2015",34.0836,-117.0347,899.2,76.1
"2015",34.0864,-116.5622,958.6,80.4
"2015",34.0869,-118.4794,340.5,70.5666666666667
"2015",34.1206,-115.85,419.4,91.3333333333333
"2015",34.1208,-117.9458,152.4,78.9666666666667
"2015",34.1233,-116.4078,993.6,80.95
"2015",34.125,-118.4122,384,76.3333333333333
"2015",34.128,-116.0369,602,89
"2015",34.1294,-116.3879,990.3,80.5
"2015",34.1369,-117.7069,501.4,74.5333333333333
"2015",34.1471,-116.2747,781.2,83.7666666666667
"2015",34.1472,-115.1219,281,94.7
"2015",34.1483,-118.1447,263.3,76.1
"2015",34.1819,-118.5744,240.8,77.9
"2015",34.1847,-118.7172,502.9,75.7666666666667
"2015",34.1866,-118.348,199.6,74.5
"2015",34.1942,-116.9131,1712.4,67.4333333333333
"2015",34.19966,-118.36543,222.7,76.5
"2015",34.20012,-119.20417,11.9,68.0333333333333
"2015",34.2066,-119.1375,15.8,68.4
"2015",34.2069,-117.7606,792.5,74.1333333333333
"2015",34.2103,-116.6339,1828.8,74.4
"2015",34.21142,-119.08762,21.6,70.0666666666667
"2015",34.21214,-118.49146,239.2,77.4666666666667
"2015",34.2182,-116.4073,1050,81.9333333333333
"2015",34.2211,-117.4044,627,76.7666666666667
"2015",34.2308,-118.0711,1740.4,71.8666666666667
"2015",34.2339,-117.4803,851,74.3333333333333
"2015",34.243,-116.917,2058.3,62.7
"2015",34.2661,-116.8989,2103.1,62.2333333333333
"2015",34.2711,-118.1525,914.4,74.4
"2015",34.28964,-114.17137,224.9,93.7
"2015",34.2936,-118.3608,423.7,73.6
"2015",34.3175,-117.5019,1005.8,74.9333333333333
"2015",34.3194,-117.0131,2091.2,65.4333333333333
"2015",34.3317,-118.0303,1661.2,72.1
"2015",34.3591,-116.5378,965.3,81.1333333333333
"2015",34.3617,-118.4217,1219.2,73.8
"2015",34.3717,-118.8408,501.4,72.2666666666667
"2015",34.3789,-117.6919,2108.3,67.5
"2015",34.3903,-118.0825,1530.4,71.6333333333333
"2015",34.3906,-116.5169,883.9,84.5333333333333
"2015",34.4141,-119.8796,5.5,66.1333333333333
"2015",34.4167,-119.6844,4.9,69.1333333333333
"2015",34.4206,-117.2661,931.2,79.2
"2015",34.4241,-119.84249,2.5,68.1
"2015",34.425,-118.525,442,76.3666666666667
"2015",34.4311,-118.6828,389.5,76.0333333333333
"2015",34.4456,-117.8511,1152.1,76.3
"2015",34.4458,-118.2,792.5,75.4666666666667
"2015",34.4477,-119.2275,227.1,71.8
"2015",34.4614,-119.6481,457.2,70.9
"2015",34.4806,-118.7556,347.5,74.6666666666667
"2015",34.5025,-117.8969,945.2,81.1
"2015",34.52527,-117.29638,850.1,79.0666666666667
"2015",34.5358,-119.7833,310.9,74.0666666666667
"2015",34.5431,-119.1842,1015.3,66.8333333333333
"2015",34.5594,-115.7443,200.6,94.9666666666667
"2015",34.5686,-118.7403,1255.8,74.8
"2015",34.58223,-119.98159,240.5,70.6666666666667
"2015",34.5883,-118.0938,796.1,79.9
"2015",34.5958,-118.5786,1502.7,75.6666666666667
"2015",34.62944,-118.08309,764.7,80.3
"2015",34.6344,-117.5503,877.8,90.65
"2015",34.6538,-120.4513,22.9,67.2
"2015",34.6819,-119.3539,1118.6,74.7
"2015",34.6847,-117.8208,789.4,81.1333333333333
"2015",34.705,-118.4297,932.7,78.5666666666667
"2015",34.7325,-118.3833,841.2,81.3
"2015",34.7331,-120.0067,975.4,73.9333333333333
"2015",34.74121,-118.21255,712.6,81
"2015",34.74361,-118.72528,1374.6,75.4
"2015",34.7586,-120.4861,320,63.9
"2015",34.76783,-114.61842,270.6,96.3
"2015",34.8083,-119.0125,1493.5,64.8666666666667
"2015",34.83328,-118.86497,1089.7,72.3
"2015",34.85371,-116.78702,584.8,88.0333333333333
"2015",34.8927,-117.0219,676.7,85.0333333333333
"2015",34.89403,-120.45216,74.2,67.2666666666667
"2015",34.9455,-119.6827,658.4,74.3
"2015",34.988,-120.3211,177.4,60.4666666666667
"2015",34.98833,-117.86472,695.9,81.0666666666667
"2015",35.0233,-118.7497,434.3,82.4
"2015",35.0964,-119.7728,759,77.6666666666667
"2015",35.1011,-118.4222,1286.3,71.3
"2015",35.1231,-115.4114,1649.9,75.1333333333333
"2015",35.1542,-117.1756,987.6,81.9333333333333
"2015",35.1658,-118.6438,1249.7,65.95
"2015",35.1792,-120.3919,319.4,70.1333333333333
"2015",35.1889,-120.0833,1149.1,74.1666666666667
"2015",35.2111,-118.8336,137.2,84.9666666666667
"2015",35.23815,-120.64406,55.8,68.1666666666667
"2015",35.3056,-120.6619,93.9,67.6
"2015",35.3372,-120.5038,424.3,75.2
"2015",35.367,-120.8447,36,68.3333333333333
"2015",35.3692,-117.6525,1088.1,82.35
"2015",35.37,-117.5683,1103.4,81.8333333333333
"2015",35.3741,-120.6375,349.9,71.5
"2015",35.3811,-120.1875,496.8,74.3666666666667
"2015",35.3836,-118.4122,1290.8,72
"2015",35.4028,-119.47,68.6,79.2
"2015",35.4186,-119.0508,143.3,83.1666666666667
"2015",35.43424,-119.05524,149.3,83.9
"2015",35.4783,-117.6989,1338.1,80
"2015",35.4867,-119.1458,123.1,78.8
"2015",35.5317,-118.6303,718.1,79.4333333333333
"2015",35.5892,-119.352,88.7,83.1
"2015",35.6277,-120.6855,222.5,72.4
"2015",35.6466,-118.3608,808.9,78.1
"2015",35.6564,-120.9242,303,71.3
"2015",35.6647,-118.0569,1698.3,75.8666666666667
"2015",35.66936,-120.62918,249.8,74.0666666666667
"2015",35.6841,-121.1683,465.1,66.8666666666667
"2015",35.686254,-117.690911,680,84.5666666666667
"2015",35.7217,-118.4989,960.1,77.2666666666667
"2015",35.7269,-118.7006,957.1,70.05
"2015",35.7636,-117.3908,516.6,87.6666666666667
"2015",35.7683,-119.26,92,81
"2015",35.7706,-115.9092,1524,79.8666666666667
"2015",35.8644,-120.8031,163.7,75.6666666666667
"2015",35.8717,-117.9183,1264.9,83.1666666666667
"2015",35.8842,-118.0517,2507.9,63.7333333333333
"2015",35.8889,-118.6333,1133.9,74.6
"2015",35.8922,-118.915,64,80.7
"2015",35.8989,-120.4319,467.9,74.4333333333333
"2015",35.9717,-118.545,1432.6,67.6
"2015",36.0067,-119.96,73.2,82.4333333333333
"2015",36.0117,-121.2417,335.3,73.8333333333333
"2015",36.0333,-120.0569,246.9,83.5
"2015",36.0931,-118.2603,2499.4,64.2
"2015",36.0975,-119.5817,61,81.85
"2015",36.1203,-117.0878,2097,71.8
"2015",36.1356,-120.3606,204.2,83.8
"2015",36.1388,-117.9527,1165.9,76.4666666666667
"2015",36.1753,-118.7017,987.6,78.3666666666667
"2015",36.2032,-119.0545,132.6,80.25
"2015",36.2069,-121.1377,97.5,70.6
"2015",36.23,-121.4917,298.7,73.1666666666667
"2015",36.2314,-118.8689,586.1,81.7
"2015",36.2356,-121.785,137.2,65.2333333333333
"2015",36.2472,-121.7802,61,66.5
"2015",36.3114,-119.62319,76,81.2
"2015",36.3158,-119.637,72.2,82.2
"2015",36.32833,-119.2997,92.4,79.85
"2015",36.33333,-119.95,70.7,80.7
"2015",36.3478,-120.5978,1524,71.3
"2015",36.3817,-119.0264,156.4,81.1666666666667
"2015",36.3825,-120.8558,1137.8,74.2
"2015",36.3886,-121.5517,574.5,69.0666666666667
"2015",36.4108,-118.8092,1966,66.6
"2015",36.445,-118.7033,1597.2,73.3666666666667
"2015",36.46263,-116.8672,-59.1,100.533333333333
"2015",36.465,-118.8619,347.5,79.8
"2015",36.4708,-121.1472,402.9,74.7666666666667
"2015",36.4805,-121.7244,146.3,66.3666666666667
"2015",36.4819,-121.1822,398.4,71.5666666666667
"2015",36.4914,-118.8253,520.6,81.3666666666667
"2015",36.5625,-117.4736,2097,69.2666666666667
"2015",36.5672,-118.9556,1240.2,76.4
"2015",36.59041,-121.84881,48.8,64.3
"2015",36.5927,-121.8555,37.2,63.15
"2015",36.602,-117.1449,25.6,99.6
"2015",36.6044,-118.7325,2052.8,56.9
"2015",36.6594,-121.6663,13.7,65.4
"2015",36.66352,-121.60928,22.3,65.7333333333333
"2015",36.6853,-119,1237.5,74.6666666666667
"2015",36.7242,-118.9425,2298.2,64.25
"2015",36.7269,-120.7658,619.4,79.6
"2015",36.7672,-119.7092,103,83.8
"2015",36.77999,-119.72016,101.9,82.4666666666667
"2015",36.7878,-118.6561,1438.7,68.6333333333333
"2015",36.798,-118.2036,1204,82.8666666666667
"2015",36.8422,-121.3622,123.1,68.8333333333333
"2015",36.8425,-118.2594,1479.8,78.2333333333333
"2015",36.8483,-121.4213,83.8,68.4666666666667
"2015",36.8839,-119.4658,280.4,83.3333333333333
"2015",36.9092,-119.0883,528.8,79.7
"2015",36.9111,-119.305,469.4,80.6666666666667
"2015",36.9308,-121.7691,29,66.4333333333333
"2015",36.93936,-121.79001,49.5,65.7
"2015",36.9539,-120.0378,82.3,79.8333333333333
"2015",36.9614,-119.175,1538.6,74.6666666666667
"2015",36.98505,-120.11068,76.6,79.7
"2015",36.98785,-121.99952,21.3,68.7666666666667
"2015",36.9911,-121.7978,137.2,67.3333333333333
"2015",36.99574,-119.70691,131.1,80.5666666666667
"2015",37.0153,-119.5678,366.1,77.2666666666667
"2015",37.0544,-119.3711,1249.7,75.9666666666667
"2015",37.0547,-121.0531,106.7,78.3666666666667
"2015",37.0563,-120.8666,36.6,78.8666666666667
"2015",37.0664,-119.0394,1727.6,62.4666666666667
"2015",37.08689,-122.08221,132.6,66.9
"2015",37.0919,-119.5128,637,80.3333333333333
"2015",37.1317,-122.17,801.6,69.4666666666667
"2015",37.135,-119.2561,1751.4,63.3333333333333
"2015",37.1822,-120.7939,19.8,76.3333333333333
"2015",37.2028,-121.9428,609.6,70.7333333333333
"2015",37.2319,-121.9592,111.3,69.6
"2015",37.2319,-119.5083,963.2,78.4666666666667
"2015",37.2329,-119.5097,806.2,74.0666666666667
"2015",37.2331,-119.5047,829.1,78.1333333333333
"2015",37.2381,-120.8825,23.8,74
"2015",37.2811,-121.0177,27.4,81.5333333333333
"2015",37.28597,-120.51788,46.5,78.3
"2015",37.2888,-120.5158,46.9,78.3
"2015",37.3053,-122.255,265.8,65.2333333333333
"2015",37.3133,-122.185,691.9,67.6666666666667
"2015",37.3147,-119.0383,2256.4,63.6666666666667
"2015",37.3292,-121.2939,563.9,76.2666666666667
"2015",37.34336,-121.63473,1286.3,69.8333333333333
"2015",37.3581,-122.1472,196.6,69.7666666666667
"2015",37.35938,-121.92444,15,69.7
"2015",37.37114,-118.35886,1252.8,76.6666666666667
"2015",37.3761,-119.1783,2748.7,58.7
"2015",37.39,-118.5506,1414.3,78.3
"2015",37.4058,-122.0481,11.9,69.0333333333333
"2015",37.4094,-119.7681,937.9,81
"2015",37.4431,-121.7706,629.7,69.7666666666667
"2015",37.4436,-122.1402,7.6,68.55
"2015",37.4681,-120.1106,365.8,80.2
"2015",37.4725,-122.4433,8.2,62.5333333333333
"2015",37.475,-122.2981,196.3,68.7
"2015",37.4767,-122.2386,9.4,69.9666666666667
"2015",37.5019,-121.7355,932.7,69.8666666666667
"2015",37.50193,-120.84566,31.4,77.3
"2015",37.5042,-119.9869,680,76.5666666666667
"2015",37.5122,-119.6331,1538.3,65.4333333333333
"2015",37.5147,-122.0325,3,69.1666666666667
"2015",37.5422,-122.0158,11.6,68.9
"2015",37.5436,-119.8386,1188.7,76.9333333333333
"2015",37.5514,-118.6672,2145.8,65.4
"2015",37.5531,-121.8439,374.9,68.4333333333333
"2015",37.5625,-122.4364,327.7,62.1666666666667
"2015",37.61962,-122.36562,3.2,65.8
"2015",37.62544,-120.95492,26.5,79.7
"2015",37.6478,-118.9617,2378.7,61.5666666666667
"2015",37.65886,-122.12116,9.6,67.5
"2015",37.6819,-121.3466,41.1,75.0333333333333
"2015",37.68194,-121.75139,161.2,73.1
"2015",37.69309,-121.8149,119.7,75
"2015",37.7178,-122.23301,1.5,66.3666666666667
"2015",37.728,-122.5052,2.4,57.6
"2015",37.745,-118.9833,2316.5,59.5
"2015",37.75027,-119.58972,1224.7,73.7666666666667
"2015",37.7592,-119.8208,2017.8,65.7
"2015",37.7617,-119.8247,2025.1,66.7
"2015",37.7705,-122.4269,45.7,63.3666666666667
"2015",37.7861,-122.1447,333.8,64.5333333333333
"2015",37.79589,-121.58319,18.6,77.9333333333333
"2015",37.7983,-122.2642,9.1,66.8666666666667
"2015",37.8172,-121.7789,621.8,72.6666666666667
"2015",37.8331,-120.5,310.9,78.2333333333333
"2015",37.8339,-122.0669,536.4,68.8
"2015",37.8431,-118.4778,1661.2,69.3
"2015",37.8444,-120.2258,853.4,70.1
"2015",37.8511,-119.65,2446,58.1
"2015",37.865,-122.2208,427.6,63.6666666666667
"2015",37.8744,-122.2605,94.5,65.7333333333333
"2015",37.8769,-119.3436,2649.9,53.1
"2015",37.8792,-121.9303,661.4,70.1333333333333
"2015",37.88997,-121.22637,8.3,76.9666666666667
"2015",37.8977,-122.5688,67.1,60.5
"2015",37.9191,-122.3772,6.1,65.7666666666667
"2015",37.9442,-122.1178,442,67.8666666666667
"2015",37.95,-121.8844,487.7,70.9666666666667
"2015",37.9566,-122.5447,44.2,69.5333333333333
"2015",37.9567,-119.1194,2071.7,66.4666666666667
"2015",37.9613,-119.783,1179.6,72.6666666666667
"2015",37.9672,-120.3872,510.5,73.4666666666667
"2015",37.9747,-119.9161,1452.4,72.6666666666667
"2015",37.9833,-122.0692,12.2,73.6333333333333
"2015",37.9833,-121.7525,18.3,75.3333333333333
"2015",37.9906,-122.6447,426.7,67.9666666666667
"2015",37.99165,-122.05268,7,74.1
"2015",37.9983,-122.5372,36.6,69.5333333333333
"2015",38.0047,-120.4863,292.6,78.9666666666667
"2015",38.0131,-122.1142,12.2,70.9333333333333
"2015",38.0281,-122.7022,378,65.6666666666667
"2015",38.0394,-122.57,457.2,67.3
"2015",38.0631,-120.2469,1503.6,73.7
"2015",38.07,-119.23,2878.8,56.8666666666667
"2015",38.1,-122.1869,103.9,72.6333333333333
"2015",38.2075,-122.28041,4.7,67
"2015",38.2119,-119.0142,2551.2,55.9
"2015",38.2575,-119.2286,1972.1,60.4666666666667
"2015",38.2577,-122.6077,6.1,68.2666666666667
"2015",38.2719,-119.2892,2026.9,64.6333333333333
"2015",38.2736,-122.0677,12.2,74.3666666666667
"2015",38.2769,-120.3113,1431,68.1333333333333
"2015",38.2777,-122.2647,10.7,70.7666666666667
"2015",38.28,-119.61,2931.3,54.8666666666667
"2015",38.2994,-122.4622,29.6,70.3666666666667
"2015",38.3,-119.55,2194,58.9
"2015",38.31,-119.6,2690.5,55.9
"2015",38.3208,-123.0747,19.2,59.9333333333333
"2015",38.3772,-120.8008,483.4,76.2
"2015",38.37753,-121.95854,31.7,77.2
"2015",38.3894,-120.6511,902.2,77.3666666666667
"2015",38.4,-119.54,2838.6,55.2666666666667
"2015",38.4305,-122.8647,61,68.2333333333333
"2015",38.44,-119.37,2814.2,54.6333333333333
"2015",38.4786,-122.7119,175.6,68.2666666666667
"2015",38.4883,-120.325,1524,73.8
"2015",38.4916,-122.1241,146.3,75.4666666666667
"2015",38.492,-122.0039,57,77.8333333333333
"2015",38.50369,-122.81101,36.2,68.7
"2015",38.50659,-121.49604,5.9,76.6333333333333
"2015",38.5066,-122.4713,68.6,73.0666666666667
"2015",38.51,-119.63,2357.9,55.7333333333333
"2015",38.5252,-121.9777,41.1,77.8666666666667
"2015",38.5349,-121.7761,18.3,75.2666666666667
"2015",38.55,-119.8,2671.6,57.1333333333333
"2015",38.5552,-121.4183,11.6,78.1
"2015",38.5653,-119.4592,1658.1,72.2666666666667
"2015",38.573,-122.4405,522.7,69.2333333333333
"2015",38.57682,-122.57811,106.7,71.3666666666667
"2015",38.5908,-120.9336,275.8,76.5666666666667
"2015",38.61,-119.92,2455.8,56.8
"2015",38.67,-119.82,1863.9,63.9
"2015",38.67,-119.61,2532.9,58.0333333333333
"2015",38.68,-119.96,2443.6,59.1333333333333
"2015",38.6829,-121.794,20.4,78.4
"2015",38.6833,-119.7667,1676.7,66.3
"2015",38.69,-119.99,2546,56.0666666666667
"2015",38.70069,-121.59479,7.5,76.5
"2015",38.72,-119.89,2477.7,52.9666666666667
"2015",38.7333,-120.245,1597.2,66.5
"2015",38.7383,-122.1447,107.9,79.4333333333333
"2015",38.7395,-119.518,1613,71.6
"2015",38.7583,-120.503,1051.6,69.8333333333333
"2015",38.7817,-122.9169,609.6,69.7333333333333
"2015",38.7852,-120.7419,810.2,77.2
"2015",38.79296,-123.0263,121.9,74.7666666666667
"2015",38.8325,-121.0086,365.8,75.2333333333333
"2015",38.84,-119.89,2608.2,57.3
"2015",38.85,-120.08,2337.8,59.9666666666667
"2015",38.85,-119.94,2370.1,54.9666666666667
"2015",38.8619,-122.4172,670.6,74.3
"2015",38.8825,-121.2683,61,78.9666666666667
"2015",38.89838,-119.99617,1907,62.2333333333333
"2015",38.9056,-120.6972,1426.5,74.3
"2015",38.9119,-122.7064,659.3,76.7666666666667
"2015",38.92,-119.92,2615.8,55.1666666666667
"2015",38.93,-120.05,1900.7,58.4333333333333
"2015",38.933,-120.8008,914.7,76.6
"2015",38.9875,-123.3486,196.3,69.8666666666667
"2015",39,-120.13,2343.6,61.2666666666667
"2015",39.0189,-122.4119,635.5,78.9333333333333
"2015",39.0308,-123.0806,817.5,74.6666666666667
"2015",39.06,-120.1292,1924.8,60.0666666666667
"2015",39.0717,-120.4217,1597.2,69.6
"2015",39.0901,-120.947,723.3,76.8666666666667
"2015",39.0914,-120.7317,1327.4,72.7666666666667
"2015",39.10205,-121.56884,18.9,78.2
"2015",39.1258,-123.0736,975.4,73.1666666666667
"2015",39.12781,-123.20015,183.7,74.3
"2015",39.14,-120.22,2028.4,58.1333333333333
"2015",39.1439,-120.5089,2164.1,65
"2015",39.1678,-120.1428,1898.9,61.7333333333333
"2015",39.17,-120.15,2071.7,61.5333333333333
"2015",39.1836,-120.8847,861.4,74.7333333333333
"2015",39.1875,-122.0269,15.2,76.8
"2015",39.19,-120.26,2447.2,58.4333333333333
"2015",39.2041,-121.068,731.5,72.7666666666667
"2015",39.2083,-122.8083,1475.2,70.9
"2015",39.2466,-121.0008,847.6,73.6
"2015",39.27617,-120.70927,1611.2,68.8333333333333
"2015",39.3,-120.18,1983.9,63.6666666666667
"2015",39.3036,-121.1172,599.8,77.3333333333333
"2015",39.3167,-120.8375,1316.7,73.3
"2015",39.318,-120.145,1798.3,61.0333333333333
"2015",39.33,-120.37,2089.4,59.9333333333333
"2015",39.3528,-123.6011,180.7,66.9
"2015",39.3619,-123.1286,310.3,74.2666666666667
"2015",39.3669,-122.575,365.8,78.0333333333333
"2015",39.3886,-120.0936,1699.3,60.2333333333333
"2015",39.3975,-121.3861,244.8,78
"2015",39.4172,-122.1825,36.6,77.5
"2015",39.425,-122.9772,540.4,72.0666666666667
"2015",39.43,-120.31,2545.7,59.3666666666667
"2015",39.45,-120.29,2134.5,58.2
"2015",39.4539,-120.6556,1641.3,66.8
"2015",39.475,-121.2025,1132,73.8
"2015",39.4833,-120.075,2093.1,62.5666666666667
"2015",39.49,-120.28,1967.8,57.9666666666667
"2015",39.4943,-121.62226,56.9,79.9333333333333
"2015",39.51,-123.75639,37.5,59.8333333333333
"2015",39.5177,-121.553,52.1,78.4
"2015",39.5214,-120.0269,1654.8,67.0333333333333
"2015",39.52316,-122.3048,71.3,78.2666666666667
"2015",39.53194,-121.1611,1130.8,68.0333333333333
"2015",39.5619,-120.0478,1821.5,64.3
"2015",39.5633,-120.8238,888.5,70.2333333333333
"2015",39.5833,-120.3705,1516.4,65.4
"2015",39.5861,-122.5341,243.8,78.5333333333333
"2015",39.6375,-120.8653,2033,66.0333333333333
"2015",39.6514,-122.7236,1310.6,72.8
"2015",39.6681,-123.3211,740.1,72.1666666666667
"2015",39.7022,-123.485,554.7,72.1333333333333
"2015",39.7358,-121.4889,759,77.4
"2015",39.7458,-122.1997,77.4,79.0333333333333
"2015",39.7538,-121.6241,533.4,78.0333333333333
"2015",39.8053,-120.4719,1478.3,64.6
"2015",39.8056,-120.1858,1508.8,65.1333333333333
"2015",39.8075,-122.945,1652,68.4
"2015",39.8333,-123.0833,457.2,76.4666666666667
"2015",39.8644,-122.6097,317,82.4333333333333
"2015",39.8716,-121.6108,826,74.4
"2015",39.8717,-121.7689,528.2,79.7666666666667
"2015",39.9278,-122.6569,1131.7,75.1
"2015",39.9366,-120.9475,1042.4,68.0666666666667
"2015",39.9389,-122.1697,89.6,79.85
"2015",39.9717,-120.0828,1338.1,68.9
"2015",39.9733,-120.9419,1066.8,70.9333333333333
"2015",40.0017,-120.915,1377.7,73.6333333333333
"2015",40.0222,-120.1056,1292.4,71.9
"2015",40.0686,-121.5825,1466.7,71.7666666666667
"2015",40.1383,-123.8236,135.9,70.1333333333333
"2015",40.1417,-120.3533,1767.8,70.5333333333333
"2015",40.15186,-122.25478,108,81.9
"2015",40.1705,-121.0886,1389.9,67.9
"2015",40.1867,-123.5903,281.3,72.9666666666667
"2015",40.2461,-120.6422,1737.4,67.1
"2015",40.2506,-123.3158,832.7,69.7333333333333
"2015",40.2569,-124.2661,899.2,67.2
"2015",40.295,-122.8667,1066.8,76.3
"2015",40.30209,-121.24391,1387.1,66.3333333333333
"2015",40.3067,-120.9,1767.8,67.5333333333333
"2015",40.3375,-123.0656,1378.8,71.1
"2015",40.3442,-121.7136,1267.7,74.4
"2015",40.3983,-122.8333,579.1,78.2333333333333
"2015",40.4167,-120.6631,1283.8,69.7666666666667
"2015",40.4633,-123.5239,845.8,69.8
"2015",40.4808,-120.1139,1339.6,68.5666666666667
"2015",40.4833,-124.1038,41.5,64.3666666666667
"2015",40.505,-123.3417,1219.2,70.3666666666667
"2015",40.51462,-122.29773,152.6,83.7666666666667
"2015",40.5158,-122.2906,152.4,82
"2015",40.54,-121.5803,1725.2,61.4666666666667
"2015",40.5411,-121.5766,1752.6,62.75
"2015",40.55,-123.165,708.1,70.9
"2015",40.5981,-121.0831,1722.1,61.3333333333333
"2015",40.6116,-122.528,394.7,81.5666666666667
"2015",40.6194,-121.8994,736.7,77.2666666666667
"2015",40.6306,-120.5028,1554.5,66.5666666666667
"2015",40.6507,-122.6068,432.2,78.9
"2015",40.7141,-122.4161,327.7,82.3666666666667
"2015",40.7219,-123.4953,792.5,72.7666666666667
"2015",40.7263,-122.7947,567.2,74.4
"2015",40.7308,-120.3164,1614.8,66.9666666666667
"2015",40.7333,-123.2333,457.2,76.7666666666667
"2015",40.73529,-122.9441,627.3,73.7333333333333
"2015",40.7405,-123.2077,381.9,73.5
"2015",40.7586,-120.8961,1889.8,63.8666666666667
"2015",40.7817,-120.7844,1877,63.8333333333333
"2015",40.7864,-122.8045,1008.3,73.3
"2015",40.8072,-121.2967,1752.6,68.0666666666667
"2015",40.8097,-124.1602,6.1,59.7333333333333
"2015",40.8802,-121.6547,974.8,69.0333333333333
"2015",40.8892,-123.1422,1432.6,72.7333333333333
"2015",40.9167,-122.4383,1280.2,76.8666666666667
"2015",40.9258,-121.5856,1130.8,73.4
"2015",40.9316,-121.5433,919,68.7333333333333
"2015",40.97844,-124.10479,64.5,58.5
"2015",41.0064,-121.9833,518.2,77.4
"2015",41.0478,-123.6714,114.3,72.8666666666667
"2015",41.0547,-120.3375,1711.5,64.7
"2015",41.1117,-122.6967,1341.1,75.0666666666667
"2015",41.1383,-123.9056,804.7,66.1666666666667
"2015",41.1831,-122.28167,661.1,71.9
"2015",41.24,-120.79,1886.7,58.9
"2015",41.2694,-123.1875,1815.4,66.2
"2015",41.2706,-120.29845,1621.2,64.25
"2015",41.2769,-121.9794,975.4,64.4
"2015",41.2897,-123.8575,150.9,71.9666666666667
"2015",41.2944,-120.8639,1463,69.2
"2015",41.295,-120.3133,1889.8,63.9333333333333
"2015",41.3003,-123.1322,668.1,73.8666666666667
"2015",41.30206,-123.53851,122.8,74.6333333333333
"2015",41.3075,-122.7958,955.9,73
"2015",41.314893,-122.317127,1083,69.7333333333333
"2015",41.3156,-122.3156,0,69.1333333333333
"2015",41.3322,-120.4725,1332.6,68.8
"2015",41.3378,-122.82484,940.3,67.3666666666667
"2015",41.39,-123.4958,280.4,76.5666666666667
"2015",41.4272,-121.4639,1602.6,69.3666666666667
"2015",41.4342,-120.8678,1314.3,68
"2015",41.4789,-122.4539,893.1,73.3666666666667
"2015",41.48362,-120.5615,1335.9,67.4
"2015",41.53,-120.6714,1530.7,68.5666666666667
"2015",41.5301,-120.1791,1428.9,71.5666666666667
"2015",41.58,-120.3,2142.7,62.2666666666667
"2015",41.5992,-122.9336,1287.8,73.2333333333333
"2015",41.6294,-121.2981,1511.8,69.7666666666667
"2015",41.6431,-121.7939,1502.1,68.2333333333333
"2015",41.6853,-122.5942,914.4,75.7666666666667
"2015",41.70237,-122.64169,826.6,74.0666666666667
"2015",41.71171,-121.5067,1455.4,68.8
"2015",41.7358,-123.7917,1615.4,65.1666666666667
"2015",41.7417,-121.5383,1453.9,68.6666666666667
"2015",41.77373,-122.46825,806.1,73.4666666666667
"2015",41.775,-122.9503,1674.3,67.8
"2015",41.78361,-124.23796,17,58.8333333333333
"2015",41.7861,-122.0056,1645.9,69.0333333333333
"2015",41.8386,-122.85,591.3,74.0666666666667
"2015",41.8586,-123.3525,1423.4,70.7333333333333
"2015",41.8715,-120.1574,1444.4,69.8333333333333
"2015",41.89,-120.75,1575.8,64.4
"2015",41.95999,-121.47449,1230.8,67
"2015",41.97983,-122.33811,812.3,73.9333333333333
"2015",41.99,-120.72,1731.3,64.2
"2015",41.99,-120.18,2243.3,57.2
"2015",41.9919,-123.6036,1210.1,67.7
"2015",41.9992,-121.7003,1249.1,65.1333333333333
"2016",32.56797,-117.11715,7.2,72.7
"2016",32.57583,-116.99391,158.9,71.9333333333333
"2016",32.6058,-116.6089,714.8,74.2
"2016",32.6261,-116.4681,805,73.3333333333333
"2016",32.6263,-116.4699,801.6,73.9666666666667
"2016",32.64,-117.0858,17.1,71.5333333333333
"2016",32.685,-116.9736,129.5,72
"2016",32.69219,-117.20983,4.4,68.4666666666667
"2016",32.7214,-116.4631,1049.4,72.1666666666667
"2016",32.7336,-117.1831,4.6,70.8666666666667
"2016",32.7397,-114.8839,66.1,92.2
"2016",32.76536,-117.2315,4.3,69.1333333333333
"2016",32.76654,-115.56638,-9.1,93.45
"2016",32.8005,-116.928,150.9,76.0333333333333
"2016",32.81453,-117.13747,127.5,73.0666666666667
"2016",32.83241,-115.66377,-14.1,92.8333333333333
"2016",32.8336,-116.7392,622.1,77
"2016",32.83464,-115.57656,-16.8,94.9
"2016",32.8358,-116.7774,516.6,75.0333333333333
"2016",32.8488,-115.5666,-19.5,92.2666666666667
"2016",32.8569,-116.6222,1060.7,74.2
"2016",32.86667,-117.13333,145.4,73.2333333333333
"2016",32.8672,-116.4194,1804.4,71.0666666666667
"2016",32.8797,-116.4203,1755.6,69.1
"2016",32.8856,-116.8149,182.9,78.3333333333333
"2016",32.9083,-114.4944,91.4,95.2
"2016",32.9736,-115.1736,84.7,95.5666666666667
"2016",32.9897,-116.5872,1414.3,72.2333333333333
"2016",32.9903,-116.0669,231.6,95.9666666666667
"2016",33.0164,-116.6339,0,73.7
"2016",33.01953,-117.03096,197.5,75.3
"2016",33.0216,-117.0813,210.3,72.9666666666667
"2016",33.03801,-116.915979,422,73.2
"2016",33.0736,-116.8458,466.3,74.6333333333333
"2016",33.0758,-116.5908,1292.4,74.6333333333333
"2016",33.0763,-116.5925,1284.7,74.7666666666667
"2016",33.121,-117.09,182.9,76.7
"2016",33.12993,-117.27651,95.3,69.6
"2016",33.1552,-116.1688,118.9,95.6
"2016",33.2097,-117.395,3,68.4333333333333
"2016",33.21946,-117.34962,9.1,69.5666666666667
"2016",33.2222,-116.4975,1345.7,78.6666666666667
"2016",33.2354,-117.2322,131.1,71.5
"2016",33.2372,-117.0086,452,74.6333333333333
"2016",33.2372,-116.7614,823,72.9
"2016",33.2559,-116.4036,246.9,92.7666666666667
"2016",33.286,-117.456,27.1,71.7
"2016",33.378,-116.84,1691.6,75.0333333333333
"2016",33.3933,-116.795,838.8,75.8333333333333
"2016",33.40419,-118.41456,477,68.2
"2016",33.4392,-117.1904,347.5,74.5666666666667
"2016",33.445,-117.4181,707.1,73.0333333333333
"2016",33.4833,-119.0333,53.6,64.4666666666667
"2016",33.5286,-117.2306,603.5,74.1333333333333
"2016",33.5417,-117.5917,213.4,72.7666666666667
"2016",33.555,-116.673,1194.8,73.5
"2016",33.5697,-116.073,-55.8,91.2333333333333
"2016",33.6031,-117.8836,3,68.8
"2016",33.61876,-114.71451,120.4,95.0333333333333
"2016",33.63166,-116.16412,-36,91.4666666666667
"2016",33.6472,-117.4111,926,79.4333333333333
"2016",33.6667,-116.7667,1499.6,74.6666666666667
"2016",33.67975,-117.86746,13,72.1333333333333
"2016",33.686,-117.3458,386.5,79.3333333333333
"2016",33.7044,-115.6289,417.6,90.1
"2016",33.7086,-116.2152,-6.4,94.8
"2016",33.72,-117.723,164.6,77.3333333333333
"2016",33.7381,-116.8939,552,79.4
"2016",33.7403,-116.8414,594.4,79.6
"2016",33.7442,-117.8667,41.1,75.3
"2016",33.7572,-116.7066,1639.8,69.7
"2016",33.7965,-116.9753,464.8,79.8
"2016",33.8016,-118.3419,27.4,70.3666666666667
"2016",33.80807,-115.45138,296.6,93.6333333333333
"2016",33.8081,-117.7111,542.8,73.7
"2016",33.81177,-118.14718,10.2,73.4666666666667
"2016",33.82216,-116.50433,124.7,93.6333333333333
"2016",33.8342,-118.3759,43.3,68.8333333333333
"2016",33.8647,-117.8425,70.7,77.1333333333333
"2016",33.87154,-117.98561,26.3,75.9666666666667
"2016",33.8767,-117.3089,524.3,77.7
"2016",33.89765,-117.60243,162.5,74.4333333333333
"2016",33.9,-117.25,468.2,77.7333333333333
"2016",33.92353,-118.33291,16.6,71.4
"2016",33.9306,-116.95,793.7,77.3666666666667
"2016",33.93816,-118.3866,29.7,69.7
"2016",33.9511,-117.388,256,79.2
"2016",33.95282,-117.43523,257.7,79.8
"2016",33.97563,-117.62487,193.9,78.6333333333333
"2016",33.9778,-120.0778,395.6,60.8666666666667
"2016",33.9958,-119.7222,76.2,68.5666666666667
"2016",34.005,-118.4139,28,70.8333333333333
"2016",34.0178,-116.1878,1280.2,79.3
"2016",34.02099,-118.44712,53.3,69.7
"2016",34.0456,-118.9358,15.2,66.3333333333333
"2016",34.05314,-117.57689,281.6,78.8666666666667
"2016",34.0583,-118.6333,480.1,72.6
"2016",34.0608,-114.7322,249.9,94.5333333333333
"2016",34.0678,-118.2417,115.2,73.3333333333333
"2016",34.0697,-118.4427,131.1,70.4
"2016",34.0836,-117.0347,899.2,78
"2016",34.0864,-116.5622,958.6,82.2666666666667
"2016",34.0869,-118.4794,340.5,68.2
"2016",34.1206,-115.85,419.4,92.9666666666667
"2016",34.1208,-117.9458,152.4,77.4666666666667
"2016",34.1233,-116.4078,993.6,82.4666666666667
"2016",34.12407,-119.12281,3.8,64.3
"2016",34.125,-118.4122,384,89.8
"2016",34.128,-116.0369,602,91
"2016",34.1294,-116.3879,990.3,82.4333333333333
"2016",34.1369,-117.7069,501.4,75.2666666666667
"2016",34.1471,-116.2747,781.2,85.1666666666667
"2016",34.1472,-115.1219,281,95.4
"2016",34.1483,-118.1447,263.3,76.0666666666667
"2016",34.1819,-118.5744,240.8,78.7666666666667
"2016",34.1847,-118.7172,502.9,76.3
"2016",34.1866,-118.348,199.6,74.9333333333333
"2016",34.1942,-116.9131,1712.4,69.7333333333333
"2016",34.19966,-118.36543,222.7,75.9666666666667
"2016",34.20012,-119.20417,11.9,66.5666666666667
"2016",34.2066,-119.1375,15.8,67.9666666666667
"2016",34.2069,-117.7606,792.5,76.2
"2016",34.2103,-116.6339,1828.8,76.8
"2016",34.21142,-119.08762,21.6,68.8666666666667
"2016",34.21214,-118.49146,239.2,77.9
"2016",34.2182,-116.4073,1050,84.35
"2016",34.2211,-117.4044,627,78.3
"2016",34.2308,-118.0711,1740.4,74.8333333333333
"2016",34.2339,-117.4803,851,75.7666666666667
"2016",34.243,-116.917,2058.3,64.8
"2016",34.2661,-116.8989,2103.1,64.4
"2016",34.2711,-118.1525,914.4,76.9
"2016",34.28964,-114.17137,224.9,95.6
"2016",34.2936,-118.3608,423.7,74.0666666666667
"2016",34.3175,-117.5019,1005.8,76.8666666666667
"2016",34.3194,-117.0131,2091.2,67.8333333333333
"2016",34.3317,-118.0303,1661.2,75.1333333333333
"2016",34.3591,-116.5378,965.3,83.2333333333333
"2016",34.3617,-118.4217,1219.2,75.4333333333333
"2016",34.3717,-118.8408,501.4,73.3666666666667
"2016",34.3789,-117.6919,2108.3,71.0666666666667
"2016",34.3903,-118.0825,1530.4,74.6666666666667
"2016",34.3906,-116.5169,883.9,85.55
"2016",34.4141,-119.8796,5.5,64.0333333333333
"2016",34.4167,-119.6844,4.9,68.7666666666667
"2016",34.4206,-117.2661,931.2,81.2666666666667
"2016",34.4241,-119.84249,2.5,65.2
"2016",34.4311,-118.6828,389.5,77.2
"2016",34.4456,-117.8511,1152.1,78.0666666666667
"2016",34.4458,-118.2,792.5,76.7
"2016",34.4477,-119.2275,227.1,71.6333333333333
"2016",34.4614,-119.6481,457.2,71.35
"2016",34.4806,-118.7556,347.5,75.1666666666667
"2016",34.5025,-117.8969,945.2,83.5
"2016",34.52527,-117.29638,850.1,80.0333333333333
"2016",34.5358,-119.7833,310.9,73.4333333333333
"2016",34.5431,-119.1842,1015.3,67.9
"2016",34.5594,-115.7443,200.6,95.4666666666667
"2016",34.5686,-118.7403,1255.8,77.1666666666667
"2016",34.58223,-119.98159,240.5,74.1
"2016",34.5883,-118.0938,796.1,81.8666666666667
"2016",34.5958,-118.5786,1502.7,78.6666666666667
"2016",34.62944,-118.08309,764.7,82.3
"2016",34.6538,-120.4513,22.9,63.9333333333333
"2016",34.66667,-120.46667,26.8,61.7666666666667
"2016",34.6819,-119.3539,1118.6,76.0333333333333
"2016",34.6847,-117.8208,789.4,82.9333333333333
"2016",34.705,-118.4297,932.7,81.7
"2016",34.7325,-118.3833,841.2,83.2
"2016",34.7331,-120.0067,975.4,77.2333333333333
"2016",34.74121,-118.21255,712.6,83.2333333333333
"2016",34.74361,-118.72528,1374.6,78.2
"2016",34.7586,-120.4861,320,62
"2016",34.76783,-114.61842,270.6,97.7333333333333
"2016",34.8083,-119.0125,1493.5,66.1333333333333
"2016",34.83328,-118.86497,1089.7,73.6666666666667
"2016",34.85371,-116.78702,584.8,89.9333333333333
"2016",34.8927,-117.0219,676.7,87.0333333333333
"2016",34.89403,-120.45216,74.2,62.5333333333333
"2016",34.9455,-119.6827,658.4,75.2666666666667
"2016",34.988,-120.3211,177.4,64.7
"2016",35.0233,-118.7497,434.3,80.6
"2016",35.0964,-119.7728,759,80.4
"2016",35.1011,-118.4222,1286.3,71.9
"2016",35.1231,-115.4114,1649.9,76.8
"2016",35.1542,-117.1756,987.6,83.8333333333333
"2016",35.1658,-118.6438,1249.7,69.6
"2016",35.1792,-120.3919,319.4,70.0333333333333
"2016",35.1889,-120.0833,1149.1,77.1333333333333
"2016",35.2111,-118.8336,137.2,85.1
"2016",35.23815,-120.64406,55.8,67.8333333333333
"2016",35.3056,-120.6619,93.9,65.8
"2016",35.3692,-117.6525,1088.1,84.6666666666667
"2016",35.37,-117.5683,1103.4,82.65
"2016",35.3811,-120.1875,496.8,74.4
"2016",35.3836,-118.4122,1290.8,72.3666666666667
"2016",35.4028,-119.47,68.6,81.5333333333333
"2016",35.4186,-119.0508,143.3,83.4666666666667
"2016",35.43424,-119.05524,149.3,84.7
"2016",35.4783,-117.6989,1338.1,82
"2016",35.4867,-119.1458,123.1,80
"2016",35.5317,-118.6303,718.1,80
"2016",35.5892,-119.352,88.7,82.7
"2016",35.6277,-120.6855,222.5,72.4333333333333
"2016",35.6564,-120.9242,303,71.9
"2016",35.6647,-118.0569,1698.3,77.4333333333333
"2016",35.66936,-120.62918,249.8,73.7
"2016",35.6841,-121.1683,465.1,67.7666666666667
"2016",35.686254,-117.690911,680,86.3
"2016",35.7217,-118.4989,960.1,78.0333333333333
"2016",35.7269,-118.7006,957.1,69.3333333333333
"2016",35.7636,-117.3908,516.6,89.5666666666667
"2016",35.7683,-119.26,92,82.3
"2016",35.7706,-115.9092,1524,81.6
"2016",35.8644,-120.8031,163.7,74.9666666666667
"2016",35.8717,-117.9183,1264.9,86.2333333333333
"2016",35.8842,-118.0517,2507.9,66.2
"2016",35.8889,-118.6333,1133.9,74.1
"2016",35.8922,-118.915,64,79.2
"2016",35.8989,-120.4319,467.9,75.3
"2016",35.9717,-118.545,1432.6,67.0666666666667
"2016",36.0067,-119.96,73.2,82.9333333333333
"2016",36.0117,-121.2417,335.3,74.2
"2016",36.0333,-120.0569,246.9,84.2666666666667
"2016",36.0931,-118.2603,2499.4,62.4333333333333
"2016",36.0975,-119.5817,61,81.2666666666667
"2016",36.1356,-120.3606,204.2,83.3
"2016",36.1388,-117.9527,1165.9,78.65
"2016",36.1753,-118.7017,987.6,78.9
"2016",36.2032,-119.0545,132.6,79.65
"2016",36.2069,-121.1377,97.5,68.3666666666667
"2016",36.23,-121.4917,298.7,72.2333333333333
"2016",36.2314,-118.8689,586.1,83.0666666666667
"2016",36.2356,-121.785,137.2,63.2666666666667
"2016",36.2472,-121.7802,61,64.5
"2016",36.3114,-119.62319,76,80.3
"2016",36.3158,-119.637,72.2,82.2333333333333
"2016",36.32833,-119.2997,92.4,79.4
"2016",36.33333,-119.95,70.7,80.2333333333333
"2016",36.3478,-120.5978,1524,73.2
"2016",36.3642,-120.1561,86.9,82.65
"2016",36.3817,-119.0264,156.4,81.2333333333333
"2016",36.3825,-120.8558,1137.8,76.6
"2016",36.3886,-121.5517,574.5,69.4666666666667
"2016",36.445,-118.7033,1597.2,74.7666666666667
"2016",36.46263,-116.8672,-59.1,103.333333333333
"2016",36.465,-118.8619,347.5,80.2
"2016",36.4708,-121.1472,402.9,74.6
"2016",36.4805,-121.7244,146.3,63.3666666666667
"2016",36.4819,-121.1822,398.4,72.75
"2016",36.4914,-118.8253,520.6,81.95
"2016",36.5625,-117.4736,2097,71.5
"2016",36.5672,-118.9556,1240.2,78.0333333333333
"2016",36.59041,-121.84881,48.8,59.6
"2016",36.5927,-121.8555,37.2,59.0833333333333
"2016",36.602,-117.1449,25.6,101.766666666667
"2016",36.6044,-118.7325,2052.8,58.45
"2016",36.6594,-121.6663,13.7,61.5666666666667
"2016",36.66352,-121.60928,22.3,62.4333333333333
"2016",36.6853,-119,1237.5,74.9333333333333
"2016",36.7242,-118.9425,2298.2,65.7333333333333
"2016",36.7269,-120.7658,619.4,81.1
"2016",36.73751,-118.96197,2005.6,65.2
"2016",36.7672,-119.7092,103,85.35
"2016",36.77999,-119.72016,101.9,82.4666666666667
"2016",36.7878,-118.6561,1438.7,69.8666666666667
"2016",36.798,-118.2036,1204,84.6
"2016",36.8422,-121.3622,123.1,66.8
"2016",36.8425,-118.2594,1479.8,81.5666666666667
"2016",36.8483,-121.4213,83.8,65.5666666666667
"2016",36.8839,-119.4658,280.4,84.6666666666667
"2016",36.9092,-119.0883,528.8,82.2
"2016",36.9111,-119.305,469.4,80.9333333333333
"2016",36.9308,-121.7691,29,66.1333333333333
"2016",36.93936,-121.79001,49.5,61.7666666666667
"2016",36.9539,-120.0378,82.3,79
"2016",36.9614,-119.175,1538.6,77.3
"2016",36.98505,-120.11068,76.6,78.9
"2016",36.98785,-121.99952,21.3,63.9333333333333
"2016",36.9911,-121.7978,137.2,65.2333333333333
"2016",36.99574,-119.70691,131.1,79.1666666666667
"2016",37.003,-121.5608,59.1,70.7
"2016",37.0153,-119.5678,366.1,76.0666666666667
"2016",37.0544,-119.3711,1249.7,77.3
"2016",37.0547,-121.0531,106.7,78.7666666666667
"2016",37.0563,-120.8666,36.6,78.7333333333333
"2016",37.0664,-119.0394,1727.6,62.1666666666667
"2016",37.08689,-122.08221,132.6,69.8666666666667
"2016",37.0919,-119.5128,637,80
"2016",37.1317,-122.17,801.6,71.2
"2016",37.135,-119.2561,1751.4,63.5333333333333
"2016",37.1822,-120.7939,19.8,76
"2016",37.2028,-121.9428,609.6,71.1
"2016",37.2319,-121.9592,111.3,70.05
"2016",37.2319,-119.5083,963.2,78.8
"2016",37.2331,-119.5047,829.1,78.5666666666667
"2016",37.2381,-120.8825,23.8,73.6
"2016",37.2811,-121.0177,27.4,80.4666666666667
"2016",37.28597,-120.51788,46.5,78.0333333333333
"2016",37.2888,-120.5158,46.9,78.3
"2016",37.3053,-122.255,265.8,62.7666666666667
"2016",37.3133,-122.185,691.9,69.6666666666667
"2016",37.3147,-119.0383,2256.4,65.0666666666667
"2016",37.3292,-121.2939,563.9,77.6666666666667
"2016",37.34336,-121.63473,1286.3,71.5333333333333
"2016",37.3581,-122.1472,196.6,68.2666666666667
"2016",37.35938,-121.92444,15,69.4666666666667
"2016",37.37114,-118.35886,1252.8,77.4666666666667
"2016",37.3761,-119.1783,2748.7,60.3
"2016",37.39,-118.5506,1414.3,80.4666666666667
"2016",37.4058,-122.0481,11.9,67.5666666666667
"2016",37.4094,-119.7681,937.9,81.3
"2016",37.4431,-121.7706,629.7,71.7333333333333
"2016",37.4436,-122.1402,7.6,67.0333333333333
"2016",37.4681,-120.1106,365.8,80.8333333333333
"2016",37.4725,-122.4433,8.2,58.1666666666667
"2016",37.475,-122.2981,196.3,67.2
"2016",37.4767,-122.2386,9.4,67.8
"2016",37.5019,-121.7355,932.7,72.6
"2016",37.50193,-120.84566,31.4,77.6
"2016",37.5042,-119.9869,680,76.8666666666667
"2016",37.5122,-119.6331,1538.3,65.3333333333333
"2016",37.5147,-122.0325,3,66.0333333333333
"2016",37.5422,-122.0158,11.6,66.4666666666667
"2016",37.5436,-119.8386,1188.7,76.3
"2016",37.5514,-118.6672,2145.8,67.3666666666667
"2016",37.5531,-121.8439,374.9,68.1666666666667
"2016",37.5625,-122.4364,327.7,60
"2016",37.61962,-122.36562,3.2,63.3666666666667
"2016",37.62544,-120.95492,26.5,79.6
"2016",37.6478,-118.9617,2378.7,62.7333333333333
"2016",37.65886,-122.12116,9.6,66.2
"2016",37.6819,-121.3466,41.1,74.1
"2016",37.68194,-121.75139,161.2,72.0666666666667
"2016",37.69309,-121.8149,119.7,72.2
"2016",37.7178,-122.23301,1.5,64.4666666666667
"2016",37.728,-122.5052,2.4,56.9333333333333
"2016",37.745,-118.9833,2316.5,60.1
"2016",37.75027,-119.58972,1224.7,74.3
"2016",37.7592,-119.8208,2017.8,67.2666666666667
"2016",37.7617,-119.8247,2025.1,68.1666666666667
"2016",37.7705,-122.4269,45.7,59.9333333333333
"2016",37.7861,-122.1447,333.8,63.1
"2016",37.79589,-121.58319,18.6,76.8666666666667
"2016",37.7983,-122.2642,9.1,63.75
"2016",37.8172,-121.7789,621.8,74.4666666666667
"2016",37.8331,-120.5,310.9,78.8333333333333
"2016",37.8339,-122.0669,536.4,70.0666666666667
"2016",37.8431,-118.4778,1661.2,72.7
"2016",37.8444,-120.2258,853.4,72.2
"2016",37.8511,-119.65,2446,59.4
"2016",37.865,-122.2208,427.6,62.7333333333333
"2016",37.8744,-122.2605,94.5,62.6
"2016",37.8769,-119.3436,2649.9,53.2333333333333
"2016",37.8792,-121.9303,661.4,71.2
"2016",37.88997,-121.22637,8.3,76.1333333333333
"2016",37.9191,-122.3772,6.1,62.7333333333333
"2016",37.9442,-122.1178,442,68.4666666666667
"2016",37.95,-121.8844,487.7,72
"2016",37.9566,-122.5447,44.2,67.5333333333333
"2016",37.9567,-119.1194,2071.7,67.7666666666667
"2016",37.9613,-119.783,1179.6,71.85
"2016",37.9672,-120.3872,510.5,72.6333333333333
"2016",37.9747,-119.9161,1452.4,72.9
"2016",37.9833,-122.0692,12.2,72.8333333333333
"2016",37.9833,-121.7525,18.3,74.2333333333333
"2016",37.9906,-122.6447,426.7,68.0666666666667
"2016",37.99165,-122.05268,7,72.8666666666667
"2016",37.9983,-122.5372,36.6,67.4
"2016",38.0047,-120.4863,292.6,80.1
"2016",38.0131,-122.1142,12.2,68.8666666666667
"2016",38.0281,-122.7022,378,63.3
"2016",38.0394,-122.57,457.2,66.8333333333333
"2016",38.0631,-120.2469,1503.6,74.6333333333333
"2016",38.07,-119.23,2878.8,59.2
"2016",38.1,-122.1869,103.9,70.7
"2016",38.2075,-122.28041,4.7,65.0333333333333
"2016",38.2119,-119.0142,2551.2,56.6
"2016",38.2575,-119.2286,1972.1,60.6333333333333
"2016",38.2577,-122.6077,6.1,65.3666666666667
"2016",38.2719,-119.2892,2026.9,66.4666666666667
"2016",38.2736,-122.0677,12.2,72.5333333333333
"2016",38.2769,-120.3113,1431,66.6333333333333
"2016",38.2777,-122.2647,10.7,68.5666666666667
"2016",38.28,-119.61,2931.3,56.3333333333333
"2016",38.2994,-122.4622,29.6,68.5666666666667
"2016",38.3,-119.55,2194,60.5666666666667
"2016",38.31,-119.6,2690.5,58
"2016",38.3208,-123.0747,19.2,56.1333333333333
"2016",38.3772,-120.8008,483.4,79.4
"2016",38.37753,-121.95854,31.7,75.8666666666667
"2016",38.3894,-120.6511,902.2,78.0666666666667
"2016",38.4,-119.54,2838.6,57.4333333333333
"2016",38.4305,-122.8647,61,65.8333333333333
"2016",38.44,-119.37,2814.2,56.9
"2016",38.4786,-122.7119,175.6,66.5
"2016",38.4883,-120.325,1524,74.0666666666667
"2016",38.4916,-122.1241,146.3,74.9
"2016",38.492,-122.0039,57,76.9333333333333
"2016",38.50369,-122.81101,36.2,66.9333333333333
"2016",38.50659,-121.49604,5.9,74.6666666666667
"2016",38.5066,-122.4713,68.6,71.6333333333333
"2016",38.51,-119.63,2357.9,56.8333333333333
"2016",38.5252,-121.9777,41.1,76.3
"2016",38.5349,-121.7761,18.3,74.6333333333333
"2016",38.55,-119.8,2671.6,58.4666666666667
"2016",38.5552,-121.4183,11.6,77.4666666666667
"2016",38.5653,-119.4592,1658.1,74.7
"2016",38.573,-122.4405,522.7,68.8
"2016",38.57682,-122.57811,106.7,70.5
"2016",38.5908,-120.9336,275.8,76.3333333333333
"2016",38.61,-119.92,2455.8,57.4666666666667
"2016",38.67,-119.82,1863.9,65.4333333333333
"2016",38.67,-119.61,2532.9,59.8
"2016",38.68,-119.96,2443.6,60.7333333333333
"2016",38.6829,-121.794,20.4,77.5666666666667
"2016",38.6833,-119.7667,1676.7,67.6333333333333
"2016",38.69,-119.99,2546,56.8666666666667
"2016",38.70069,-121.59479,7.5,75.0666666666667
"2016",38.72,-119.89,2477.7,53.6333333333333
"2016",38.7333,-120.245,1597.2,66.5
"2016",38.7383,-122.1447,107.9,78.6
"2016",38.7395,-119.518,1613,72.45
"2016",38.7583,-120.503,1051.6,69.7333333333333
"2016",38.7817,-122.9169,609.6,70.7666666666667
"2016",38.79296,-123.0263,121.9,73.7
"2016",38.8325,-121.0086,365.8,74.9666666666667
"2016",38.84,-119.89,2608.2,58.9
"2016",38.85,-120.08,2337.8,60.8666666666667
"2016",38.85,-119.94,2370.1,55.7666666666667
"2016",38.8619,-122.4172,670.6,74.4333333333333
"2016",38.8825,-121.2683,61,77.9333333333333
"2016",38.89838,-119.99617,1907,60.1
"2016",38.9056,-120.6972,1426.5,74.8666666666667
"2016",38.9072,-121.0838,393.8,77.35
"2016",38.9119,-122.7064,659.3,76.9666666666667
"2016",38.92,-119.92,2615.8,55.7333333333333
"2016",38.93,-120.05,1900.7,59
"2016",38.933,-120.8008,914.7,75.5333333333333
"2016",38.9875,-123.3486,196.3,67.7666666666667
"2016",39,-120.13,2343.6,62.3333333333333
"2016",39.0189,-122.4119,635.5,78.6333333333333
"2016",39.0308,-123.0806,817.5,74.4333333333333
"2016",39.0717,-120.4217,1597.2,69.8
"2016",39.0901,-120.947,723.3,76.1333333333333
"2016",39.0914,-120.7317,1327.4,73.2333333333333
"2016",39.10205,-121.56884,18.9,76.9666666666667
"2016",39.1258,-123.0736,975.4,72.9333333333333
"2016",39.12781,-123.20015,183.7,72.8666666666667
"2016",39.14,-120.22,2028.4,58.0333333333333
"2016",39.1678,-120.1428,1898.9,61.4333333333333
"2016",39.17,-120.15,2071.7,61.4333333333333
"2016",39.1836,-120.8847,861.4,74.4333333333333
"2016",39.1875,-122.0269,15.2,76.1
"2016",39.19,-120.26,2447.2,59.1
"2016",39.2041,-121.068,731.5,72.0333333333333
"2016",39.2083,-122.8083,1475.2,70.9666666666667
"2016",39.2466,-121.0008,847.6,72.15
"2016",39.27617,-120.70927,1611.2,68.3666666666667
"2016",39.3,-120.18,1983.9,63.7
"2016",39.3036,-121.1172,599.8,77.1333333333333
"2016",39.3167,-120.8375,1316.7,73.3666666666667
"2016",39.318,-120.145,1798.3,60.2666666666667
"2016",39.33,-120.37,2089.4,60.3
"2016",39.3528,-123.6011,180.7,64.7666666666667
"2016",39.3619,-123.1286,310.3,72.3
"2016",39.3669,-122.575,365.8,77
"2016",39.3886,-120.0936,1699.3,59.6333333333333
"2016",39.3975,-121.3861,244.8,77.4666666666667
"2016",39.4172,-122.1825,36.6,76.7666666666667
"2016",39.425,-122.9772,540.4,70.4
"2016",39.43,-120.31,2545.7,59.9333333333333
"2016",39.45,-120.29,2134.5,57.7
"2016",39.4539,-120.6556,1641.3,65.6
"2016",39.475,-121.2025,1132,73.5666666666667
"2016",39.4833,-120.075,2093.1,62.2333333333333
"2016",39.49,-120.28,1967.8,57.4666666666667
"2016",39.4943,-121.62226,56.9,79.0333333333333
"2016",39.51,-123.75639,37.5,56.7666666666667
"2016",39.5177,-121.553,52.1,75.6666666666667
"2016",39.5214,-120.0269,1654.8,67.5666666666667
"2016",39.52316,-122.3048,71.3,76.7333333333333
"2016",39.53194,-121.1611,1130.8,67.4
"2016",39.5619,-120.0478,1821.5,64.3333333333333
"2016",39.5633,-120.8238,888.5,68.6
"2016",39.5861,-122.5341,243.8,76.8333333333333
"2016",39.6375,-120.8653,2033,65.7666666666667
"2016",39.6514,-122.7236,1310.6,72.7
"2016",39.6681,-123.3211,740.1,71.2333333333333
"2016",39.7022,-123.485,554.7,71.1666666666667
"2016",39.7358,-121.4889,759,76.6666666666667
"2016",39.7458,-122.1997,77.4,78.0333333333333
"2016",39.7538,-121.6241,533.4,77.5
"2016",39.8053,-120.4719,1478.3,63.3666666666667
"2016",39.8056,-120.1858,1508.8,62.85
"2016",39.8075,-122.945,1652,66.7333333333333
"2016",39.8333,-123.0833,457.2,74.5333333333333
"2016",39.8644,-122.6097,317,82.5333333333333
"2016",39.8716,-121.6108,826,71.5
"2016",39.8717,-121.7689,528.2,79.6666666666667
"2016",39.9278,-122.6569,1131.7,74.1333333333333
"2016",39.9366,-120.9475,1042.4,66.8666666666667
"2016",39.9389,-122.1697,89.6,79.3333333333333
"2016",39.9717,-120.0828,1338.1,64.2
"2016",39.9733,-120.9419,1066.8,69.5666666666667
"2016",40.0017,-120.915,1377.7,72.6333333333333
"2016",40.0222,-120.1056,1292.4,72.1666666666667
"2016",40.0686,-121.5825,1466.7,71.2666666666667
"2016",40.1383,-123.8236,135.9,68.9
"2016",40.1417,-120.3533,1767.8,70.4333333333333
"2016",40.15186,-122.25478,108,80.5666666666667
"2016",40.1705,-121.0886,1389.9,67.0333333333333
"2016",40.1867,-123.5903,281.3,70.8666666666667
"2016",40.2461,-120.6422,1737.4,66.3333333333333
"2016",40.2506,-123.3158,832.7,67.6666666666667
"2016",40.2569,-124.2661,899.2,65.3
"2016",40.295,-122.8667,1066.8,74.3333333333333
"2016",40.30209,-121.24391,1387.1,65.0666666666667
"2016",40.3067,-120.9,1767.8,67.1666666666667
"2016",40.3375,-123.0656,1378.8,71.1333333333333
"2016",40.3442,-121.7136,1267.7,74.2666666666667
"2016",40.3983,-122.8333,579.1,77.8666666666667
"2016",40.4167,-120.6631,1283.8,68.8333333333333
"2016",40.4633,-123.5239,845.8,67.9333333333333
"2016",40.4808,-120.1139,1339.6,67.0666666666667
"2016",40.4833,-124.1038,41.5,61.9
"2016",40.505,-123.3417,1219.2,70.4666666666667
"2016",40.51462,-122.29773,152.6,81.1666666666667
"2016",40.5158,-122.2906,152.4,80.4
"2016",40.54,-121.5803,1725.2,60.6666666666667
"2016",40.55,-123.165,708.1,70.1333333333333
"2016",40.5981,-121.0831,1722.1,59.0666666666667
"2016",40.6116,-122.528,394.7,78.9
"2016",40.6194,-121.8994,736.7,77.85
"2016",40.6306,-120.5028,1554.5,65.9
"2016",40.6507,-122.6068,432.2,78.2333333333333
"2016",40.7141,-122.4161,327.7,81.2
"2016",40.7219,-123.4953,792.5,75.7
"2016",40.7263,-122.7947,567.2,72.4333333333333
"2016",40.7308,-120.3164,1614.8,66.5
"2016",40.7333,-123.2333,457.2,75.7333333333333
"2016",40.73529,-122.9441,627.3,72.5666666666667
"2016",40.7586,-120.8961,1889.8,63.0666666666667
"2016",40.7817,-120.7844,1877,63.6666666666667
"2016",40.7864,-122.8045,1008.3,72.7
"2016",40.8072,-121.2967,1752.6,67.6666666666667
"2016",40.8097,-124.1602,6.1,57.4333333333333
"2016",40.8892,-123.1422,1432.6,72.5
"2016",40.9167,-122.4383,1280.2,75.5666666666667
"2016",40.9258,-121.5856,1130.8,72.3666666666667
"2016",40.9316,-121.5433,919,68.2333333333333
"2016",40.97844,-124.10479,64.5,57.0333333333333
"2016",41.0064,-121.9833,518.2,76.2
"2016",41.0478,-123.6714,114.3,72.0333333333333
"2016",41.0547,-120.3375,1711.5,64.0333333333333
"2016",41.075,-122.3733,731.5,76.7
"2016",41.1117,-122.6967,1341.1,74.0666666666667
"2016",41.1383,-123.9056,804.7,64.3
"2016",41.1831,-122.28167,661.1,70.7333333333333
"2016",41.24,-120.79,1886.7,57.5333333333333
"2016",41.2694,-123.1875,1815.4,65.4666666666667
"2016",41.2706,-120.29845,1621.2,62.9333333333333
"2016",41.2769,-121.9794,975.4,62.5
"2016",41.2897,-123.8575,150.9,71.1
"2016",41.2944,-120.8639,1463,68.2
"2016",41.295,-120.3133,1889.8,62.9333333333333
"2016",41.3003,-123.1322,668.1,73.1666666666667
"2016",41.30206,-123.53851,122.8,72.05
"2016",41.3075,-122.7958,955.9,72.0666666666667
"2016",41.314893,-122.317127,1083,68.7
"2016",41.3156,-122.3156,0,67.8333333333333
"2016",41.32175,-122.31725,1101.2,63.4
"2016",41.3322,-120.4725,1332.6,66.8333333333333
"2016",41.3378,-122.82484,940.3,68.5333333333333
"2016",41.39,-123.4958,280.4,76
"2016",41.4272,-121.4639,1602.6,68.2
"2016",41.4789,-122.4539,893.1,71.5333333333333
"2016",41.48362,-120.5615,1335.9,65.5666666666667
"2016",41.53,-120.6714,1530.7,67.5333333333333
"2016",41.5301,-120.1791,1428.9,71.1
"2016",41.58,-120.3,2142.7,61.5333333333333
"2016",41.5992,-122.9336,1287.8,72.1666666666667
"2016",41.6294,-121.2981,1511.8,67.9666666666667
"2016",41.6431,-121.7939,1502.1,66.5
"2016",41.6853,-122.5942,914.4,73.5
"2016",41.70237,-122.64169,826.6,72.1666666666667
"2016",41.7358,-123.7917,1615.4,62.8333333333333
"2016",41.7417,-121.5383,1453.9,69.85
"2016",41.77373,-122.46825,806.1,70.8333333333333
"2016",41.775,-122.9503,1674.3,66.0333333333333
"2016",41.78361,-124.23796,17,56.5666666666667
"2016",41.7861,-122.0056,1645.9,67.3
"2016",41.8386,-122.85,591.3,71.8666666666667
"2016",41.8586,-123.3525,1423.4,67.4666666666667
"2016",41.8715,-120.1574,1444.4,67.8
"2016",41.89,-120.75,1575.8,62.4666666666667
"2016",41.95999,-121.47449,1230.8,64.8666666666667
"2016",41.97983,-122.33811,812.3,71.9
"2016",41.99,-120.72,1731.3,62.5666666666667
"2016",41.99,-120.18,2243.3,55.5333333333333
"2016",41.9919,-123.6036,1210.1,65.3
"2016",41.9992,-121.7003,1249.1,63.2666666666667
"2017",32.56797,-117.11715,7.2,67.9333333333333
"2017",32.57583,-116.99391,158.9,70.6666666666667
"2017",32.6058,-116.6089,714.8,74.0666666666667
"2017",32.6261,-116.4681,805,73.5
"2017",32.6263,-116.4699,801.6,74.1666666666667
"2017",32.64,-117.0858,17.1,69.5
"2017",32.685,-116.9736,129.5,71.3
"2017",32.69219,-117.20983,4.4,69.7333333333333
"2017",32.7214,-116.4631,1049.4,72.9666666666667
"2017",32.7336,-117.1831,4.6,71.2666666666667
"2017",32.7397,-114.8839,66.1,94.3666666666667
"2017",32.76536,-117.2315,4.3,69.6
"2017",32.76654,-115.56638,-9.1,91.5
"2017",32.8005,-116.928,150.9,75.5
"2017",32.81453,-117.13747,127.5,73.3666666666667
"2017",32.83241,-115.66377,-14.1,92.1333333333333
"2017",32.8336,-116.7392,622.1,76.5666666666667
"2017",32.83464,-115.57656,-16.8,93.4
"2017",32.8358,-116.7774,516.6,75
"2017",32.8488,-115.5666,-19.5,91.9333333333333
"2017",32.8569,-116.6222,1060.7,73.5333333333333
"2017",32.8672,-116.4194,1804.4,69.7666666666667
"2017",32.8797,-116.4203,1755.6,67.9666666666667
"2017",32.9083,-114.4944,91.4,95.4333333333333
"2017",32.9736,-115.1736,84.7,95.3
"2017",32.9897,-116.5872,1414.3,70.4666666666667
"2017",32.9903,-116.0669,231.6,96
"2017",33.0164,-116.6339,0,73.8
"2017",33.0216,-117.0813,210.3,72.1666666666667
"2017",33.03801,-116.915979,422,74.2
"2017",33.0736,-116.8458,466.3,74.9
"2017",33.0758,-116.5908,1292.4,74.0666666666667
"2017",33.0763,-116.5925,1284.7,74.3
"2017",33.121,-117.09,182.9,76.6
"2017",33.12993,-117.27651,95.3,69.2
"2017",33.1552,-116.1688,118.9,95.3666666666667
"2017",33.2097,-117.395,3,67.8666666666667
"2017",33.21946,-117.34962,9.1,70.0666666666667
"2017",33.22157,-117.03817,393.2,75.5666666666667
"2017",33.2222,-116.4975,1345.7,78.1666666666667
"2017",33.2354,-117.2322,131.1,71.2333333333333
"2017",33.2372,-117.0086,452,74.6
"2017",33.2372,-116.7614,823,73.1333333333333
"2017",33.2559,-116.4036,246.9,92.5333333333333
"2017",33.378,-116.84,1691.6,73.9666666666667
"2017",33.3933,-116.795,838.8,76.0666666666667
"2017",33.40419,-118.41456,477,70.3333333333333
"2017",33.4392,-117.1904,347.5,74.0333333333333
"2017",33.445,-117.4181,707.1,73.7
"2017",33.4833,-119.0333,53.6,60.8
"2017",33.5286,-117.2306,603.5,73.8666666666667
"2017",33.5417,-117.5917,213.4,71.9333333333333
"2017",33.555,-116.673,1194.8,73.9333333333333
"2017",33.5697,-116.073,-55.8,93.9666666666667
"2017",33.6031,-117.8836,3,68.8333333333333
"2017",33.61876,-114.71451,120.4,94.9666666666667
"2017",33.63166,-116.16412,-36,91.8333333333333
"2017",33.6472,-117.4111,926,78.8333333333333
"2017",33.6617,-115.7206,520,89
"2017",33.6667,-116.7667,1499.6,74.4333333333333
"2017",33.67975,-117.86746,13,72.0666666666667
"2017",33.686,-117.3458,386.5,81.3
"2017",33.7044,-115.6289,417.6,90.9
"2017",33.7086,-116.2152,-6.4,95
"2017",33.72,-117.723,164.6,74.1
"2017",33.7381,-116.8939,552,80.0333333333333
"2017",33.7403,-116.8414,594.4,80.0333333333333
"2017",33.7442,-117.8667,41.1,74.8333333333333
"2017",33.7572,-116.7066,1639.8,70.1666666666667
"2017",33.7965,-116.9753,464.8,80.8333333333333
"2017",33.8016,-118.3419,27.4,70.1333333333333
"2017",33.80807,-115.45138,296.6,93.7
"2017",33.8081,-117.7111,542.8,74.7666666666667
"2017",33.81177,-118.14718,10.2,73.4666666666667
"2017",33.81299,-116.64193,2554.2,65.0333333333333
"2017",33.82216,-116.50433,124.7,94.6666666666667
"2017",33.8342,-118.3759,43.3,68.8333333333333
"2017",33.8647,-117.8425,70.7,76.7
"2017",33.87154,-117.98561,26.3,75.4666666666667
"2017",33.8767,-117.3089,524.3,78.5
"2017",33.89765,-117.60243,162.5,74.8
"2017",33.9,-117.25,468.2,77.3666666666667
"2017",33.92353,-118.33291,16.6,71.2333333333333
"2017",33.9306,-116.95,793.7,77.7666666666667
"2017",33.93816,-118.3866,29.7,70.1333333333333
"2017",33.95282,-117.43523,257.7,79.6333333333333
"2017",33.97563,-117.62487,193.9,79.6333333333333
"2017",33.9778,-120.0778,395.6,62.2
"2017",33.9839,-118.01,289.6,74.2666666666667
"2017",33.9958,-119.7222,76.2,69.7333333333333
"2017",34.005,-118.4139,28,70.8666666666667
"2017",34.0178,-116.1878,1280.2,78.2333333333333
"2017",34.02099,-118.44712,53.3,69.5333333333333
"2017",34.0456,-118.9358,15.2,66.6333333333333
"2017",34.05314,-117.57689,281.6,79.4666666666667
"2017",34.0583,-118.6333,480.1,72.3
"2017",34.0608,-114.7322,249.9,94.2333333333333
"2017",34.0678,-118.2417,115.2,74.7666666666667
"2017",34.0697,-118.4427,131.1,70.5333333333333
"2017",34.0836,-117.0347,899.2,77.3666666666667
"2017",34.0864,-116.5622,958.6,82.1333333333333
"2017",34.1208,-117.9458,152.4,77.1
"2017",34.1233,-116.4078,993.6,82.1
"2017",34.125,-118.4122,384,75.4666666666667
"2017",34.128,-116.0369,602,90.8666666666667
"2017",34.1294,-116.3879,990.3,83.2
"2017",34.1369,-117.7069,501.4,75.6
"2017",34.1471,-116.2747,781.2,85.5
"2017",34.1472,-115.1219,281,94.5
"2017",34.1483,-118.1447,263.3,76.6666666666667
"2017",34.1547,-114.2908,128,92.7
"2017",34.1819,-118.5744,240.8,78.45
"2017",34.1847,-118.7172,502.9,77.8333333333333
"2017",34.1866,-118.348,199.6,75
"2017",34.1942,-116.9131,1712.4,69.6666666666667
"2017",34.19966,-118.36543,222.7,76.4666666666667
"2017",34.20012,-119.20417,11.9,66.5
"2017",34.2066,-119.1375,15.8,68.4
"2017",34.2069,-117.7606,792.5,76.5
"2017",34.2103,-116.6339,1828.8,75.6666666666667
"2017",34.21142,-119.08762,21.6,69.4333333333333
"2017",34.21214,-118.49146,239.2,78.4333333333333
"2017",34.2182,-116.4073,1050,82.25
"2017",34.2211,-117.4044,627,78.6666666666667
"2017",34.2339,-117.4803,851,76.2333333333333
"2017",34.243,-116.917,2058.3,64.6333333333333
"2017",34.2661,-116.8989,2103.1,63.8333333333333
"2017",34.2711,-118.1525,914.4,77.0333333333333
"2017",34.28964,-114.17137,224.9,95.5
"2017",34.2936,-118.3608,423.7,74.7666666666667
"2017",34.3175,-117.5019,1005.8,75.6333333333333
"2017",34.3194,-117.0131,2091.2,66.9333333333333
"2017",34.3317,-118.0303,1661.2,75.6
"2017",34.3591,-116.5378,965.3,84
"2017",34.3617,-118.4217,1219.2,75.7666666666667
"2017",34.3717,-118.8408,501.4,73.6
"2017",34.3789,-117.6919,2108.3,70.3666666666667
"2017",34.3903,-118.0825,1530.4,74.7666666666667
"2017",34.3906,-116.5169,883.9,86.1
"2017",34.4141,-119.8796,5.5,64.9333333333333
"2017",34.4167,-119.6844,4.9,69.2333333333333
"2017",34.4206,-117.2661,931.2,81.8333333333333
"2017",34.4241,-119.84249,2.5,66.3
"2017",34.425,-118.525,442,78.7
"2017",34.4311,-118.6828,389.5,77.9333333333333
"2017",34.4456,-117.8511,1152.1,78.3333333333333
"2017",34.4458,-118.2,792.5,79.65
"2017",34.4477,-119.2275,227.1,73.2
"2017",34.4614,-119.6481,457.2,71.6333333333333
"2017",34.4806,-118.7556,347.5,76
"2017",34.5025,-117.8969,945.2,83.5
"2017",34.52527,-117.29638,850.1,80.7666666666667
"2017",34.5358,-119.7833,310.9,75.4666666666667
"2017",34.5431,-119.1842,1015.3,69.0666666666667
"2017",34.5594,-115.7443,200.6,95.9666666666667
"2017",34.5686,-118.7403,1255.8,77.3
"2017",34.58223,-119.98159,240.5,73.1
"2017",34.5883,-118.0938,796.1,83.8666666666667
"2017",34.5958,-118.5786,1502.7,78.2666666666667
"2017",34.62944,-118.08309,764.7,83.4333333333333
"2017",34.6344,-117.5503,877.8,82
"2017",34.6538,-120.4513,22.9,64.8666666666667
"2017",34.66667,-120.46667,26.8,62.5666666666667
"2017",34.6819,-119.3539,1118.6,76.3333333333333
"2017",34.6847,-117.8208,789.4,82.0666666666667
"2017",34.705,-118.4297,932.7,82.6666666666667
"2017",34.7325,-118.3833,841.2,82.9666666666667
"2017",34.7331,-120.0067,975.4,78.1666666666667
"2017",34.74121,-118.21255,712.6,83.5666666666667
"2017",34.74361,-118.72528,1374.6,78.6666666666667
"2017",34.7586,-120.4861,320,63
"2017",34.76783,-114.61842,270.6,98.6
"2017",34.8083,-119.0125,1493.5,66.5666666666667
"2017",34.83328,-118.86497,1089.7,75.5
"2017",34.85371,-116.78702,584.8,89.6
"2017",34.8927,-117.0219,676.7,87.0666666666667
"2017",34.89403,-120.45216,74.2,64.0333333333333
"2017",34.9455,-119.6827,658.4,77.3333333333333
"2017",34.988,-120.3211,177.4,63.5
"2017",35.0964,-119.7728,759,81.1
"2017",35.1011,-118.4222,1286.3,71.9
"2017",35.1231,-115.4114,1649.9,76.8666666666667
"2017",35.1542,-117.1756,987.6,83.6
"2017",35.1658,-118.6438,1249.7,66.9
"2017",35.1792,-120.3919,319.4,72
"2017",35.1889,-120.0833,1149.1,77.6
"2017",35.23815,-120.64406,55.8,67.8
"2017",35.3056,-120.6619,93.9,69.1
"2017",35.3692,-117.6525,1088.1,84.3333333333333
"2017",35.37,-117.5683,1103.4,83.6333333333333
"2017",35.3811,-120.1875,496.8,75.0333333333333
"2017",35.3836,-118.4122,1290.8,74.1333333333333
"2017",35.4028,-119.47,68.6,81.85
"2017",35.4186,-119.0508,143.3,84.6
"2017",35.43424,-119.05524,149.3,86.6
"2017",35.4783,-117.6989,1338.1,82.3333333333333
"2017",35.4867,-119.1458,123.1,81.3
"2017",35.5317,-118.6303,718.1,81.2666666666667
"2017",35.5892,-119.352,88.7,83.3666666666667
"2017",35.6277,-120.6855,222.5,74.7333333333333
"2017",35.6466,-118.3608,808.9,81.9
"2017",35.6564,-120.9242,303,73.8333333333333
"2017",35.6647,-118.0569,1698.3,77.2333333333333
"2017",35.66936,-120.62918,249.8,75.5
"2017",35.6841,-121.1683,465.1,69.3333333333333
"2017",35.686254,-117.690911,680,86.8666666666667
"2017",35.7217,-118.4989,960.1,78.3333333333333
"2017",35.7636,-117.3908,516.6,93
"2017",35.7683,-119.26,92,84.45
"2017",35.7706,-115.9092,1524,81.1
"2017",35.8644,-120.8031,163.7,75.9666666666667
"2017",35.8717,-117.9183,1264.9,86.2333333333333
"2017",35.8842,-118.0517,2507.9,66.1666666666667
"2017",35.8889,-118.6333,1133.9,75.5
"2017",35.8922,-118.915,64,82.2
"2017",35.8989,-120.4319,467.9,75.9
"2017",35.9717,-118.545,1432.6,68.2666666666667
"2017",36.0067,-119.96,73.2,83.1666666666667
"2017",36.0117,-121.2417,335.3,76.1
"2017",36.0333,-120.0569,246.9,85.1
"2017",36.0931,-118.2603,2499.4,61.9666666666667
"2017",36.0975,-119.5817,61,83.0666666666667
"2017",36.1356,-120.3606,204.2,87.25
"2017",36.1753,-118.7017,987.6,79.3666666666667
"2017",36.2069,-121.1377,97.5,69.9666666666667
"2017",36.23,-121.4917,298.7,73.9
"2017",36.2314,-118.8689,586.1,84.2666666666667
"2017",36.2356,-121.785,137.2,65
"2017",36.2472,-121.7802,61,64.2333333333333
"2017",36.3114,-119.62319,76,82.1666666666667
"2017",36.3158,-119.637,72.2,82.2
"2017",36.32833,-119.2997,92.4,78.9
"2017",36.33333,-119.95,70.7,82
"2017",36.3478,-120.5978,1524,73.5666666666667
"2017",36.3642,-120.1561,86.9,82.0666666666667
"2017",36.3817,-119.0264,156.4,83.0666666666667
"2017",36.3825,-120.8558,1137.8,77.6333333333333
"2017",36.3886,-121.5517,574.5,71.7666666666667
"2017",36.4108,-118.8092,1966,67.8666666666667
"2017",36.445,-118.7033,1597.2,74.9
"2017",36.46263,-116.8672,-59.1,103.533333333333
"2017",36.4708,-121.1472,402.9,76.2333333333333
"2017",36.4805,-121.7244,146.3,65.2
"2017",36.4819,-121.1822,398.4,76.3
"2017",36.4914,-118.8253,520.6,83.1
"2017",36.5625,-117.4736,2097,71.0333333333333
"2017",36.5672,-118.9556,1240.2,78.2
"2017",36.59041,-121.84881,48.8,61.4
"2017",36.5927,-121.8555,37.2,59.7
"2017",36.602,-117.1449,25.6,102.133333333333
"2017",36.6044,-118.7325,2052.8,61.0333333333333
"2017",36.6594,-121.6663,13.7,61.6
"2017",36.66352,-121.60928,22.3,63.4666666666667
"2017",36.6853,-119,1237.5,75.8
"2017",36.7242,-118.9425,2298.2,66.1666666666667
"2017",36.7269,-120.7658,619.4,82.1333333333333
"2017",36.73751,-118.96197,2005.6,65.3333333333333
"2017",36.7672,-119.7092,103,87.3
"2017",36.77999,-119.72016,101.9,84.0666666666667
"2017",36.7878,-118.6561,1438.7,70.5666666666667
"2017",36.798,-118.2036,1204,84.5666666666667
"2017",36.8422,-121.3622,123.1,69.1333333333333
"2017",36.8425,-118.2594,1479.8,80.9333333333333
"2017",36.8483,-121.4213,83.8,67.6333333333333
"2017",36.8839,-119.4658,280.4,85.9333333333333
"2017",36.9092,-119.0883,528.8,78.4
"2017",36.9111,-119.305,469.4,82.2666666666667
"2017",36.9308,-121.7691,29,63.3666666666667
"2017",36.93936,-121.79001,49.5,63.1
"2017",36.9539,-120.0378,82.3,81.2
"2017",36.9614,-119.175,1538.6,76.7333333333333
"2017",36.98505,-120.11068,76.6,80.8
"2017",36.9911,-121.7978,137.2,66.7
"2017",36.99574,-119.70691,131.1,80.8666666666667
"2017",37.0153,-119.5678,366.1,78.8333333333333
"2017",37.0544,-119.3711,1249.7,77.8
"2017",37.0547,-121.0531,106.7,80.5666666666667
"2017",37.0563,-120.8666,36.6,80.5
"2017",37.0664,-119.0394,1727.6,63.4
"2017",37.08689,-122.08221,132.6,71.0666666666667
"2017",37.0919,-119.5128,637,81.3
"2017",37.1317,-122.17,801.6,72.9666666666667
"2017",37.135,-119.2561,1751.4,64.8666666666667
"2017",37.1822,-120.7939,19.8,77.9333333333333
"2017",37.2028,-121.9428,609.6,72.6666666666667
"2017",37.2319,-119.5083,963.2,79.7333333333333
"2017",37.2331,-119.5047,829.1,79.6333333333333
"2017",37.2381,-120.8825,23.8,75.2
"2017",37.2811,-121.0177,27.4,81.4333333333333
"2017",37.28597,-120.51788,46.5,79.6333333333333
"2017",37.2888,-120.5158,46.9,78.6333333333333
"2017",37.3053,-122.255,265.8,63.8
"2017",37.3133,-122.185,691.9,70.9
"2017",37.3147,-119.0383,2256.4,64.9666666666667
"2017",37.3292,-121.2939,563.9,79.4666666666667
"2017",37.34336,-121.63473,1286.3,73.1
"2017",37.3581,-122.1472,196.6,69.5333333333333
"2017",37.35938,-121.92444,15,70.7
"2017",37.37114,-118.35886,1252.8,77.7666666666667
"2017",37.3761,-119.1783,2748.7,62.1
"2017",37.39,-118.5506,1414.3,79.9333333333333
"2017",37.4058,-122.0481,11.9,68.3333333333333
"2017",37.4094,-119.7681,937.9,81.9
"2017",37.4431,-121.7706,629.7,72.9
"2017",37.4436,-122.1402,7.6,67
"2017",37.4681,-120.1106,365.8,82.5333333333333
"2017",37.4725,-122.4433,8.2,58.9666666666667
"2017",37.475,-122.2981,196.3,68.4666666666667
"2017",37.4767,-122.2386,9.4,69
"2017",37.5019,-121.7355,932.7,73.5
"2017",37.50193,-120.84566,31.4,79.2
"2017",37.5042,-119.9869,680,78.3
"2017",37.5122,-119.6331,1538.3,65.7
"2017",37.5147,-122.0325,3,67.7666666666667
"2017",37.5422,-122.0158,11.6,67.6666666666667
"2017",37.5436,-119.8386,1188.7,75.9666666666667
"2017",37.5514,-118.6672,2145.8,66.9666666666667
"2017",37.5531,-121.8439,374.9,69.5666666666667
"2017",37.5625,-122.4364,327.7,61.1
"2017",37.61962,-122.36562,3.2,64.4666666666667
"2017",37.62544,-120.95492,26.5,81.0666666666667
"2017",37.6478,-118.9617,2378.7,66.7
"2017",37.65886,-122.12116,9.6,67.4333333333333
"2017",37.6819,-121.3466,41.1,75.35
"2017",37.68194,-121.75139,161.2,73.5333333333333
"2017",37.69309,-121.8149,119.7,73.1333333333333
"2017",37.7178,-122.23301,1.5,65.2
"2017",37.728,-122.5052,2.4,57.2
"2017",37.745,-118.9833,2316.5,60.0666666666667
"2017",37.75027,-119.58972,1224.7,72.1666666666667
"2017",37.7592,-119.8208,2017.8,67.7333333333333
"2017",37.7617,-119.8247,2025.1,68.7666666666667
"2017",37.7705,-122.4269,45.7,61.1333333333333
"2017",37.7861,-122.1447,333.8,64.6
"2017",37.79589,-121.58319,18.6,78.7666666666667
"2017",37.8172,-121.7789,621.8,76.8666666666667
"2017",37.8331,-120.5,310.9,80.2666666666667
"2017",37.8339,-122.0669,536.4,71.7333333333333
"2017",37.8431,-118.4778,1661.2,72.9
"2017",37.8444,-120.2258,853.4,72.3
"2017",37.8511,-119.65,2446,59.4
"2017",37.865,-122.2208,427.6,64.8666666666667
"2017",37.8744,-122.2605,94.5,64.1333333333333
"2017",37.8769,-119.3436,2649.9,54.2666666666667
"2017",37.8792,-121.9303,661.4,72.4666666666667
"2017",37.88997,-121.22637,8.3,78.8333333333333
"2017",37.9191,-122.3772,6.1,64.2333333333333
"2017",37.9442,-122.1178,442,70.3333333333333
"2017",37.95,-121.8844,487.7,73.8
"2017",37.9566,-122.5447,44.2,68.5333333333333
"2017",37.9567,-119.1194,2071.7,68.3333333333333
"2017",37.9613,-119.783,1179.6,73.0666666666667
"2017",37.9672,-120.3872,510.5,75.1
"2017",37.9747,-119.9161,1452.4,74.3666666666667
"2017",37.9833,-122.0692,12.2,73.9333333333333
"2017",37.9906,-122.6447,426.7,69.6333333333333
"2017",37.99165,-122.05268,7,75.0666666666667
"2017",37.9983,-122.5372,36.6,68.7666666666667
"2017",38.0047,-120.4863,292.6,81.8666666666667
"2017",38.0131,-122.1142,12.2,70
"2017",38.0281,-122.7022,378,64.9666666666667
"2017",38.0394,-122.57,457.2,68.1333333333333
"2017",38.0631,-120.2469,1503.6,75.8666666666667
"2017",38.07,-119.23,2878.8,58.7
"2017",38.1,-122.1869,103.9,71.7666666666667
"2017",38.2075,-122.28041,4.7,68.2333333333333
"2017",38.2119,-119.0142,2551.2,53.9666666666667
"2017",38.2575,-119.2286,1972.1,63.6
"2017",38.2577,-122.6077,6.1,67.2333333333333
"2017",38.2719,-119.2892,2026.9,67.2333333333333
"2017",38.2736,-122.0677,12.2,74.2666666666667
"2017",38.2769,-120.3113,1431,68.1
"2017",38.2777,-122.2647,10.7,70.1333333333333
"2017",38.28,-119.61,2931.3,56
"2017",38.2994,-122.4622,29.6,70.3333333333333
"2017",38.3,-119.55,2194,60.1666666666667
"2017",38.31,-119.6,2690.5,56.9333333333333
"2017",38.3208,-123.0747,19.2,56.7
"2017",38.37753,-121.95854,31.7,78.1
"2017",38.3894,-120.6511,902.2,80.1333333333333
"2017",38.4,-119.54,2838.6,57.2
"2017",38.4305,-122.8647,61,67.7666666666667
"2017",38.44,-119.37,2814.2,56.7333333333333
"2017",38.4786,-122.7119,175.6,67.7666666666667
"2017",38.4883,-120.325,1524,74.9333333333333
"2017",38.4916,-122.1241,146.3,76.7333333333333
"2017",38.492,-122.0039,57,79.0333333333333
"2017",38.50369,-122.81101,36.2,68.6666666666667
"2017",38.50659,-121.49604,5.9,76.6
"2017",38.5066,-122.4713,68.6,73.9666666666667
"2017",38.51,-119.63,2357.9,57
"2017",38.5252,-121.9777,41.1,77.9
"2017",38.5349,-121.7761,18.3,75.7333333333333
"2017",38.55,-119.8,2671.6,58.4
"2017",38.5552,-121.4183,11.6,79
"2017",38.5653,-119.4592,1658.1,74.6666666666667
"2017",38.573,-122.4405,522.7,70.7333333333333
"2017",38.57682,-122.57811,106.7,72.9
"2017",38.5908,-120.9336,275.8,78.8333333333333
"2017",38.61,-119.92,2455.8,55.9333333333333
"2017",38.67,-119.82,1863.9,65.2666666666667
"2017",38.67,-119.61,2532.9,60.3666666666667
"2017",38.68,-119.96,2443.6,59.6333333333333
"2017",38.6829,-121.794,20.4,76.3
"2017",38.6833,-119.7667,1676.7,68.1333333333333
"2017",38.69,-119.99,2546,56.2333333333333
"2017",38.70069,-121.59479,7.5,77.4333333333333
"2017",38.72,-119.89,2477.7,53.9333333333333
"2017",38.7333,-120.245,1597.2,68.9666666666667
"2017",38.7383,-122.1447,107.9,80.7333333333333
"2017",38.7395,-119.518,1613,75.4
"2017",38.7583,-120.503,1051.6,71.1666666666667
"2017",38.7817,-122.9169,609.6,73.4333333333333
"2017",38.79296,-123.0263,121.9,75.8
"2017",38.8325,-121.0086,365.8,77.2666666666667
"2017",38.84,-119.89,2608.2,58.5666666666667
"2017",38.85,-120.08,2337.8,61
"2017",38.85,-119.94,2370.1,56.2333333333333
"2017",38.8619,-122.4172,670.6,76.2666666666667
"2017",38.8825,-121.2683,61,80.2333333333333
"2017",38.89838,-119.99617,1907,62.0666666666667
"2017",38.9056,-120.6972,1426.5,76.1666666666667
"2017",38.9119,-122.7064,659.3,79.1666666666667
"2017",38.92,-119.92,2615.8,56.1333333333333
"2017",38.93,-120.05,1900.7,59.7
"2017",38.933,-120.8008,914.7,76.8333333333333
"2017",38.9875,-123.3486,196.3,69.2333333333333
"2017",39,-120.13,2343.6,62.1
"2017",39.0189,-122.4119,635.5,80.6
"2017",39.0308,-123.0806,817.5,76.9666666666667
"2017",39.0717,-120.4217,1597.2,70.9666666666667
"2017",39.0901,-120.947,723.3,77.7
"2017",39.0914,-120.7317,1327.4,74.8333333333333
"2017",39.10205,-121.56884,18.9,79.4666666666667
"2017",39.1258,-123.0736,975.4,75.1666666666667
"2017",39.12781,-123.20015,183.7,75.2666666666667
"2017",39.14,-120.22,2028.4,58.5333333333333
"2017",39.1439,-120.5089,2164.1,66.7333333333333
"2017",39.1678,-120.1428,1898.9,62.2666666666667
"2017",39.17,-120.15,2071.7,62.1
"2017",39.1836,-120.8847,861.4,76.5666666666667
"2017",39.1875,-122.0269,15.2,78.7
"2017",39.19,-120.26,2447.2,59.5666666666667
"2017",39.2041,-121.068,731.5,74.1
"2017",39.2083,-122.8083,1475.2,73.1
"2017",39.2466,-121.0008,847.6,73.1
"2017",39.27617,-120.70927,1611.2,70.3333333333333
"2017",39.3,-120.18,1983.9,64.3333333333333
"2017",39.3036,-121.1172,599.8,79.3333333333333
"2017",39.3167,-120.8375,1316.7,75.0666666666667
"2017",39.318,-120.145,1798.3,62.5
"2017",39.33,-120.37,2089.4,61
"2017",39.3528,-123.6011,180.7,65.6
"2017",39.3619,-123.1286,310.3,77.45
"2017",39.3669,-122.575,365.8,79.2666666666667
"2017",39.3886,-120.0936,1699.3,62.4666666666667
"2017",39.3975,-121.3861,244.8,79.6333333333333
"2017",39.4172,-122.1825,36.6,79.5333333333333
"2017",39.425,-122.9772,540.4,73.3333333333333
"2017",39.43,-120.31,2545.7,60.2
"2017",39.45,-120.29,2134.5,59.3666666666667
"2017",39.475,-121.2025,1132,75.2666666666667
"2017",39.4833,-120.075,2093.1,64.0666666666667
"2017",39.49,-120.28,1967.8,59.8
"2017",39.4943,-121.62226,56.9,81.5666666666667
"2017",39.51,-123.75639,37.5,57.2333333333333
"2017",39.5177,-121.553,52.1,79.8666666666667
"2017",39.5214,-120.0269,1654.8,68.1666666666667
"2017",39.52316,-122.3048,71.3,80.4333333333333
"2017",39.53194,-121.1611,1130.8,69.1666666666667
"2017",39.5619,-120.0478,1821.5,65.8666666666667
"2017",39.5633,-120.8238,888.5,70.9333333333333
"2017",39.5861,-122.5341,243.8,78.8333333333333
"2017",39.6375,-120.8653,2033,68.3333333333333
"2017",39.6514,-122.7236,1310.6,74.6666666666667
"2017",39.6681,-123.3211,740.1,72.9333333333333
"2017",39.6911,-121.8211,56.4,77.95
"2017",39.7022,-123.485,554.7,73.0333333333333
"2017",39.7358,-121.4889,759,79.0333333333333
"2017",39.7458,-122.1997,77.4,80.0333333333333
"2017",39.7538,-121.6241,533.4,78.1
"2017",39.8053,-120.4719,1478.3,65.9
"2017",39.8056,-120.1858,1508.8,68.0333333333333
"2017",39.8075,-122.945,1652,69.8
"2017",39.8333,-123.0833,457.2,77.0666666666667
"2017",39.8644,-122.6097,317,85.3
"2017",39.8716,-121.6108,826,75
"2017",39.8717,-121.7689,528.2,82.1333333333333
"2017",39.9278,-122.6569,1131.7,76.8333333333333
"2017",39.9366,-120.9475,1042.4,68.8666666666667
"2017",39.9389,-122.1697,89.6,81.7333333333333
"2017",39.9733,-120.9419,1066.8,71.6
"2017",40.0017,-120.915,1377.7,73.8666666666667
"2017",40.0222,-120.1056,1292.4,73.2666666666667
"2017",40.0686,-121.5825,1466.7,74
"2017",40.1383,-123.8236,135.9,69.4
"2017",40.1417,-120.3533,1767.8,71.2
"2017",40.15186,-122.25478,108,82.9333333333333
"2017",40.1705,-121.0886,1389.9,69.2666666666667
"2017",40.1867,-123.5903,281.3,71.6
"2017",40.2461,-120.6422,1737.4,67.7666666666667
"2017",40.2506,-123.3158,832.7,69.4333333333333
"2017",40.2569,-124.2661,899.2,66.1
"2017",40.30209,-121.24391,1387.1,67.1333333333333
"2017",40.3067,-120.9,1767.8,69.2
"2017",40.3375,-123.0656,1378.8,72.6333333333333
"2017",40.3442,-121.7136,1267.7,76.6666666666667
"2017",40.3458,-121.6091,1485.9,57.8
"2017",40.4167,-120.6631,1283.8,70.3333333333333
"2017",40.4633,-123.5239,845.8,69.9333333333333
"2017",40.4808,-120.1139,1339.6,69
"2017",40.4833,-124.1038,41.5,62.4333333333333
"2017",40.505,-123.3417,1219.2,71.7333333333333
"2017",40.51462,-122.29773,152.6,84.0333333333333
"2017",40.5158,-122.2906,152.4,83.0333333333333
"2017",40.54,-121.5803,1725.2,63.2666666666667
"2017",40.5411,-121.5766,1752.6,62.6
"2017",40.55,-123.165,708.1,71.7333333333333
"2017",40.5981,-121.0831,1722.1,61.4333333333333
"2017",40.6116,-122.528,394.7,82.2
"2017",40.6194,-121.8994,736.7,78.6
"2017",40.6306,-120.5028,1554.5,67.9333333333333
"2017",40.6507,-122.6068,432.2,80.6333333333333
"2017",40.7141,-122.4161,327.7,85.7
"2017",40.7219,-123.4953,792.5,73.3333333333333
"2017",40.7263,-122.7947,567.2,73.9
"2017",40.7308,-120.3164,1614.8,68.0333333333333
"2017",40.7333,-123.2333,457.2,77.6
"2017",40.73529,-122.9441,627.3,74.6666666666667
"2017",40.7405,-123.2077,381.9,73.8
"2017",40.7586,-120.8961,1889.8,64.8
"2017",40.7817,-120.7844,1877,65.7666666666667
"2017",40.7864,-122.8045,1008.3,74.5333333333333
"2017",40.8072,-121.2967,1752.6,69.7333333333333
"2017",40.8097,-124.1602,6.1,57.9333333333333
"2017",40.8892,-123.1422,1432.6,74.0333333333333
"2017",40.9167,-122.4383,1280.2,80.2
"2017",40.9258,-121.5856,1130.8,74.6
"2017",40.9316,-121.5433,919,69.8
"2017",40.97844,-124.10479,64.5,56.7666666666667
"2017",41.0064,-121.9833,518.2,78.7666666666667
"2017",41.0478,-123.6714,114.3,73.1333333333333
"2017",41.0547,-120.3375,1711.5,65.2
"2017",41.075,-122.3733,731.5,78.4666666666667
"2017",41.1117,-122.6967,1341.1,76.1333333333333
"2017",41.1383,-123.9056,804.7,65.7666666666667
"2017",41.1831,-122.28167,661.1,72.5
"2017",41.24,-120.79,1886.7,59.6666666666667
"2017",41.2694,-123.1875,1815.4,71.55
"2017",41.2706,-120.29845,1621.2,64.7666666666667
"2017",41.2769,-121.9794,975.4,64.8
"2017",41.2897,-123.8575,150.9,70.5333333333333
"2017",41.2944,-120.8639,1463,70.8
"2017",41.295,-120.3133,1889.8,64.9666666666667
"2017",41.3003,-123.1322,668.1,74.8333333333333
"2017",41.3075,-122.7958,955.9,74.1333333333333
"2017",41.314893,-122.317127,1083,69.8666666666667
"2017",41.3156,-122.3156,0,69.9333333333333
"2017",41.3322,-120.4725,1332.6,69.1
"2017",41.3378,-122.82484,940.3,69.6
"2017",41.39,-123.4958,280.4,76.3
"2017",41.4272,-121.4639,1602.6,70.6666666666667
"2017",41.4789,-122.4539,893.1,73.4666666666667
"2017",41.48362,-120.5615,1335.9,68.4
"2017",41.53,-120.6714,1530.7,69.9333333333333
"2017",41.58,-120.3,2142.7,63.5666666666667
"2017",41.5992,-122.9336,1287.8,73.4666666666667
"2017",41.6294,-121.2981,1511.8,70.5
"2017",41.6431,-121.7939,1502.1,68.3333333333333
"2017",41.6853,-122.5942,914.4,75.6666666666667
"2017",41.70237,-122.64169,826.6,74.3
"2017",41.7358,-123.7917,1615.4,66.4
"2017",41.7417,-121.5383,1453.9,69.5666666666667
"2017",41.77373,-122.46825,806.1,72.4333333333333
"2017",41.775,-122.9503,1674.3,68.1
"2017",41.78361,-124.23796,17,56.3
"2017",41.7861,-122.0056,1645.9,69.5
"2017",41.8386,-122.85,591.3,73.4
"2017",41.8586,-123.3525,1423.4,70.4666666666667
"2017",41.8715,-120.1574,1444.4,72.75
"2017",41.89,-120.75,1575.8,65.0666666666667
"2017",41.95999,-121.47449,1230.8,67.7
"2017",41.97983,-122.33811,812.3,72.6
"2017",41.99,-120.72,1731.3,65.0666666666667
"2017",41.99,-120.18,2243.3,57.7666666666667
"2017",41.9919,-123.6036,1210.1,67.6666666666667
"2017",41.9992,-121.7003,1249.1,65.8333333333333
"2018",32.56797,-117.11715,7.2,69.8666666666667
"2018",32.57583,-116.99391,158.9,73
"2018",32.6058,-116.6089,714.8,74.1666666666667
"2018",32.6261,-116.4681,805,73.6
"2018",32.6263,-116.4699,801.6,73.9
"2018",32.64,-117.0858,17.1,71.2
"2018",32.685,-116.9736,129.5,72.7333333333333
"2018",32.69219,-117.20983,4.4,71.3333333333333
"2018",32.7214,-116.4631,1049.4,72.5666666666667
"2018",32.7336,-117.1831,4.6,73.5333333333333
"2018",32.7397,-114.8839,66.1,93.7
"2018",32.76536,-117.2315,4.3,72.4
"2018",32.76654,-115.56638,-9.1,93.95
"2018",32.8005,-116.928,150.9,76.5333333333333
"2018",32.81453,-117.13747,127.5,73.8333333333333
"2018",32.83241,-115.66377,-14.1,92.4666666666667
"2018",32.8336,-116.7392,622.1,76.5666666666667
"2018",32.83464,-115.57656,-16.8,93.2666666666667
"2018",32.8358,-116.7774,516.6,75.6
"2018",32.8488,-115.5666,-19.5,91
"2018",32.8569,-116.6222,1060.7,73.4666666666667
"2018",32.8672,-116.4194,1804.4,70.5
"2018",32.8797,-116.4203,1755.6,68.2
"2018",32.9083,-114.4944,91.4,94.4666666666667
"2018",32.9736,-115.1736,84.7,94.9666666666667
"2018",32.9897,-116.5872,1414.3,69.5
"2018",32.9903,-116.0669,231.6,95.4
"2018",33.0164,-116.6339,0,73.5666666666667
"2018",33.0216,-117.0813,210.3,73.4666666666667
"2018",33.03801,-116.915979,422,74.5666666666667
"2018",33.0736,-116.8458,466.3,75.3333333333333
"2018",33.0758,-116.5908,1292.4,74.1666666666667
"2018",33.0763,-116.5925,1284.7,74.2666666666667
"2018",33.121,-117.09,182.9,78.0333333333333
"2018",33.12993,-117.27651,95.3,69.9666666666667
"2018",33.1552,-116.1688,118.9,95.7666666666667
"2018",33.2097,-117.395,3,69.7666666666667
"2018",33.21946,-117.34962,9.1,71.4
"2018",33.22157,-117.03817,393.2,75.6
"2018",33.2222,-116.4975,1345.7,77.2333333333333
"2018",33.2354,-117.2322,131.1,72.4
"2018",33.2372,-117.0086,452,75
"2018",33.2372,-116.7614,823,73.5
"2018",33.2559,-116.4036,246.9,92.4
"2018",33.378,-116.84,1691.6,73.4666666666667
"2018",33.3933,-116.795,838.8,75.6
"2018",33.40419,-118.41456,477,69.6333333333333
"2018",33.4392,-117.1904,347.5,75.0666666666667
"2018",33.445,-117.4181,707.1,72.6
"2018",33.4833,-119.0333,53.6,65.1
"2018",33.5286,-117.2306,603.5,74.0666666666667
"2018",33.5417,-117.5917,213.4,73.4666666666667
"2018",33.555,-116.673,1194.8,74.2333333333333
"2018",33.5697,-116.073,-55.8,94.2333333333333
"2018",33.6031,-117.8836,3,70.0333333333333
"2018",33.61876,-114.71451,120.4,93.45
"2018",33.63166,-116.16412,-36,93.8666666666667
"2018",33.6472,-117.4111,926,78.6666666666667
"2018",33.6617,-115.7206,520,88.9
"2018",33.6667,-116.7667,1499.6,74.1666666666667
"2018",33.67975,-117.86746,13,74.0666666666667
"2018",33.686,-117.3458,386.5,75.2
"2018",33.7044,-115.6289,417.6,93.5
"2018",33.7086,-116.2152,-6.4,94.5666666666667
"2018",33.72,-117.723,164.6,75.4666666666667
"2018",33.7381,-116.8939,552,79.8666666666667
"2018",33.7403,-116.8414,594.4,79.3
"2018",33.7442,-117.8667,41.1,76.0333333333333
"2018",33.7572,-116.7066,1639.8,70.8666666666667
"2018",33.7965,-116.9753,464.8,80.6666666666667
"2018",33.8016,-118.3419,27.4,74
"2018",33.8081,-117.7111,542.8,73.6
"2018",33.81177,-118.14718,10.2,75.2
"2018",33.81299,-116.64193,2554.2,61.05
"2018",33.82216,-116.50433,124.7,94.4666666666667
"2018",33.8342,-118.3759,43.3,70.4333333333333
"2018",33.8647,-117.8425,70.7,77.9666666666667
"2018",33.87154,-117.98561,26.3,77.2333333333333
"2018",33.8767,-117.3089,524.3,78.1333333333333
"2018",33.89765,-117.60243,162.5,75.3
"2018",33.9,-117.25,468.2,77.9666666666667
"2018",33.92353,-118.33291,16.6,73.1333333333333
"2018",33.9306,-116.95,793.7,77.5666666666667
"2018",33.93816,-118.3866,29.7,72.0666666666667
"2018",33.95282,-117.43523,257.7,79.8333333333333
"2018",33.97563,-117.62487,193.9,79.9333333333333
"2018",33.9778,-120.0778,395.6,63.1
"2018",33.9839,-118.01,289.6,74.5666666666667
"2018",33.9958,-119.7222,76.2,70.4333333333333
"2018",34.005,-118.4139,28,72.1
"2018",34.0178,-116.1878,1280.2,78.6666666666667
"2018",34.02099,-118.44712,53.3,70.8333333333333
"2018",34.0456,-118.9358,15.2,67.7333333333333
"2018",34.05314,-117.57689,281.6,79.7
"2018",34.0583,-118.6333,480.1,71.9333333333333
"2018",34.0608,-114.7322,249.9,93.9
"2018",34.0678,-118.2417,115.2,75.7333333333333
"2018",34.0697,-118.4427,131.1,71.5
"2018",34.0836,-117.0347,899.2,77
"2018",34.0864,-116.5622,958.6,82.0666666666667
"2018",34.1208,-117.9458,152.4,78.3333333333333
"2018",34.1233,-116.4078,993.6,82.1
"2018",34.12407,-119.12281,3.8,66.9
"2018",34.125,-118.4122,384,76
"2018",34.128,-116.0369,602,90.6333333333333
"2018",34.1294,-116.3879,990.3,81.9333333333333
"2018",34.1369,-117.7069,501.4,75.6
"2018",34.1471,-116.2747,781.2,86.3666666666667
"2018",34.1472,-115.1219,281,95.6
"2018",34.1483,-118.1447,263.3,76.8333333333333
"2018",34.1547,-114.2908,128,94.15
"2018",34.1819,-118.5744,240.8,79.2
"2018",34.1847,-118.7172,502.9,77.1666666666667
"2018",34.1866,-118.348,199.6,75.7666666666667
"2018",34.1942,-116.9131,1712.4,69.0333333333333
"2018",34.19966,-118.36543,222.7,76.5666666666667
"2018",34.20012,-119.20417,11.9,67.9333333333333
"2018",34.2066,-119.1375,15.8,70.3
"2018",34.2069,-117.7606,792.5,75.7
"2018",34.2103,-116.6339,1828.8,76.0666666666667
"2018",34.21142,-119.08762,21.6,71.6666666666667
"2018",34.21214,-118.49146,239.2,79.1333333333333
"2018",34.2182,-116.4073,1050,83.2666666666667
"2018",34.2339,-117.4803,851,75.7333333333333
"2018",34.243,-116.917,2058.3,64.9666666666667
"2018",34.2661,-116.8989,2103.1,64.3
"2018",34.2711,-118.1525,914.4,76.4333333333333
"2018",34.28964,-114.17137,224.9,91.1
"2018",34.2936,-118.3608,423.7,75.4
"2018",34.3175,-117.5019,1005.8,74.1666666666667
"2018",34.3194,-117.0131,2091.2,67
"2018",34.3317,-118.0303,1661.2,75.3333333333333
"2018",34.3591,-116.5378,965.3,84.1333333333333
"2018",34.3617,-118.4217,1219.2,73.9333333333333
"2018",34.3717,-118.8408,501.4,72.3
"2018",34.3789,-117.6919,2108.3,70.7
"2018",34.3903,-118.0825,1530.4,74.4333333333333
"2018",34.3906,-116.5169,883.9,86.4
"2018",34.4141,-119.8796,5.5,66
"2018",34.4167,-119.6844,4.9,70.0666666666667
"2018",34.4206,-117.2661,931.2,81.5666666666667
"2018",34.4241,-119.84249,2.5,67.5
"2018",34.425,-118.525,442,77.9666666666667
"2018",34.4311,-118.6828,389.5,77.6333333333333
"2018",34.4456,-117.8511,1152.1,78.8333333333333
"2018",34.4458,-118.2,792.5,77.4333333333333
"2018",34.4477,-119.2275,227.1,72.7666666666667
"2018",34.4806,-118.7556,347.5,75.8666666666667
"2018",34.5025,-117.8969,945.2,83.6333333333333
"2018",34.52527,-117.29638,850.1,81.3
"2018",34.5358,-119.7833,310.9,74.7666666666667
"2018",34.5431,-119.1842,1015.3,69.3666666666667
"2018",34.5594,-115.7443,200.6,94
"2018",34.5686,-118.7403,1255.8,75.6666666666667
"2018",34.58223,-119.98159,240.5,73.6666666666667
"2018",34.5883,-118.0938,796.1,83.3333333333333
"2018",34.5958,-118.5786,1502.7,77.0666666666667
"2018",34.62944,-118.08309,764.7,83.2666666666667
"2018",34.6344,-117.5503,877.8,82.1
"2018",34.6538,-120.4513,22.9,64.6333333333333
"2018",34.66667,-120.46667,26.8,62.5666666666667
"2018",34.6819,-119.3539,1118.6,76.8333333333333
"2018",34.6847,-117.8208,789.4,83.0333333333333
"2018",34.705,-118.4297,932.7,81.8333333333333
"2018",34.7325,-118.3833,841.2,82.7333333333333
"2018",34.7331,-120.0067,975.4,76.4333333333333
"2018",34.74121,-118.21255,712.6,82.8333333333333
"2018",34.74361,-118.72528,1374.6,75.8666666666667
"2018",34.7586,-120.4861,320,63.1
"2018",34.76783,-114.61842,270.6,98.7
"2018",34.8083,-119.0125,1493.5,67.4
"2018",34.83328,-118.86497,1089.7,75.2
"2018",34.85371,-116.78702,584.8,89.6666666666667
"2018",34.8927,-117.0219,676.7,86.9333333333333
"2018",34.89403,-120.45216,74.2,65.2
"2018",34.9455,-119.6827,658.4,76.6333333333333
"2018",34.988,-120.3211,177.4,66.05
"2018",35.0233,-118.7497,434.3,78.9
"2018",35.0964,-119.7728,759,80.0666666666667
"2018",35.1011,-118.4222,1286.3,72.4
"2018",35.1231,-115.4114,1649.9,76.7333333333333
"2018",35.1542,-117.1756,987.6,83.9
"2018",35.1792,-120.3919,319.4,72.1666666666667
"2018",35.1889,-120.0833,1149.1,76.5333333333333
"2018",35.23815,-120.64406,55.8,67
"2018",35.3056,-120.6619,93.9,67.5333333333333
"2018",35.37,-117.5683,1103.4,83
"2018",35.3811,-120.1875,496.8,74.4666666666667
"2018",35.3836,-118.4122,1290.8,73.3666666666667
"2018",35.4028,-119.47,68.6,82.2
"2018",35.4186,-119.0508,143.3,83.4
"2018",35.43424,-119.05524,149.3,84.8666666666667
"2018",35.4783,-117.6989,1338.1,82.4
"2018",35.4867,-119.1458,123.1,79.6333333333333
"2018",35.5317,-118.6303,718.1,80.7333333333333
"2018",35.5892,-119.352,88.7,82.3
"2018",35.6277,-120.6855,222.5,72.7333333333333
"2018",35.6466,-118.3608,808.9,81.25
"2018",35.6564,-120.9242,303,72.8333333333333
"2018",35.6647,-118.0569,1698.3,77.4666666666667
"2018",35.66936,-120.62918,249.8,74.4666666666667
"2018",35.6841,-121.1683,465.1,69.5
"2018",35.686254,-117.690911,680,87.9666666666667
"2018",35.7217,-118.4989,960.1,78.3666666666667
"2018",35.7636,-117.3908,516.6,91.2
"2018",35.7683,-119.26,92,84.8
"2018",35.7706,-115.9092,1524,81.5666666666667
"2018",35.8644,-120.8031,163.7,74.8333333333333
"2018",35.8717,-117.9183,1264.9,86.5
"2018",35.8842,-118.0517,2507.9,66.9666666666667
"2018",35.8889,-118.6333,1133.9,74.8
"2018",35.8922,-118.915,64,80.8
"2018",35.8989,-120.4319,467.9,75.4333333333333
"2018",35.9717,-118.545,1432.6,68.1666666666667
"2018",36.0067,-119.96,73.2,86
"2018",36.0117,-121.2417,335.3,75.2666666666667
"2018",36.0333,-120.0569,246.9,83.5
"2018",36.0931,-118.2603,2499.4,63
"2018",36.0975,-119.5817,61,80.5666666666667
"2018",36.1356,-120.3606,204.2,78.5
"2018",36.1753,-118.7017,987.6,78.9
"2018",36.2032,-119.0545,132.6,79.5
"2018",36.2069,-121.1377,97.5,69.8
"2018",36.23,-121.4917,298.7,73.4333333333333
"2018",36.2314,-118.8689,586.1,83.2
"2018",36.2356,-121.785,137.2,64.8333333333333
"2018",36.2472,-121.7802,61,65.75
"2018",36.3114,-119.62319,76,80.9666666666667
"2018",36.3158,-119.637,72.2,80.5
"2018",36.32833,-119.2997,92.4,80.45
"2018",36.33333,-119.95,70.7,80.3
"2018",36.3478,-120.5978,1524,73.2666666666667
"2018",36.3642,-120.1561,86.9,77.9333333333333
"2018",36.3817,-119.0264,156.4,81.6666666666667
"2018",36.3825,-120.8558,1137.8,76.5666666666667
"2018",36.3886,-121.5517,574.5,70.5
"2018",36.4108,-118.8092,1966,68.0333333333333
"2018",36.445,-118.7033,1597.2,75.3
"2018",36.46263,-116.8672,-59.1,104.2
"2018",36.4708,-121.1472,402.9,74.8333333333333
"2018",36.4805,-121.7244,146.3,65.3333333333333
"2018",36.4819,-121.1822,398.4,72.9333333333333
"2018",36.4914,-118.8253,520.6,82.5
"2018",36.5625,-117.4736,2097,71.7666666666667
"2018",36.5672,-118.9556,1240.2,77.7666666666667
"2018",36.59041,-121.84881,48.8,61.1333333333333
"2018",36.5927,-121.8555,37.2,60.75
"2018",36.602,-117.1449,25.6,102.366666666667
"2018",36.6044,-118.7325,2052.8,60.8333333333333
"2018",36.66352,-121.60928,22.3,63
"2018",36.6853,-119,1237.5,75.1333333333333
"2018",36.7242,-118.9425,2298.2,66.2
"2018",36.7269,-120.7658,619.4,81.1
"2018",36.73751,-118.96197,2005.6,64.2333333333333
"2018",36.7672,-119.7092,103,86.4
"2018",36.77999,-119.72016,101.9,83.5333333333333
"2018",36.7878,-118.6561,1438.7,70.2333333333333
"2018",36.8422,-121.3622,123.1,68.3333333333333
"2018",36.8425,-118.2594,1479.8,81.3
"2018",36.8483,-121.4213,83.8,68.2
"2018",36.8839,-119.4658,280.4,84.5
"2018",36.9092,-119.0883,528.8,81.4333333333333
"2018",36.9111,-119.305,469.4,81.5
"2018",36.9308,-121.7691,29,62.8
"2018",36.93936,-121.79001,49.5,62.4333333333333
"2018",36.9539,-120.0378,82.3,81.4
"2018",36.9614,-119.175,1538.6,76.4666666666667
"2018",36.98505,-120.11068,76.6,79.2333333333333
"2018",36.98785,-121.99952,21.3,64.8666666666667
"2018",36.9911,-121.7978,137.2,65.5333333333333
"2018",36.99574,-119.70691,131.1,78.8333333333333
"2018",37.003,-121.5608,59.1,71.6
"2018",37.0153,-119.5678,366.1,77.6
"2018",37.0544,-119.3711,1249.7,76.9
"2018",37.0547,-121.0531,106.7,79.2
"2018",37.0563,-120.8666,36.6,80.3
"2018",37.0664,-119.0394,1727.6,63.1
"2018",37.08689,-122.08221,132.6,70.1
"2018",37.0919,-119.5128,637,80.0333333333333
"2018",37.1317,-122.17,801.6,70.7
"2018",37.135,-119.2561,1751.4,64.1
"2018",37.1822,-120.7939,19.8,76.4333333333333
"2018",37.2028,-121.9428,609.6,71.5666666666667
"2018",37.2319,-119.5083,963.2,79.0666666666667
"2018",37.2331,-119.5047,829.1,79.3333333333333
"2018",37.2381,-120.8825,23.8,73.4333333333333
"2018",37.2811,-121.0177,27.4,80.8333333333333
"2018",37.28597,-120.51788,46.5,77.9
"2018",37.2888,-120.5158,46.9,77.1333333333333
"2018",37.3053,-122.255,265.8,63.5333333333333
"2018",37.3133,-122.185,691.9,69.4
"2018",37.3147,-119.0383,2256.4,65.8333333333333
"2018",37.3292,-121.2939,563.9,78.1
"2018",37.34336,-121.63473,1286.3,72.2333333333333
"2018",37.3581,-122.1472,196.6,69.0666666666667
"2018",37.35938,-121.92444,15,70.3
"2018",37.37114,-118.35886,1252.8,78.0333333333333
"2018",37.3761,-119.1783,2748.7,61.8
"2018",37.39,-118.5506,1414.3,80.4333333333333
"2018",37.4058,-122.0481,11.9,66.2
"2018",37.4094,-119.7681,937.9,81.6
"2018",37.4431,-121.7706,629.7,70.9666666666667
"2018",37.4681,-120.1106,365.8,80.9666666666667
"2018",37.4725,-122.4433,8.2,58.4333333333333
"2018",37.475,-122.2981,196.3,67.3333333333333
"2018",37.4767,-122.2386,9.4,68.1666666666667
"2018",37.5019,-121.7355,932.7,71.6666666666667
"2018",37.50193,-120.84566,31.4,77.6333333333333
"2018",37.5042,-119.9869,680,76.9
"2018",37.5122,-119.6331,1538.3,65.6333333333333
"2018",37.5147,-122.0325,3,66.7666666666667
"2018",37.5422,-122.0158,11.6,66.6333333333333
"2018",37.5436,-119.8386,1188.7,74.6333333333333
"2018",37.5514,-118.6672,2145.8,67.2
"2018",37.5531,-121.8439,374.9,68.1666666666667
"2018",37.5625,-122.4364,327.7,59.2
"2018",37.61962,-122.36562,3.2,62.8
"2018",37.62544,-120.95492,26.5,78.6
"2018",37.6478,-118.9617,2378.7,63.8
"2018",37.65886,-122.12116,9.6,66.3
"2018",37.6819,-121.3466,41.1,75.4
"2018",37.68194,-121.75139,161.2,71.7666666666667
"2018",37.69309,-121.8149,119.7,71.6666666666667
"2018",37.7178,-122.23301,1.5,62.9
"2018",37.728,-122.5052,2.4,54.9
"2018",37.745,-118.9833,2316.5,60.8666666666667
"2018",37.75027,-119.58972,1224.7,68.6
"2018",37.7592,-119.8208,2017.8,66.75
"2018",37.7617,-119.8247,2025.1,68.4666666666667
"2018",37.7705,-122.4269,45.7,60.2333333333333
"2018",37.7861,-122.1447,333.8,63.2666666666667
"2018",37.79589,-121.58319,18.6,77.5333333333333
"2018",37.7983,-122.2642,9.1,64.85
"2018",37.8172,-121.7789,621.8,75.1
"2018",37.8331,-120.5,310.9,78.2666666666667
"2018",37.8339,-122.0669,536.4,70.3666666666667
"2018",37.8431,-118.4778,1661.2,73.7666666666667
"2018",37.8444,-120.2258,853.4,73.1
"2018",37.8511,-119.65,2446,60.5666666666667
"2018",37.865,-122.2208,427.6,63.0333333333333
"2018",37.8744,-122.2605,94.5,63.5
"2018",37.8769,-119.3436,2649.9,55.1333333333333
"2018",37.8792,-121.9303,661.4,70.9666666666667
"2018",37.88997,-121.22637,8.3,76.9333333333333
"2018",37.9191,-122.3772,6.1,63.15
"2018",37.9442,-122.1178,442,68.5333333333333
"2018",37.95,-121.8844,487.7,71.85
"2018",37.9566,-122.5447,44.2,67.4333333333333
"2018",37.9567,-119.1194,2071.7,68.5666666666667
"2018",37.9613,-119.783,1179.6,72.7
"2018",37.9672,-120.3872,510.5,73.1
"2018",37.9747,-119.9161,1452.4,73.6666666666667
"2018",37.9833,-122.0692,12.2,73.2666666666667
"2018",37.9833,-121.7525,18.3,73.8
"2018",37.9906,-122.6447,426.7,67.5
"2018",37.99165,-122.05268,7,73.9
"2018",37.9983,-122.5372,36.6,67.6333333333333
"2018",38.0047,-120.4863,292.6,80.5
"2018",38.0131,-122.1142,12.2,69.3333333333333
"2018",38.0281,-122.7022,378,63.3666666666667
"2018",38.0394,-122.57,457.2,66.6333333333333
"2018",38.0631,-120.2469,1503.6,75.2
"2018",38.07,-119.23,2878.8,59.7333333333333
"2018",38.1,-122.1869,103.9,70.8666666666667
"2018",38.2075,-122.28041,4.7,65.2333333333333
"2018",38.2119,-119.0142,2551.2,52.7
"2018",38.2575,-119.2286,1972.1,63.0333333333333
"2018",38.2577,-122.6077,6.1,66.1333333333333
"2018",38.2719,-119.2892,2026.9,67.1333333333333
"2018",38.2736,-122.0677,12.2,72.8
"2018",38.2769,-120.3113,1431,67.4666666666667
"2018",38.2777,-122.2647,10.7,68.8
"2018",38.28,-119.61,2931.3,57.7
"2018",38.2994,-122.4622,29.6,69.1
"2018",38.3,-119.55,2194,60.7
"2018",38.31,-119.6,2690.5,58.6666666666667
"2018",38.3208,-123.0747,19.2,56.4
"2018",38.3772,-120.8008,483.4,72.3
"2018",38.37753,-121.95854,31.7,76.1333333333333
"2018",38.3894,-120.6511,902.2,79.3
"2018",38.4,-119.54,2838.6,58.1
"2018",38.4305,-122.8647,61,66.8
"2018",38.44,-119.37,2814.2,57.5
"2018",38.45579,-122.71335,50.6,69.0666666666667
"2018",38.4786,-122.7119,175.6,66.7333333333333
"2018",38.4883,-120.325,1524,74.6
"2018",38.4916,-122.1241,146.3,75.7333333333333
"2018",38.492,-122.0039,57,77.5666666666667
"2018",38.50369,-122.81101,36.2,67.6
"2018",38.50659,-121.49604,5.9,74.7333333333333
"2018",38.5066,-122.4713,68.6,72.7666666666667
"2018",38.51,-119.63,2357.9,56.9333333333333
"2018",38.5252,-121.9777,41.1,76.3333333333333
"2018",38.5349,-121.7761,18.3,74.2
"2018",38.55,-119.8,2671.6,59.9
"2018",38.5552,-121.4183,11.6,77.4
"2018",38.5653,-119.4592,1658.1,75.0333333333333
"2018",38.573,-122.4405,522.7,69.4666666666667
"2018",38.57682,-122.57811,106.7,70.1
"2018",38.5908,-120.9336,275.8,76.6
"2018",38.61,-119.92,2455.8,59.2
"2018",38.62935,-122.86646,53.9,68.8
"2018",38.67,-119.82,1863.9,65.6
"2018",38.67,-119.61,2532.9,60.5333333333333
"2018",38.68,-119.96,2443.6,61.7333333333333
"2018",38.6829,-121.794,20.4,74.5666666666667
"2018",38.6833,-119.7667,1676.7,68.0333333333333
"2018",38.69,-119.99,2546,58.1666666666667
"2018",38.70069,-121.59479,7.5,75.3666666666667
"2018",38.72,-119.89,2477.7,54.6666666666667
"2018",38.7333,-120.245,1597.2,67.8333333333333
"2018",38.7383,-122.1447,107.9,78.9333333333333
"2018",38.7395,-119.518,1613,73.1
"2018",38.7583,-120.503,1051.6,71.1666666666667
"2018",38.7817,-122.9169,609.6,71.7666666666667
"2018",38.79296,-123.0263,121.9,74.9
"2018",38.8325,-121.0086,365.8,75.3
"2018",38.84,-119.89,2608.2,59.9
"2018",38.85,-120.08,2337.8,62.0666666666667
"2018",38.85,-119.94,2370.1,56.7333333333333
"2018",38.8619,-122.4172,670.6,75.5
"2018",38.8825,-121.2683,61,78.2666666666667
"2018",38.89838,-119.99617,1907,61.0666666666667
"2018",38.9056,-120.6972,1426.5,75.4
"2018",38.9119,-122.7064,659.3,77.85
"2018",38.92,-119.92,2615.8,56.7666666666667
"2018",38.93,-120.05,1900.7,59.6666666666667
"2018",38.933,-120.8008,914.7,74.6
"2018",38.9875,-123.3486,196.3,67.8333333333333
"2018",39,-120.13,2343.6,63.6
"2018",39.0189,-122.4119,635.5,79.4666666666667
"2018",39.0308,-123.0806,817.5,75.6333333333333
"2018",39.06,-120.1292,1924.8,57.1
"2018",39.0717,-120.4217,1597.2,71.0666666666667
"2018",39.0901,-120.947,723.3,77.8666666666667
"2018",39.0914,-120.7317,1327.4,74.3666666666667
"2018",39.10205,-121.56884,18.9,77.1
"2018",39.1258,-123.0736,975.4,73.5
"2018",39.12781,-123.20015,183.7,73.8666666666667
"2018",39.14,-120.22,2028.4,59.4666666666667
"2018",39.1439,-120.5089,2164.1,66.3333333333333
"2018",39.1678,-120.1428,1898.9,62.4333333333333
"2018",39.17,-120.15,2071.7,62.6333333333333
"2018",39.1836,-120.8847,861.4,75.4666666666667
"2018",39.1875,-122.0269,15.2,76.2666666666667
"2018",39.19,-120.26,2447.2,60.5
"2018",39.2041,-121.068,731.5,72.5666666666667
"2018",39.2083,-122.8083,1475.2,71.9
"2018",39.2466,-121.0008,847.6,73.6333333333333
"2018",39.27617,-120.70927,1611.2,69.6333333333333
"2018",39.3,-120.18,1983.9,65.0666666666667
"2018",39.3036,-121.1172,599.8,78.2666666666667
"2018",39.3167,-120.8375,1316.7,74.9666666666667
"2018",39.318,-120.145,1798.3,62.1
"2018",39.33,-120.37,2089.4,62.0333333333333
"2018",39.3528,-123.6011,180.7,64.2666666666667
"2018",39.3619,-123.1286,310.3,73.7333333333333
"2018",39.3669,-122.575,365.8,77.9666666666667
"2018",39.3886,-120.0936,1699.3,61.8
"2018",39.3975,-121.3861,244.8,77.9
"2018",39.4172,-122.1825,36.6,77
"2018",39.425,-122.9772,540.4,71.1
"2018",39.43,-120.31,2545.7,61.5333333333333
"2018",39.45,-120.29,2134.5,59.6666666666667
"2018",39.475,-121.2025,1132,74.6333333333333
"2018",39.4833,-120.075,2093.1,64.1
"2018",39.49,-120.28,1967.8,59.0666666666667
"2018",39.4943,-121.62226,56.9,80.3
"2018",39.51,-123.75639,37.5,57.1666666666667
"2018",39.5177,-121.553,52.1,79.2666666666667
"2018",39.5214,-120.0269,1654.8,68.1333333333333
"2018",39.52316,-122.3048,71.3,78.5666666666667
"2018",39.53194,-121.1611,1130.8,68.1666666666667
"2018",39.5619,-120.0478,1821.5,65.1333333333333
"2018",39.5633,-120.8238,888.5,69.8666666666667
"2018",39.5861,-122.5341,243.8,76.8
"2018",39.6375,-120.8653,2033,70.3
"2018",39.6514,-122.7236,1310.6,73.6333333333333
"2018",39.6681,-123.3211,740.1,71.2
"2018",39.6911,-121.8211,56.4,77.7
"2018",39.7022,-123.485,554.7,71.3
"2018",39.7358,-121.4889,759,77.7
"2018",39.7458,-122.1997,77.4,77.9333333333333
"2018",39.7538,-121.6241,533.4,80.2
"2018",39.8053,-120.4719,1478.3,64.6333333333333
"2018",39.8056,-120.1858,1508.8,66.6666666666667
"2018",39.8075,-122.945,1652,68.4333333333333
"2018",39.8333,-123.0833,457.2,74.9
"2018",39.8644,-122.6097,317,83.4
"2018",39.8716,-121.6108,826,73.6333333333333
"2018",39.8717,-121.7689,528.2,81.7
"2018",39.9278,-122.6569,1131.7,75.7333333333333
"2018",39.9366,-120.9475,1042.4,67.2
"2018",39.9389,-122.1697,89.6,80.2333333333333
"2018",39.9733,-120.9419,1066.8,70.3333333333333
"2018",40.0017,-120.915,1377.7,72.6
"2018",40.0222,-120.1056,1292.4,72.3666666666667
"2018",40.0686,-121.5825,1466.7,72.6666666666667
"2018",40.1383,-123.8236,135.9,68.5666666666667
"2018",40.1417,-120.3533,1767.8,70.3
"2018",40.15186,-122.25478,108,80.9666666666667
"2018",40.1705,-121.0886,1389.9,67.9333333333333
"2018",40.1867,-123.5903,281.3,70.7
"2018",40.2461,-120.6422,1737.4,66.9666666666667
"2018",40.2506,-123.3158,832.7,67.3666666666667
"2018",40.2569,-124.2661,899.2,65.8
"2018",40.295,-122.8667,1066.8,75.3333333333333
"2018",40.30209,-121.24391,1387.1,65.6
"2018",40.3067,-120.9,1767.8,68.3
"2018",40.3375,-123.0656,1378.8,70.8666666666667
"2018",40.3442,-121.7136,1267.7,75.4
"2018",40.3458,-121.6091,1485.9,61.75
"2018",40.3983,-122.8333,579.1,78.5333333333333
"2018",40.4167,-120.6631,1283.8,69.1333333333333
"2018",40.4633,-123.5239,845.8,68
"2018",40.4808,-120.1139,1339.6,67.2
"2018",40.4833,-124.1038,41.5,61.2
"2018",40.505,-123.3417,1219.2,70.1
"2018",40.51462,-122.29773,152.6,81.9333333333333
"2018",40.5158,-122.2906,152.4,80.8333333333333
"2018",40.54,-121.5803,1725.2,61.4666666666667
"2018",40.55,-123.165,708.1,69.6666666666667
"2018",40.5981,-121.0831,1722.1,59.8333333333333
"2018",40.6116,-122.528,394.7,76.4
"2018",40.6194,-121.8994,736.7,76.8666666666667
"2018",40.6306,-120.5028,1554.5,66.5333333333333
"2018",40.6507,-122.6068,432.2,75.2
"2018",40.7141,-122.4161,327.7,77.4
"2018",40.7263,-122.7947,567.2,73.25
"2018",40.7308,-120.3164,1614.8,66.8333333333333
"2018",40.7333,-123.2333,457.2,76.1333333333333
"2018",40.73529,-122.9441,627.3,73.0333333333333
"2018",40.7586,-120.8961,1889.8,63.7
"2018",40.7817,-120.7844,1877,64.7333333333333
"2018",40.7864,-122.8045,1008.3,73.2666666666667
"2018",40.8072,-121.2967,1752.6,67.9
"2018",40.8097,-124.1602,6.1,57.2666666666667
"2018",40.8892,-123.1422,1432.6,72.6333333333333
"2018",40.9167,-122.4383,1280.2,76.6333333333333
"2018",40.9258,-121.5856,1130.8,73.1333333333333
"2018",40.9316,-121.5433,919,69.75
"2018",40.97844,-124.10479,64.5,56.8666666666667
"2018",41.0064,-121.9833,518.2,77.2333333333333
"2018",41.0478,-123.6714,114.3,72.0333333333333
"2018",41.0547,-120.3375,1711.5,64.2666666666667
"2018",41.075,-122.3733,731.5,77.3666666666667
"2018",41.0975,-123.6358,1088.1,68.2
"2018",41.1117,-122.6967,1341.1,74.1666666666667
"2018",41.1383,-123.9056,804.7,63.8
"2018",41.1831,-122.28167,661.1,70.5
"2018",41.24,-120.79,1886.7,57.7666666666667
"2018",41.2694,-123.1875,1815.4,66.3333333333333
"2018",41.2706,-120.29845,1621.2,67.6
"2018",41.2769,-121.9794,975.4,63.1
"2018",41.2897,-123.8575,150.9,69.1666666666667
"2018",41.2944,-120.8639,1463,69.1333333333333
"2018",41.295,-120.3133,1889.8,63.6
"2018",41.3003,-123.1322,668.1,74.2
"2018",41.3075,-122.7958,955.9,72.8333333333333
"2018",41.314893,-122.317127,1083,68.2
"2018",41.3156,-122.3156,0,68.5333333333333
"2018",41.3322,-120.4725,1332.6,66.7333333333333
"2018",41.3378,-122.82484,940.3,67.8666666666667
"2018",41.39,-123.4958,280.4,74.8
"2018",41.4272,-121.4639,1602.6,69.2
"2018",41.4789,-122.4539,893.1,71.9333333333333
"2018",41.48362,-120.5615,1335.9,68
"2018",41.53,-120.6714,1530.7,68.1333333333333
"2018",41.58,-120.3,2142.7,61.9333333333333
"2018",41.5992,-122.9336,1287.8,73.3
"2018",41.6294,-121.2981,1511.8,68.7333333333333
"2018",41.6431,-121.7939,1502.1,67.7666666666667
"2018",41.6853,-122.5942,914.4,73.6333333333333
"2018",41.70237,-122.64169,826.6,72.3
"2018",41.7358,-123.7917,1615.4,64.1
"2018",41.7417,-121.5383,1453.9,67.7
"2018",41.77373,-122.46825,806.1,71.1333333333333
"2018",41.775,-122.9503,1674.3,66.9666666666667
"2018",41.78361,-124.23796,17,56.8
"2018",41.7861,-122.0056,1645.9,67.8666666666667
"2018",41.8386,-122.85,591.3,73.0666666666667
"2018",41.8586,-123.3525,1423.4,69.2666666666667
"2018",41.8715,-120.1574,1444.4,67.9333333333333
"2018",41.89,-120.75,1575.8,62.7333333333333
"2018",41.95999,-121.47449,1230.8,64.5666666666667
"2018",41.97983,-122.33811,812.3,70.45
"2018",41.99,-120.72,1731.3,62.4666666666667
"2018",41.99,-120.18,2243.3,56.5333333333333
"2018",41.9919,-123.6036,1210.1,66.4666666666667
"2018",41.9992,-121.7003,1249.1,64.0333333333333
"2019",32.57583,-116.99391,158.9,68.3666666666667
"2019",32.6058,-116.6089,714.8,71.4333333333333
"2019",32.6261,-116.4681,805,71.2666666666667
"2019",32.6263,-116.4699,801.6,71
"2019",32.64,-117.0858,17.1,68.6666666666667
"2019",32.685,-116.9736,129.5,70.1666666666667
"2019",32.69219,-117.20983,4.4,68.2333333333333
"2019",32.7214,-116.4631,1049.4,69.1666666666667
"2019",32.7336,-117.1831,4.6,69.3
"2019",32.7397,-114.8839,66.1,93
"2019",32.76536,-117.2315,4.3,67.6
"2019",32.76654,-115.56638,-9.1,89.7
"2019",32.8005,-116.928,150.9,73.9333333333333
"2019",32.81453,-117.13747,127.5,69.6333333333333
"2019",32.83241,-115.66377,-14.1,90.9333333333333
"2019",32.8336,-116.7392,622.1,74.2666666666667
"2019",32.83464,-115.57656,-16.8,91.8
"2019",32.8358,-116.7774,516.6,73.2333333333333
"2019",32.8488,-115.5666,-19.5,88.4333333333333
"2019",32.8569,-116.6222,1060.7,70.9
"2019",32.8672,-116.4194,1804.4,68.6
"2019",32.8797,-116.4203,1755.6,66.1
"2019",32.9083,-114.4944,91.4,93.7666666666667
"2019",32.9736,-115.1736,84.7,92.5
"2019",32.9897,-116.5872,1414.3,67.9
"2019",32.9903,-116.0669,231.6,94.7333333333333
"2019",33.0164,-116.6339,0,71.0333333333333
"2019",33.0216,-117.0813,210.3,71.0333333333333
"2019",33.03801,-116.915979,422,72.3333333333333
"2019",33.0736,-116.8458,466.3,72.9333333333333
"2019",33.0758,-116.5908,1292.4,71.5
"2019",33.0763,-116.5925,1284.7,71.7666666666667
"2019",33.121,-117.09,182.9,75.1
"2019",33.12993,-117.27651,95.3,69.1666666666667
"2019",33.1552,-116.1688,118.9,95.1
"2019",33.2097,-117.395,3,67.0333333333333
"2019",33.21946,-117.34962,9.1,68.6333333333333
"2019",33.22157,-117.03817,393.2,73.0666666666667
"2019",33.2222,-116.4975,1345.7,75.6
"2019",33.2354,-117.2322,131.1,70.1333333333333
"2019",33.2372,-117.0086,452,72.6
"2019",33.2372,-116.7614,823,70.3
"2019",33.2559,-116.4036,246.9,90.3333333333333
"2019",33.378,-116.84,1691.6,71.9666666666667
"2019",33.3933,-116.795,838.8,73.3
"2019",33.40419,-118.41456,477,67.8
"2019",33.4392,-117.1904,347.5,72.3
"2019",33.445,-117.4181,707.1,71.3666666666667
"2019",33.4833,-119.0333,53.6,62.8666666666667
"2019",33.5286,-117.2306,603.5,71.8666666666667
"2019",33.5417,-117.5917,213.4,70.5666666666667
"2019",33.555,-116.673,1194.8,71.0333333333333
"2019",33.5697,-116.073,-55.8,92.6666666666667
"2019",33.6031,-117.8836,3,67.6333333333333
"2019",33.61876,-114.71451,120.4,93.3333333333333
"2019",33.63166,-116.16412,-36,92.6666666666667
"2019",33.6472,-117.4111,926,75.5
"2019",33.6617,-115.7206,520,86.6333333333333
"2019",33.6667,-116.7667,1499.6,72.4666666666667
"2019",33.67975,-117.86746,13,71.7
"2019",33.686,-117.3458,386.5,79.45
"2019",33.7044,-115.6289,417.6,88.6666666666667
"2019",33.7086,-116.2152,-6.4,93.4
"2019",33.72,-117.723,164.6,74.1
"2019",33.7381,-116.8939,552,78.9
"2019",33.7403,-116.8414,594.4,77.4666666666667
"2019",33.7442,-117.8667,41.1,73.3666666666667
"2019",33.7572,-116.7066,1639.8,68.6
"2019",33.7965,-116.9753,464.8,78.5333333333333
"2019",33.8016,-118.3419,27.4,68.6333333333333
"2019",33.8081,-117.7111,542.8,73.4666666666667
"2019",33.81177,-118.14718,10.2,73.2333333333333
"2019",33.81299,-116.64193,2554.2,60.1666666666667
"2019",33.82216,-116.50433,124.7,92.6666666666667
"2019",33.8342,-118.3759,43.3,69.3
"2019",33.8647,-117.8425,70.7,75.3333333333333
"2019",33.87154,-117.98561,26.3,73.8666666666667
"2019",33.8767,-117.3089,524.3,76.2
"2019",33.89765,-117.60243,162.5,75.5
"2019",33.9,-117.25,468.2,77.4
"2019",33.92353,-118.33291,16.6,70.5666666666667
"2019",33.9306,-116.95,793.7,75.0333333333333
"2019",33.93816,-118.3866,29.7,68.8
"2019",33.95282,-117.43523,257.7,77.5666666666667
"2019",33.97563,-117.62487,193.9,75.9333333333333
"2019",33.9778,-120.0778,395.6,60.3666666666667
"2019",33.9839,-118.01,289.6,73.2333333333333
"2019",33.9958,-119.7222,76.2,67.1333333333333
"2019",34.005,-118.4139,28,69.5333333333333
"2019",34.0178,-116.1878,1280.2,76.8333333333333
"2019",34.02099,-118.44712,53.3,68.2
"2019",34.0456,-118.9358,15.2,65.8666666666667
"2019",34.05314,-117.57689,281.6,79.3
"2019",34.0583,-118.6333,480.1,69.7
"2019",34.0608,-114.7322,249.9,92.5
"2019",34.0678,-118.2417,115.2,73.0666666666667
"2019",34.0697,-118.4427,131.1,69.2
"2019",34.0836,-117.0347,899.2,75.0333333333333
"2019",34.0864,-116.5622,958.6,80.5
"2019",34.1208,-117.9458,152.4,75.7
"2019",34.1233,-116.4078,993.6,79.6666666666667
"2019",34.12407,-119.12281,3.8,64.9666666666667
"2019",34.125,-118.4122,384,73.2666666666667
"2019",34.128,-116.0369,602,88.5666666666667
"2019",34.1294,-116.3879,990.3,78.4
"2019",34.1369,-117.7069,501.4,73.3333333333333
"2019",34.1471,-116.2747,781.2,83.4666666666667
"2019",34.1472,-115.1219,281,96.9
"2019",34.1483,-118.1447,263.3,74.5333333333333
"2019",34.1547,-114.2908,128,92.35
"2019",34.1819,-118.5744,240.8,76.4666666666667
"2019",34.1847,-118.7172,502.9,75.9333333333333
"2019",34.1866,-118.348,199.6,73.2666666666667
"2019",34.1942,-116.9131,1712.4,67.2333333333333
"2019",34.19966,-118.36543,222.7,74.0666666666667
"2019",34.20012,-119.20417,11.9,65.9
"2019",34.2066,-119.1375,15.8,67.3666666666667
"2019",34.2069,-117.7606,792.5,73.2
"2019",34.2103,-116.6339,1828.8,74.4
"2019",34.21142,-119.08762,21.6,68
"2019",34.21214,-118.49146,239.2,76.4
"2019",34.2182,-116.4073,1050,81.6333333333333
"2019",34.2339,-117.4803,851,72.5666666666667
"2019",34.243,-116.917,2058.3,62.6666666666667
"2019",34.2661,-116.8989,2103.1,62.1333333333333
"2019",34.2711,-118.1525,914.4,74.6
"2019",34.28964,-114.17137,224.9,92.55
"2019",34.2936,-118.3608,423.7,72.6333333333333
"2019",34.3175,-117.5019,1005.8,71.7333333333333
"2019",34.3194,-117.0131,2091.2,64.7666666666667
"2019",34.3317,-118.0303,1661.2,73.4333333333333
"2019",34.3591,-116.5378,965.3,82.0666666666667
"2019",34.3617,-118.4217,1219.2,72.1333333333333
"2019",34.3789,-117.6919,2108.3,68.3666666666667
"2019",34.3903,-118.0825,1530.4,72.2666666666667
"2019",34.3906,-116.5169,883.9,84.1
"2019",34.4141,-119.8796,5.5,63.4
"2019",34.4167,-119.6844,4.9,67.0333333333333
"2019",34.4206,-117.2661,931.2,78.8333333333333
"2019",34.4241,-119.84249,2.5,64.6333333333333
"2019",34.425,-118.525,442,75.6333333333333
"2019",34.4311,-118.6828,389.5,74.9333333333333
"2019",34.4456,-117.8511,1152.1,75.9333333333333
"2019",34.4458,-118.2,792.5,74.5333333333333
"2019",34.4477,-119.2275,227.1,69.8333333333333
"2019",34.4614,-119.6481,457.2,68.0333333333333
"2019",34.4806,-118.7556,347.5,73.5333333333333
"2019",34.5025,-117.8969,945.2,80.9
"2019",34.52527,-117.29638,850.1,78.6333333333333
"2019",34.5358,-119.7833,310.9,72.9333333333333
"2019",34.5431,-119.1842,1015.3,66.7333333333333
"2019",34.5686,-118.7403,1255.8,73.8333333333333
"2019",34.58223,-119.98159,240.5,71.4
"2019",34.5883,-118.0938,796.1,80.1
"2019",34.5958,-118.5786,1502.7,74.8333333333333
"2019",34.62944,-118.08309,764.7,80.6
"2019",34.6344,-117.5503,877.8,79.4666666666667
"2019",34.6538,-120.4513,22.9,63.8333333333333
"2019",34.66667,-120.46667,26.8,62.4333333333333
"2019",34.6819,-119.3539,1118.6,74
"2019",34.6847,-117.8208,789.4,79.9666666666667
"2019",34.705,-118.4297,932.7,77.9
"2019",34.7325,-118.3833,841.2,79.5666666666667
"2019",34.7331,-120.0067,975.4,74.4666666666667
"2019",34.74121,-118.21255,712.6,80.5333333333333
"2019",34.74361,-118.72528,1374.6,74.0666666666667
"2019",34.7586,-120.4861,320,61.5666666666667
"2019",34.76783,-114.61842,270.6,96.6666666666667
"2019",34.8083,-119.0125,1493.5,64.1333333333333
"2019",34.83328,-118.86497,1089.7,72.6
"2019",34.85371,-116.78702,584.8,87.7
"2019",34.8927,-117.0219,676.7,84.8666666666667
"2019",34.89403,-120.45216,74.2,64.6
"2019",34.9455,-119.6827,658.4,74.5333333333333
"2019",34.988,-120.3211,177.4,66.3
"2019",35.0233,-118.7497,434.3,80.2
"2019",35.0964,-119.7728,759,78.3666666666667
"2019",35.1011,-118.4222,1286.3,69.2333333333333
"2019",35.1231,-115.4114,1649.9,75.0333333333333
"2019",35.1542,-117.1756,987.6,81.9333333333333
"2019",35.1889,-120.0833,1149.1,74.9
"2019",35.23815,-120.64406,55.8,65.5666666666667
"2019",35.3056,-120.6619,93.9,66.2333333333333
"2019",35.3692,-117.6525,1088.1,85.8
"2019",35.37,-117.5683,1103.4,81.6
"2019",35.3811,-120.1875,496.8,72.4666666666667
"2019",35.3836,-118.4122,1290.8,70.7666666666667
"2019",35.4028,-119.47,68.6,81.3
"2019",35.4186,-119.0508,143.3,82.6666666666667
"2019",35.43424,-119.05524,149.3,84.1
"2019",35.4783,-117.6989,1338.1,79.8333333333333
"2019",35.4867,-119.1458,123.1,78.9666666666667
"2019",35.5317,-118.6303,718.1,78.4333333333333
"2019",35.6277,-120.6855,222.5,71.8666666666667
"2019",35.6466,-118.3608,808.9,79.8
"2019",35.6564,-120.9242,303,71
"2019",35.6647,-118.0569,1698.3,74.4333333333333
"2019",35.66936,-120.62918,249.8,73.2
"2019",35.6841,-121.1683,465.1,67.0666666666667
"2019",35.686254,-117.690911,680,84.2
"2019",35.7217,-118.4989,960.1,75.5
"2019",35.7636,-117.3908,516.6,87.8
"2019",35.7706,-115.9092,1524,79.6
"2019",35.8644,-120.8031,163.7,74.8666666666667
"2019",35.8717,-117.9183,1264.9,83.6333333333333
"2019",35.8842,-118.0517,2507.9,63.2333333333333
"2019",35.8889,-118.6333,1133.9,72.6333333333333
"2019",35.8922,-118.915,64,79.4666666666667
"2019",35.8989,-120.4319,467.9,74.2
"2019",35.9717,-118.545,1432.6,65.8666666666667
"2019",36.0067,-119.96,73.2,80.65
"2019",36.0117,-121.2417,335.3,73.3
"2019",36.0333,-120.0569,246.9,83.1333333333333
"2019",36.0931,-118.2603,2499.4,59.9333333333333
"2019",36.0975,-119.5817,61,80.2
"2019",36.1753,-118.7017,987.6,76.8333333333333
"2019",36.2032,-119.0545,132.6,79.4
"2019",36.2069,-121.1377,97.5,70.1333333333333
"2019",36.23,-121.4917,298.7,72.9666666666667
"2019",36.2314,-118.8689,586.1,81.5666666666667
"2019",36.2356,-121.785,137.2,63.9666666666667
"2019",36.2472,-121.7802,61,63.4666666666667
"2019",36.3114,-119.62319,76,80.9333333333333
"2019",36.3158,-119.637,72.2,81.6666666666667
"2019",36.32833,-119.2997,92.4,79.8333333333333
"2019",36.33333,-119.95,70.7,79.8666666666667
"2019",36.3478,-120.5978,1524,71.1
"2019",36.3642,-120.1561,86.9,81.2
"2019",36.3817,-119.0264,156.4,81.2
"2019",36.3825,-120.8558,1137.8,74.7333333333333
"2019",36.3886,-121.5517,574.5,68.6333333333333
"2019",36.4108,-118.8092,1966,68.5
"2019",36.445,-118.7033,1597.2,72.1666666666667
"2019",36.46263,-116.8672,-59.1,102.266666666667
"2019",36.4708,-121.1472,402.9,74.1
"2019",36.4805,-121.7244,146.3,65.3666666666667
"2019",36.4819,-121.1822,398.4,72.0666666666667
"2019",36.4914,-118.8253,520.6,80.5
"2019",36.5625,-117.4736,2097,68.8
"2019",36.5672,-118.9556,1240.2,75.9333333333333
"2019",36.59041,-121.84881,48.8,62.9
"2019",36.5927,-121.8555,37.2,62.0333333333333
"2019",36.602,-117.1449,25.6,99.6333333333333
"2019",36.6044,-118.7325,2052.8,57.7333333333333
"2019",36.66352,-121.60928,22.3,65.3333333333333
"2019",36.6853,-119,1237.5,73.0666666666667
"2019",36.7242,-118.9425,2298.2,63.3333333333333
"2019",36.7269,-120.7658,619.4,80.2666666666667
"2019",36.73751,-118.96197,2005.6,63.05
"2019",36.7672,-119.7092,103,83.25
"2019",36.77999,-119.72016,101.9,83.2333333333333
"2019",36.7878,-118.6561,1438.7,67.7666666666667
"2019",36.8422,-121.3622,123.1,68.1333333333333
"2019",36.8425,-118.2594,1479.8,78.7333333333333
"2019",36.8483,-121.4213,83.8,64.9
"2019",36.8839,-119.4658,280.4,83.5666666666667
"2019",36.9092,-119.0883,528.8,76.6666666666667
"2019",36.9111,-119.305,469.4,80.5333333333333
"2019",36.9308,-121.7691,29,63.8
"2019",36.93936,-121.79001,49.5,64.3333333333333
"2019",36.9539,-120.0378,82.3,81
"2019",36.9614,-119.175,1538.6,73.9
"2019",36.98505,-120.11068,76.6,78.7333333333333
"2019",36.98785,-121.99952,21.3,65.5
"2019",36.9911,-121.7978,137.2,66.1666666666667
"2019",36.99574,-119.70691,131.1,78.5
"2019",37.0153,-119.5678,366.1,76.5333333333333
"2019",37.0544,-119.3711,1249.7,74.4333333333333
"2019",37.0547,-121.0531,106.7,78.2333333333333
"2019",37.0563,-120.8666,36.6,78.15
"2019",37.0664,-119.0394,1727.6,61.4
"2019",37.08689,-122.08221,132.6,70.4666666666667
"2019",37.0919,-119.5128,637,79.2666666666667
"2019",37.1317,-122.17,801.6,69.8
"2019",37.135,-119.2561,1751.4,62.3333333333333
"2019",37.1822,-120.7939,19.8,76.5666666666667
"2019",37.2028,-121.9428,609.6,71.3
"2019",37.2319,-119.5083,963.2,77
"2019",37.2331,-119.5047,829.1,77.2
"2019",37.2381,-120.8825,23.8,74.1333333333333
"2019",37.2811,-121.0177,27.4,81.0666666666667
"2019",37.28597,-120.51788,46.5,78.1333333333333
"2019",37.2888,-120.5158,46.9,76.9333333333333
"2019",37.3053,-122.255,265.8,64.5333333333333
"2019",37.3133,-122.185,691.9,68.4333333333333
"2019",37.3147,-119.0383,2256.4,63.1
"2019",37.3292,-121.2939,563.9,76.4333333333333
"2019",37.34336,-121.63473,1286.3,69.6666666666667
"2019",37.353,-120.1623,128,81.6
"2019",37.3581,-122.1472,196.6,69.7666666666667
"2019",37.35938,-121.92444,15,70.5666666666667
"2019",37.37114,-118.35886,1252.8,74.9333333333333
"2019",37.3761,-119.1783,2748.7,59.1333333333333
"2019",37.39,-118.5506,1414.3,78.0333333333333
"2019",37.4058,-122.0481,11.9,70.3333333333333
"2019",37.4431,-121.7706,629.7,70.5
"2019",37.4681,-120.1106,365.8,80.2666666666667
"2019",37.4725,-122.4433,8.2,60
"2019",37.475,-122.2981,196.3,68.3
"2019",37.4767,-122.2386,9.4,69.5333333333333
"2019",37.5019,-121.7355,932.7,70.6333333333333
"2019",37.50193,-120.84566,31.4,78.2
"2019",37.5042,-119.9869,680,75.5
"2019",37.5122,-119.6331,1538.3,63.3333333333333
"2019",37.5147,-122.0325,3,67.9
"2019",37.5422,-122.0158,11.6,68.9333333333333
"2019",37.5436,-119.8386,1188.7,72.7666666666667
"2019",37.5514,-118.6672,2145.8,64.7
"2019",37.5531,-121.8439,374.9,69.1666666666667
"2019",37.5625,-122.4364,327.7,61.5333333333333
"2019",37.61962,-122.36562,3.2,66.1333333333333
"2019",37.62544,-120.95492,26.5,78.9666666666667
"2019",37.65886,-122.12116,9.6,67.3666666666667
"2019",37.6819,-121.3466,41.1,75.7
"2019",37.68194,-121.75139,161.2,72.7333333333333
"2019",37.69309,-121.8149,119.7,72.5333333333333
"2019",37.7178,-122.23301,1.5,66.8666666666667
"2019",37.745,-118.9833,2316.5,58.4666666666667
"2019",37.75027,-119.58972,1224.7,72.45
"2019",37.7592,-119.8208,2017.8,65.0666666666667
"2019",37.7617,-119.8247,2025.1,66.1666666666667
"2019",37.7705,-122.4269,45.7,62.3
"2019",37.7861,-122.1447,333.8,65.3333333333333
"2019",37.79589,-121.58319,18.6,78.4333333333333
"2019",37.7983,-122.2642,9.1,66.2
"2019",37.8172,-121.7789,621.8,73.2666666666667
"2019",37.8331,-120.5,310.9,78.3
"2019",37.8339,-122.0669,536.4,70.3333333333333
"2019",37.8431,-118.4778,1661.2,70.3
"2019",37.8444,-120.2258,853.4,71.8
"2019",37.8511,-119.65,2446,56.8666666666667
"2019",37.865,-122.2208,427.6,64.2333333333333
"2019",37.8744,-122.2605,94.5,65.3333333333333
"2019",37.8769,-119.3436,2649.9,54.2
"2019",37.8792,-121.9303,661.4,70.0666666666667
"2019",37.88997,-121.22637,8.3,78.4666666666667
"2019",37.9191,-122.3772,6.1,65.4333333333333
"2019",37.9442,-122.1178,442,69.1666666666667
"2019",37.95,-121.8844,487.7,72.6666666666667
"2019",37.9566,-122.5447,44.2,68.5666666666667
"2019",37.9567,-119.1194,2071.7,66.3333333333333
"2019",37.9613,-119.783,1179.6,69.7333333333333
"2019",37.9672,-120.3872,510.5,72.95
"2019",37.9747,-119.9161,1452.4,70.9333333333333
"2019",37.9833,-121.7525,18.3,76.05
"2019",37.9906,-122.6447,426.7,69.0333333333333
"2019",37.99165,-122.05268,7,74.7666666666667
"2019",38.0047,-120.4863,292.6,79.6
"2019",38.0131,-122.1142,12.2,72.6333333333333
"2019",38.0281,-122.7022,378,65.5
"2019",38.0394,-122.57,457.2,67.9333333333333
"2019",38.0631,-120.2469,1503.6,72.9666666666667
"2019",38.07,-119.23,2878.8,56.6666666666667
"2019",38.1,-122.1869,103.9,72.9
"2019",38.2075,-122.28041,4.7,66.9333333333333
"2019",38.2577,-122.6077,6.1,67.8333333333333
"2019",38.2719,-119.2892,2026.9,64.8333333333333
"2019",38.2736,-122.0677,12.2,74.1
"2019",38.2769,-120.3113,1431,65.4
"2019",38.2777,-122.2647,10.7,70.6333333333333
"2019",38.28,-119.61,2931.3,54.3
"2019",38.2994,-122.4622,29.6,69.9666666666667
"2019",38.3,-119.55,2194,58.1333333333333
"2019",38.31,-119.6,2690.5,55.0333333333333
"2019",38.3208,-123.0747,19.2,57.6666666666667
"2019",38.3772,-120.8008,483.4,78.25
"2019",38.37753,-121.95854,31.7,76.5333333333333
"2019",38.3894,-120.6511,902.2,77.4
"2019",38.4,-119.54,2838.6,54.9333333333333
"2019",38.4305,-122.8647,61,68.3333333333333
"2019",38.44,-119.37,2814.2,54.6
"2019",38.45579,-122.71335,50.6,70.4666666666667
"2019",38.4786,-122.7119,175.6,68.4666666666667
"2019",38.4883,-120.325,1524,74.7
"2019",38.4916,-122.1241,146.3,75.1333333333333
"2019",38.492,-122.0039,57,78
"2019",38.50369,-122.81101,36.2,68.8
"2019",38.50659,-121.49604,5.9,75.9666666666667
"2019",38.5066,-122.4713,68.6,73.2
"2019",38.51,-119.63,2357.9,55.1333333333333
"2019",38.515,-123.2447,34.1,54.9666666666667
"2019",38.5252,-121.9777,41.1,77.3666666666667
"2019",38.5349,-121.7761,18.3,75.7333333333333
"2019",38.55,-119.8,2671.6,56.1333333333333
"2019",38.5552,-121.4183,11.6,78.6333333333333
"2019",38.5653,-119.4592,1658.1,72.6333333333333
"2019",38.573,-122.4405,522.7,69.8333333333333
"2019",38.57682,-122.57811,106.7,72.4333333333333
"2019",38.5908,-120.9336,275.8,76.5
"2019",38.61,-119.92,2455.8,54.3333333333333
"2019",38.62935,-122.86646,53.9,71.45
"2019",38.67,-119.82,1863.9,63.2333333333333
"2019",38.67,-119.61,2532.9,57.9
"2019",38.68,-119.96,2443.6,57.9
"2019",38.6829,-121.794,20.4,76.1
"2019",38.6833,-119.7667,1676.7,65.9666666666667
"2019",38.69,-119.99,2546,54.7666666666667
"2019",38.70069,-121.59479,7.5,76.3666666666667
"2019",38.72,-119.89,2477.7,52.1666666666667
"2019",38.7333,-120.245,1597.2,65.3
"2019",38.7383,-122.1447,107.9,79.2333333333333
"2019",38.7395,-119.518,1613,70.7666666666667
"2019",38.7583,-120.503,1051.6,70.1
"2019",38.7817,-122.9169,609.6,71.8666666666667
"2019",38.79296,-123.0263,121.9,73.3
"2019",38.8325,-121.0086,365.8,75.3
"2019",38.84,-119.89,2608.2,56.8
"2019",38.85,-120.08,2337.8,59
"2019",38.85,-119.94,2370.1,54.2333333333333
"2019",38.8619,-122.4172,670.6,74.3333333333333
"2019",38.8825,-121.2683,61,78.5333333333333
"2019",38.89838,-119.99617,1907,59.6666666666667
"2019",38.9056,-120.6972,1426.5,73.4
"2019",38.9119,-122.7064,659.3,76.7666666666667
"2019",38.92,-119.92,2615.8,54.0666666666667
"2019",38.93,-120.05,1900.7,57.9
"2019",38.933,-120.8008,914.7,74.6666666666667
"2019",38.9875,-123.3486,196.3,69.0666666666667
"2019",39,-120.13,2343.6,59.7333333333333
"2019",39.0189,-122.4119,635.5,78.2
"2019",39.0308,-123.0806,817.5,74.5
"2019",39.0717,-120.4217,1597.2,68.5
"2019",39.0901,-120.947,723.3,76.5333333333333
"2019",39.0914,-120.7317,1327.4,72.1666666666667
"2019",39.10205,-121.56884,18.9,77.7
"2019",39.1258,-123.0736,975.4,71.7666666666667
"2019",39.12781,-123.20015,183.7,74.4
"2019",39.14,-120.22,2028.4,56.3
"2019",39.1439,-120.5089,2164.1,63.8666666666667
"2019",39.1678,-120.1428,1898.9,59.6666666666667
"2019",39.17,-120.15,2071.7,59.8
"2019",39.1836,-120.8847,861.4,73.9333333333333
"2019",39.1875,-122.0269,15.2,76.8666666666667
"2019",39.19,-120.26,2447.2,57.1666666666667
"2019",39.2041,-121.068,731.5,72
"2019",39.2083,-122.8083,1475.2,69.5
"2019",39.2466,-121.0008,847.6,71.9333333333333
"2019",39.27617,-120.70927,1611.2,67.4
"2019",39.3,-120.18,1983.9,62.1
"2019",39.3036,-121.1172,599.8,77.1
"2019",39.3167,-120.8375,1316.7,72.5666666666667
"2019",39.318,-120.145,1798.3,60.4333333333333
"2019",39.33,-120.37,2089.4,59.3333333333333
"2019",39.3528,-123.6011,180.7,66.1333333333333
"2019",39.3619,-123.1286,310.3,73.7
"2019",39.3669,-122.575,365.8,76.5333333333333
"2019",39.3886,-120.0936,1699.3,60.4
"2019",39.3975,-121.3861,244.8,77.7
"2019",39.4172,-122.1825,36.6,77.8
"2019",39.425,-122.9772,540.4,71.5333333333333
"2019",39.43,-120.31,2545.7,58
"2019",39.45,-120.29,2134.5,57.1666666666667
"2019",39.475,-121.2025,1132,73
"2019",39.4833,-120.075,2093.1,61.9333333333333
"2019",39.49,-120.28,1967.8,57.1666666666667
"2019",39.4943,-121.62226,56.9,79.7666666666667
"2019",39.51,-123.75639,37.5,60.8
"2019",39.5177,-121.553,52.1,79.1
"2019",39.5214,-120.0269,1654.8,66
"2019",39.52316,-122.3048,71.3,78.9333333333333
"2019",39.53194,-121.1611,1130.8,66.5333333333333
"2019",39.5619,-120.0478,1821.5,63.7333333333333
"2019",39.5633,-120.8238,888.5,68.6
"2019",39.5861,-122.5341,243.8,77.1333333333333
"2019",39.6375,-120.8653,2033,65.0666666666667
"2019",39.6514,-122.7236,1310.6,71.5333333333333
"2019",39.6681,-123.3211,740.1,69.6666666666667
"2019",39.7022,-123.485,554.7,71.2333333333333
"2019",39.7358,-121.4889,759,76.6666666666667
"2019",39.7458,-122.1997,77.4,78.9666666666667
"2019",39.8053,-120.4719,1478.3,63.3
"2019",39.8056,-120.1858,1508.8,62.2
"2019",39.8075,-122.945,1652,66.7333333333333
"2019",39.8333,-123.0833,457.2,74
"2019",39.8644,-122.6097,317,82.5666666666667
"2019",39.8716,-121.6108,826,72.9333333333333
"2019",39.8717,-121.7689,528.2,79.7666666666667
"2019",39.9278,-122.6569,1131.7,73.9
"2019",39.9366,-120.9475,1042.4,66.2
"2019",39.9389,-122.1697,89.6,80.1
"2019",39.9733,-120.9419,1066.8,68.9
"2019",40.0017,-120.915,1377.7,70.9
"2019",40.0222,-120.1056,1292.4,70.2333333333333
"2019",40.0686,-121.5825,1466.7,70.7666666666667
"2019",40.1383,-123.8236,135.9,68.5
"2019",40.1417,-120.3533,1767.8,68.5333333333333
"2019",40.15186,-122.25478,108,81.2333333333333
"2019",40.1867,-123.5903,281.3,69.6666666666667
"2019",40.2461,-120.6422,1737.4,65.2666666666667
"2019",40.2506,-123.3158,832.7,67.2333333333333
"2019",40.2569,-124.2661,899.2,63
"2019",40.295,-122.8667,1066.8,73.4333333333333
"2019",40.30209,-121.24391,1387.1,64.2
"2019",40.3067,-120.9,1767.8,65.5333333333333
"2019",40.3375,-123.0656,1378.8,69.0666666666667
"2019",40.3442,-121.7136,1267.7,73.7666666666667
"2019",40.3458,-121.6091,1485.9,60.2333333333333
"2019",40.3983,-122.8333,579.1,77.3
"2019",40.4167,-120.6631,1283.8,67.4
"2019",40.4633,-123.5239,845.8,66.6
"2019",40.4808,-120.1139,1339.6,66.0333333333333
"2019",40.4833,-124.1038,41.5,63.1333333333333
"2019",40.505,-123.3417,1219.2,67.9333333333333
"2019",40.51462,-122.29773,152.6,81.8666666666667
"2019",40.5158,-122.2906,152.4,81.0333333333333
"2019",40.54,-121.5803,1725.2,60.2666666666667
"2019",40.55,-123.165,708.1,69.0333333333333
"2019",40.5981,-121.0831,1722.1,58.4333333333333
"2019",40.6116,-122.528,394.7,80.9666666666667
"2019",40.6194,-121.8994,736.7,76.2
"2019",40.6306,-120.5028,1554.5,65.1
"2019",40.6507,-122.6068,432.2,79
"2019",40.7141,-122.4161,327.7,81.4333333333333
"2019",40.7219,-123.4953,792.5,70.0666666666667
"2019",40.7263,-122.7947,567.2,72.8333333333333
"2019",40.7308,-120.3164,1614.8,65.4333333333333
"2019",40.7333,-123.2333,457.2,76.9
"2019",40.73529,-122.9441,627.3,68.8
"2019",40.7586,-120.8961,1889.8,61.5333333333333
"2019",40.7817,-120.7844,1877,62.5
"2019",40.7864,-122.8045,1008.3,71.7333333333333
"2019",40.8072,-121.2967,1752.6,65.8666666666667
"2019",40.8097,-124.1602,6.1,59.4
"2019",40.8892,-123.1422,1432.6,70.4666666666667
"2019",40.9167,-122.4383,1280.2,75.4666666666667
"2019",40.9258,-121.5856,1130.8,71.3666666666667
"2019",40.9316,-121.5433,919,66.6333333333333
"2019",40.97844,-124.10479,64.5,58.7
"2019",41.0064,-121.9833,518.2,75.6333333333333
"2019",41.0478,-123.6714,114.3,71.6
"2019",41.0547,-120.3375,1711.5,62.8333333333333
"2019",41.075,-122.3733,731.5,75.9
"2019",41.0975,-123.6358,1088.1,66.9
"2019",41.1117,-122.6967,1341.1,75.4
"2019",41.1383,-123.9056,804.7,62.3333333333333
"2019",41.1831,-122.28167,661.1,69.8
"2019",41.24,-120.79,1886.7,56.5666666666667
"2019",41.2694,-123.1875,1815.4,66.2
"2019",41.2706,-120.29845,1621.2,61.65
"2019",41.2769,-121.9794,975.4,62.2666666666667
"2019",41.2897,-123.8575,150.9,69.9
"2019",41.2944,-120.8639,1463,67.4333333333333
"2019",41.295,-120.3133,1889.8,62.2333333333333
"2019",41.3003,-123.1322,668.1,72.9
"2019",41.3075,-122.7958,955.9,70.8
"2019",41.314893,-122.317127,1083,66.65
"2019",41.3156,-122.3156,0,67.3666666666667
"2019",41.3322,-120.4725,1332.6,65.7666666666667
"2019",41.39,-123.4958,280.4,74.3666666666667
"2019",41.4272,-121.4639,1602.6,67.2666666666667
"2019",41.4789,-122.4539,893.1,70.7333333333333
"2019",41.48362,-120.5615,1335.9,64.8333333333333
"2019",41.53,-120.6714,1530.7,66.7
"2019",41.58,-120.3,2142.7,60.6
"2019",41.5992,-122.9336,1287.8,71.4666666666667
"2019",41.6294,-121.2981,1511.8,67.2
"2019",41.6431,-121.7939,1502.1,66
"2019",41.6853,-122.5942,914.4,72.7
"2019",41.70237,-122.64169,826.6,71.4
"2019",41.71171,-121.5067,1455.4,64.1
"2019",41.7358,-123.7917,1615.4,63.4
"2019",41.7417,-121.5383,1453.9,66.5666666666667
"2019",41.77373,-122.46825,806.1,71.2666666666667
"2019",41.775,-122.9503,1674.3,65
"2019",41.78361,-124.23796,17,58.0333333333333
"2019",41.7861,-122.0056,1645.9,66.4333333333333
"2019",41.8386,-122.85,591.3,71.6
"2019",41.8586,-123.3525,1423.4,67.7666666666667
"2019",41.8715,-120.1574,1444.4,65.55
"2019",41.89,-120.75,1575.8,60.1
"2019",41.95999,-121.47449,1230.8,63.8666666666667
"2019",41.97983,-122.33811,812.3,71.8666666666667
"2019",41.99,-120.72,1731.3,61.3333333333333
"2019",41.99,-120.18,2243.3,55.0666666666667
"2019",41.9919,-123.6036,1210.1,64.9
"2019",41.9992,-121.7003,1249.1,63.8333333333333
"2020",32.57583,-116.99391,158.9,70.8666666666667
"2020",32.6058,-116.6089,714.8,72
"2020",32.6261,-116.4681,805,71.6333333333333
"2020",32.6263,-116.4699,801.6,71.3
"2020",32.64,-117.0858,17.1,70.1
"2020",32.685,-116.9736,129.5,71.8666666666667
"2020",32.69219,-117.20983,4.4,71
"2020",32.7214,-116.4631,1049.4,70.0666666666667
"2020",32.7336,-117.1831,4.6,71.0333333333333
"2020",32.7397,-114.8839,66.1,93.9666666666667
"2020",32.76536,-117.2315,4.3,69.2333333333333
"2020",32.76654,-115.56638,-9.1,92.5666666666667
"2020",32.8005,-116.928,150.9,75.2333333333333
"2020",32.81453,-117.13747,127.5,73.2333333333333
"2020",32.83241,-115.66377,-14.1,89.7
"2020",32.8336,-116.7392,622.1,75.3666666666667
"2020",32.83464,-115.57656,-16.8,92.2666666666667
"2020",32.8358,-116.7774,516.6,74.5666666666667
"2020",32.8488,-115.5666,-19.5,90.95
"2020",32.8569,-116.6222,1060.7,71.9333333333333
"2020",32.8672,-116.4194,1804.4,71.2
"2020",32.8797,-116.4203,1755.6,67.1666666666667
"2020",32.9083,-114.4944,91.4,95.2333333333333
"2020",32.9736,-115.1736,84.7,95.4666666666667
"2020",32.9897,-116.5872,1414.3,68.8666666666667
"2020",32.9903,-116.0669,231.6,95.9666666666667
"2020",33.0164,-116.6339,0,71.8333333333333
"2020",33.0216,-117.0813,210.3,72.0333333333333
"2020",33.03801,-116.915979,422,71.8
"2020",33.0736,-116.8458,466.3,73.9
"2020",33.0758,-116.5908,1292.4,72.0333333333333
"2020",33.0763,-116.5925,1284.7,72.3333333333333
"2020",33.121,-117.09,182.9,76.4666666666667
"2020",33.12993,-117.27651,95.3,69.3
"2020",33.1552,-116.1688,118.9,96.3333333333333
"2020",33.2097,-117.395,3,67.6
"2020",33.21946,-117.34962,9.1,69.6666666666667
"2020",33.22157,-117.03817,393.2,74.1333333333333
"2020",33.2222,-116.4975,1345.7,77.0666666666667
"2020",33.2354,-117.2322,131.1,71.2
"2020",33.2372,-117.0086,452,73.5
"2020",33.2372,-116.7614,823,70.7666666666667
"2020",33.2559,-116.4036,246.9,91.5666666666667
"2020",33.378,-116.84,1691.6,72.5333333333333
"2020",33.3933,-116.795,838.8,71.6
"2020",33.40419,-118.41456,477,68.5666666666667
"2020",33.4392,-117.1904,347.5,73.6333333333333
"2020",33.445,-117.4181,707.1,72.3
"2020",33.4833,-119.0333,53.6,64.3333333333333
"2020",33.5286,-117.2306,603.5,73.0666666666667
"2020",33.5417,-117.5917,213.4,72.2
"2020",33.555,-116.673,1194.8,71.9666666666667
"2020",33.6031,-117.8836,3,68.6333333333333
"2020",33.61876,-114.71451,120.4,94.6
"2020",33.63166,-116.16412,-36,92.4666666666667
"2020",33.6472,-117.4111,926,76.9666666666667
"2020",33.6617,-115.7206,520,88.2666666666667
"2020",33.6667,-116.7667,1499.6,73.1666666666667
"2020",33.67975,-117.86746,13,72.9666666666667
"2020",33.686,-117.3458,386.5,78.0333333333333
"2020",33.7044,-115.6289,417.6,90.3666666666667
"2020",33.7086,-116.2152,-6.4,94.3666666666667
"2020",33.72,-117.723,164.6,74.8666666666667
"2020",33.7381,-116.8939,552,79.1333333333333
"2020",33.7403,-116.8414,594.4,78
"2020",33.7442,-117.8667,41.1,74.5666666666667
"2020",33.7572,-116.7066,1639.8,69.6666666666667
"2020",33.7965,-116.9753,464.8,79.0333333333333
"2020",33.8016,-118.3419,27.4,69.2333333333333
"2020",33.8081,-117.7111,542.8,73.9
"2020",33.81177,-118.14718,10.2,72.8
"2020",33.82216,-116.50433,124.7,93.6333333333333
"2020",33.8342,-118.3759,43.3,68.8
"2020",33.8647,-117.8425,70.7,76.2666666666667
"2020",33.87154,-117.98561,26.3,75.8666666666667
"2020",33.8767,-117.3089,524.3,77.4
"2020",33.89765,-117.60243,162.5,74.05
"2020",33.9,-117.25,468.2,75.8
"2020",33.92353,-118.33291,16.6,70.4666666666667
"2020",33.9306,-116.95,793.7,75.8666666666667
"2020",33.93816,-118.3866,29.7,68.8666666666667
"2020",33.95282,-117.43523,257.7,78.2
"2020",33.97563,-117.62487,193.9,79.5333333333333
"2020",33.9778,-120.0778,395.6,61.8666666666667
"2020",33.9839,-118.01,289.6,74.4
"2020",33.9958,-119.7222,76.2,68.7
"2020",34.005,-118.4139,28,70.4333333333333
"2020",34.0178,-116.1878,1280.2,77.7333333333333
"2020",34.02099,-118.44712,53.3,68.2666666666667
"2020",34.0456,-118.9358,15.2,66.6666666666667
"2020",34.05314,-117.57689,281.6,78.7333333333333
"2020",34.0583,-118.6333,480.1,71.5333333333333
"2020",34.0608,-114.7322,249.9,93.8
"2020",34.0678,-118.2417,115.2,73.4
"2020",34.0697,-118.4427,131.1,70.2
"2020",34.0836,-117.0347,899.2,75.9
"2020",34.1208,-117.9458,152.4,76.6
"2020",34.1233,-116.4078,993.6,81.1
"2020",34.12407,-119.12281,3.8,65.7
"2020",34.125,-118.4122,384,74.8
"2020",34.128,-116.0369,602,89.6666666666667
"2020",34.1294,-116.3879,990.3,80.0666666666667
"2020",34.1369,-117.7069,501.4,74.5
"2020",34.1471,-116.2747,781.2,84.5
"2020",34.1472,-115.1219,281,95.4666666666667
"2020",34.1483,-118.1447,263.3,76.2333333333333
"2020",34.1547,-114.2908,128,92.8
"2020",34.1819,-118.5744,240.8,77.1666666666667
"2020",34.1847,-118.7172,502.9,76.5666666666667
"2020",34.1866,-118.348,199.6,73.7
"2020",34.1942,-116.9131,1712.4,67.9333333333333
"2020",34.19966,-118.36543,222.7,75.2666666666667
"2020",34.20012,-119.20417,11.9,65.1333333333333
"2020",34.2066,-119.1375,15.8,68.4666666666667
"2020",34.2069,-117.7606,792.5,74.3333333333333
"2020",34.2103,-116.6339,1828.8,75.6333333333333
"2020",34.21142,-119.08762,21.6,70
"2020",34.21214,-118.49146,239.2,78.5
"2020",34.2182,-116.4073,1050,82.8333333333333
"2020",34.2339,-117.4803,851,74
"2020",34.243,-116.917,2058.3,63.5666666666667
"2020",34.2661,-116.8989,2103.1,62.5333333333333
"2020",34.2711,-118.1525,914.4,75.1333333333333
"2020",34.28964,-114.17137,224.9,95.4
"2020",34.2936,-118.3608,423.7,73.7
"2020",34.3175,-117.5019,1005.8,72.7666666666667
"2020",34.3194,-117.0131,2091.2,65.8666666666667
"2020",34.3317,-118.0303,1661.2,73.5333333333333
"2020",34.3591,-116.5378,965.3,81.95
"2020",34.3617,-118.4217,1219.2,72.9
"2020",34.3717,-118.8408,501.4,74.9333333333333
"2020",34.3789,-117.6919,2108.3,68.2666666666667
"2020",34.3903,-118.0825,1530.4,72.3333333333333
"2020",34.3906,-116.5169,883.9,84.3666666666667
"2020",34.4141,-119.8796,5.5,64.2333333333333
"2020",34.4167,-119.6844,4.9,68.6
"2020",34.4206,-117.2661,931.2,79.5
"2020",34.4241,-119.84249,2.5,65.7
"2020",34.425,-118.525,442,75.8333333333333
"2020",34.4311,-118.6828,389.5,76.3666666666667
"2020",34.4456,-117.8511,1152.1,76.1333333333333
"2020",34.4458,-118.2,792.5,75.8666666666667
"2020",34.4477,-119.2275,227.1,70.7666666666667
"2020",34.4614,-119.6481,457.2,69.4333333333333
"2020",34.4806,-118.7556,347.5,74.6666666666667
"2020",34.5025,-117.8969,945.2,80.7333333333333
"2020",34.52527,-117.29638,850.1,79.9
"2020",34.5358,-119.7833,310.9,73.7
"2020",34.5431,-119.1842,1015.3,67.0666666666667
"2020",34.5686,-118.7403,1255.8,74.7666666666667
"2020",34.58223,-119.98159,240.5,72.2333333333333
"2020",34.5958,-118.5786,1502.7,75.9666666666667
"2020",34.62944,-118.08309,764.7,80.7
"2020",34.6344,-117.5503,877.8,79.1666666666667
"2020",34.6538,-120.4513,22.9,64
"2020",34.66667,-120.46667,26.8,63.1333333333333
"2020",34.6819,-119.3539,1118.6,74.4333333333333
"2020",34.6847,-117.8208,789.4,79
"2020",34.705,-118.4297,932.7,78.4
"2020",34.7325,-118.3833,841.2,80.2666666666667
"2020",34.7331,-120.0067,975.4,75.0333333333333
"2020",34.74121,-118.21255,712.6,80.5666666666667
"2020",34.74361,-118.72528,1374.6,74.3
"2020",34.7586,-120.4861,320,63.0333333333333
"2020",34.76783,-114.61842,270.6,96.9
"2020",34.8083,-119.0125,1493.5,64.3333333333333
"2020",34.85371,-116.78702,584.8,88.4666666666667
"2020",34.8927,-117.0219,676.7,84.9666666666667
"2020",34.89403,-120.45216,74.2,64.8
"2020",34.9455,-119.6827,658.4,75.7
"2020",34.988,-120.3211,177.4,67.2666666666667
"2020",35.0233,-118.7497,434.3,82.8
"2020",35.0964,-119.7728,759,78.9
"2020",35.1011,-118.4222,1286.3,66.7
"2020",35.1231,-115.4114,1649.9,76.1
"2020",35.1542,-117.1756,987.6,82.4333333333333
"2020",35.1889,-120.0833,1149.1,75.1333333333333
"2020",35.23815,-120.64406,55.8,67.2666666666667
"2020",35.3056,-120.6619,93.9,67.2
"2020",35.37,-117.5683,1103.4,81.8333333333333
"2020",35.3811,-120.1875,496.8,73.1333333333333
"2020",35.3836,-118.4122,1290.8,71.7666666666667
"2020",35.4028,-119.47,68.6,81.2
"2020",35.4186,-119.0508,143.3,82.2666666666667
"2020",35.43424,-119.05524,149.3,83.9333333333333
"2020",35.4783,-117.6989,1338.1,80.7666666666667
"2020",35.5317,-118.6303,718.1,79.5666666666667
"2020",35.6277,-120.6855,222.5,71.6666666666667
"2020",35.6466,-118.3608,808.9,81
"2020",35.6564,-120.9242,303,70.8666666666667
"2020",35.6647,-118.0569,1698.3,75.2666666666667
"2020",35.66936,-120.62918,249.8,73.3
"2020",35.6841,-121.1683,465.1,67.1333333333333
"2020",35.686254,-117.690911,680,84.1
"2020",35.7217,-118.4989,960.1,77.2666666666667
"2020",35.7269,-118.7006,957.1,73.4
"2020",35.7636,-117.3908,516.6,88.2666666666667
"2020",35.7706,-115.9092,1524,80.9333333333333
"2020",35.8644,-120.8031,163.7,74.7333333333333
"2020",35.8717,-117.9183,1264.9,84.6666666666667
"2020",35.8842,-118.0517,2507.9,64.8333333333333
"2020",35.8889,-118.6333,1133.9,73.8333333333333
"2020",35.8922,-118.915,64,80.1666666666667
"2020",35.8989,-120.4319,467.9,74.3333333333333
"2020",35.9717,-118.545,1432.6,66.7
"2020",36.0067,-119.96,73.2,81.4333333333333
"2020",36.0117,-121.2417,335.3,74
"2020",36.0333,-120.0569,246.9,83.3333333333333
"2020",36.0931,-118.2603,2499.4,61.1666666666667
"2020",36.0975,-119.5817,61,79.2
"2020",36.1753,-118.7017,987.6,78.0333333333333
"2020",36.2032,-119.0545,132.6,82.05
"2020",36.2069,-121.1377,97.5,70
"2020",36.23,-121.4917,298.7,73.2
"2020",36.2314,-118.8689,586.1,82.2333333333333
"2020",36.2356,-121.785,137.2,64.8333333333333
"2020",36.2472,-121.7802,61,66.15
"2020",36.3114,-119.62319,76,80.5333333333333
"2020",36.3158,-119.637,72.2,81.4333333333333
"2020",36.32833,-119.2997,92.4,80.45
"2020",36.33333,-119.95,70.7,80.6
"2020",36.3478,-120.5978,1524,71.3666666666667
"2020",36.3642,-120.1561,86.9,81.1333333333333
"2020",36.3817,-119.0264,156.4,80.9333333333333
"2020",36.3825,-120.8558,1137.8,75
"2020",36.3886,-121.5517,574.5,69.8
"2020",36.4108,-118.8092,1966,66.9666666666667
"2020",36.445,-118.7033,1597.2,74.1
"2020",36.46263,-116.8672,-59.1,102.666666666667
"2020",36.465,-118.8619,347.5,82.1
"2020",36.4708,-121.1472,402.9,74.5
"2020",36.4805,-121.7244,146.3,66.6666666666667
"2020",36.4819,-121.1822,398.4,71.6
"2020",36.4914,-118.8253,520.6,85
"2020",36.5625,-117.4736,2097,69.6666666666667
"2020",36.5672,-118.9556,1240.2,76.3
"2020",36.59041,-121.84881,48.8,62.95
"2020",36.602,-117.1449,25.6,100.433333333333
"2020",36.6044,-118.7325,2052.8,59.7333333333333
"2020",36.66352,-121.60928,22.3,65.7666666666667
"2020",36.6853,-119,1237.5,74.4666666666667
"2020",36.7242,-118.9425,2298.2,64.6666666666667
"2020",36.7269,-120.7658,619.4,80.5666666666667
"2020",36.7672,-119.7092,103,82.45
"2020",36.77999,-119.72016,101.9,83.4333333333333
"2020",36.7878,-118.6561,1438.7,68.6
"2020",36.8422,-121.3622,123.1,68.8666666666667
"2020",36.8425,-118.2594,1479.8,80.3666666666667
"2020",36.8483,-121.4213,83.8,66.3
"2020",36.8839,-119.4658,280.4,84.1666666666667
"2020",36.9092,-119.0883,528.8,80.4
"2020",36.9111,-119.305,469.4,81.2666666666667
"2020",36.9308,-121.7691,29,63.2333333333333
"2020",36.93936,-121.79001,49.5,62.55
"2020",36.9539,-120.0378,82.3,81.95
"2020",36.9614,-119.175,1538.6,75.1333333333333
"2020",36.98505,-120.11068,76.6,78.4
"2020",36.98785,-121.99952,21.3,68.6
"2020",36.9911,-121.7978,137.2,66.0666666666667
"2020",36.99574,-119.70691,131.1,80.4666666666667
"2020",37.0153,-119.5678,366.1,77.1666666666667
"2020",37.0544,-119.3711,1249.7,75.6666666666667
"2020",37.0547,-121.0531,106.7,78.6666666666667
"2020",37.0563,-120.8666,36.6,78.8
"2020",37.0664,-119.0394,1727.6,61.9666666666667
"2020",37.08689,-122.08221,132.6,70.9333333333333
"2020",37.1317,-122.17,801.6,70.8333333333333
"2020",37.135,-119.2561,1751.4,65.65
"2020",37.1822,-120.7939,19.8,76.8666666666667
"2020",37.2028,-121.9428,609.6,72.0333333333333
"2020",37.2319,-119.5083,963.2,78.2333333333333
"2020",37.2331,-119.5047,829.1,78.9333333333333
"2020",37.2381,-120.8825,23.8,74.4333333333333
"2020",37.2811,-121.0177,27.4,81.4333333333333
"2020",37.28597,-120.51788,46.5,78.9666666666667
"2020",37.2888,-120.5158,46.9,77.6666666666667
"2020",37.3053,-122.255,265.8,64.9333333333333
"2020",37.3133,-122.185,691.9,69.4333333333333
"2020",37.3147,-119.0383,2256.4,64.8
"2020",37.3292,-121.2939,563.9,77.2666666666667
"2020",37.34336,-121.63473,1286.3,70.1
"2020",37.353,-120.1623,128,82.0666666666667
"2020",37.3581,-122.1472,196.6,70.8
"2020",37.35938,-121.92444,15,71.2
"2020",37.37114,-118.35886,1252.8,77.3
"2020",37.39,-118.5506,1414.3,79.7
"2020",37.4094,-119.7681,937.9,81.4666666666667
"2020",37.4431,-121.7706,629.7,72.1
"2020",37.4681,-120.1106,365.8,81
"2020",37.4725,-122.4433,8.2,59.3666666666667
"2020",37.475,-122.2981,196.3,68.9
"2020",37.4767,-122.2386,9.4,69.8
"2020",37.5019,-121.7355,932.7,71.6666666666667
"2020",37.50193,-120.84566,31.4,78.2666666666667
"2020",37.5042,-119.9869,680,76.7333333333333
"2020",37.5122,-119.6331,1538.3,62.8
"2020",37.5147,-122.0325,3,68.4666666666667
"2020",37.5422,-122.0158,11.6,67.2666666666667
"2020",37.5436,-119.8386,1188.7,74.0666666666667
"2020",37.5514,-118.6672,2145.8,66.1333333333333
"2020",37.5531,-121.8439,374.9,67.8
"2020",37.5625,-122.4364,327.7,61.9333333333333
"2020",37.61962,-122.36562,3.2,65.1333333333333
"2020",37.62544,-120.95492,26.5,79.3333333333333
"2020",37.65886,-122.12116,9.6,68.4
"2020",37.6819,-121.3466,41.1,75.7
"2020",37.69309,-121.8149,119.7,73.6
"2020",37.7178,-122.23301,1.5,67.3
"2020",37.745,-118.9833,2316.5,59.5666666666667
"2020",37.75027,-119.58972,1224.7,76.4
"2020",37.7592,-119.8208,2017.8,66.3
"2020",37.7617,-119.8247,2025.1,67.3666666666667
"2020",37.7705,-122.4269,45.7,61.6333333333333
"2020",37.7861,-122.1447,333.8,65.4333333333333
"2020",37.79589,-121.58319,18.6,79.2
"2020",37.7983,-122.2642,9.1,65.6666666666667
"2020",37.8172,-121.7789,621.8,75.7666666666667
"2020",37.8331,-120.5,310.9,79.0666666666667
"2020",37.8339,-122.0669,536.4,71.7333333333333
"2020",37.8431,-118.4778,1661.2,72.2
"2020",37.8444,-120.2258,853.4,73.1333333333333
"2020",37.8511,-119.65,2446,58.5666666666667
"2020",37.865,-122.2208,427.6,64.3
"2020",37.8744,-122.2605,94.5,65.8666666666667
"2020",37.8769,-119.3436,2649.9,54.3
"2020",37.8792,-121.9303,661.4,71.7666666666667
"2020",37.88997,-121.22637,8.3,78.7
"2020",37.9191,-122.3772,6.1,65.3666666666667
"2020",37.9442,-122.1178,442,70.0333333333333
"2020",37.95,-121.8844,487.7,73.7666666666667
"2020",37.9566,-122.5447,44.2,69.0333333333333
"2020",37.9567,-119.1194,2071.7,66.4666666666667
"2020",37.9613,-119.783,1179.6,71.0666666666667
"2020",37.9672,-120.3872,510.5,74
"2020",37.9747,-119.9161,1452.4,72.4333333333333
"2020",37.9833,-121.7525,18.3,76.4333333333333
"2020",37.9906,-122.6447,426.7,69.2
"2020",37.99165,-122.05268,7,74.7333333333333
"2020",38.0047,-120.4863,292.6,80.4
"2020",38.0281,-122.7022,378,65.6333333333333
"2020",38.0394,-122.57,457.2,68.6
"2020",38.0631,-120.2469,1503.6,73.8666666666667
"2020",38.07,-119.23,2878.8,58.5333333333333
"2020",38.1,-122.1869,103.9,71.7333333333333
"2020",38.2075,-122.28041,4.7,67.8333333333333
"2020",38.2119,-119.0142,2551.2,56.4
"2020",38.2577,-122.6077,6.1,67.7666666666667
"2020",38.2719,-119.2892,2026.9,65.4333333333333
"2020",38.2736,-122.0677,12.2,75.1333333333333
"2020",38.2769,-120.3113,1431,67.3
"2020",38.2777,-122.2647,10.7,70.7
"2020",38.28,-119.61,2931.3,55.8666666666667
"2020",38.2994,-122.4622,29.6,69.85
"2020",38.3,-119.55,2194,59.8666666666667
"2020",38.31,-119.6,2690.5,57.2
"2020",38.3208,-123.0747,19.2,57.3666666666667
"2020",38.3772,-120.8008,483.4,77.3666666666667
"2020",38.37753,-121.95854,31.7,77.3666666666667
"2020",38.3858,-122.9661,263.7,65.7
"2020",38.3894,-120.6511,902.2,78.1666666666667
"2020",38.4,-119.54,2838.6,56.5
"2020",38.4305,-122.8647,61,69.0333333333333
"2020",38.44,-119.37,2814.2,56.0666666666667
"2020",38.45579,-122.71335,50.6,70.3
"2020",38.4786,-122.7119,175.6,68.4
"2020",38.4883,-120.325,1524,73.4
"2020",38.4916,-122.1241,146.3,74.95
"2020",38.492,-122.0039,57,78.5666666666667
"2020",38.50369,-122.81101,36.2,68.6666666666667
"2020",38.50659,-121.49604,5.9,76.8333333333333
"2020",38.5066,-122.4713,68.6,73.6
"2020",38.51,-119.63,2357.9,56.5666666666667
"2020",38.515,-123.2447,34.1,51.5
"2020",38.5252,-121.9777,41.1,77.2666666666667
"2020",38.5349,-121.7761,18.3,76.5333333333333
"2020",38.55,-119.8,2671.6,57.6
"2020",38.5552,-121.4183,11.6,79.2666666666667
"2020",38.5653,-119.4592,1658.1,73.6
"2020",38.573,-122.4405,522.7,65.8333333333333
"2020",38.57682,-122.57811,106.7,72.1666666666667
"2020",38.5908,-120.9336,275.8,77.5
"2020",38.61,-119.92,2455.8,57.2666666666667
"2020",38.62935,-122.86646,53.9,71.6666666666667
"2020",38.67,-119.82,1863.9,64.4
"2020",38.67,-119.61,2532.9,59
"2020",38.68,-119.96,2443.6,59.7333333333333
"2020",38.6829,-121.794,20.4,77
"2020",38.6833,-119.7667,1676.7,66.7666666666667
"2020",38.69,-119.99,2546,56.5666666666667
"2020",38.70069,-121.59479,7.5,76.9666666666667
"2020",38.72,-119.89,2477.7,53.5333333333333
"2020",38.7333,-120.245,1597.2,66.5
"2020",38.7383,-122.1447,107.9,79.9
"2020",38.7395,-119.518,1613,72.0666666666667
"2020",38.7583,-120.503,1051.6,71.3666666666667
"2020",38.7817,-122.9169,609.6,72
"2020",38.79296,-123.0263,121.9,72.1333333333333
"2020",38.8325,-121.0086,365.8,76.3
"2020",38.84,-119.89,2608.2,58.5333333333333
"2020",38.85,-120.08,2337.8,60.4333333333333
"2020",38.85,-119.94,2370.1,55.5666666666667
"2020",38.8619,-122.4172,670.6,75.7333333333333
"2020",38.8825,-121.2683,61,79.3333333333333
"2020",38.89838,-119.99617,1907,60.5
"2020",38.9056,-120.6972,1426.5,74.8666666666667
"2020",38.9119,-122.7064,659.3,77.8333333333333
"2020",38.92,-119.92,2615.8,55.7333333333333
"2020",38.93,-120.05,1900.7,58.7666666666667
"2020",38.9875,-123.3486,196.3,69.4666666666667
"2020",39,-120.13,2343.6,61.6666666666667
"2020",39.0189,-122.4119,635.5,79.7666666666667
"2020",39.0308,-123.0806,817.5,75
"2020",39.06,-120.1292,1924.8,60.7333333333333
"2020",39.0717,-120.4217,1597.2,69.4333333333333
"2020",39.0901,-120.947,723.3,74.7333333333333
"2020",39.0914,-120.7317,1327.4,73.0333333333333
"2020",39.10205,-121.56884,18.9,78.3666666666667
"2020",39.1258,-123.0736,975.4,73.1
"2020",39.12781,-123.20015,183.7,75.2333333333333
"2020",39.14,-120.22,2028.4,58.2333333333333
"2020",39.1439,-120.5089,2164.1,65
"2020",39.1678,-120.1428,1898.9,60.4
"2020",39.17,-120.15,2071.7,61.7333333333333
"2020",39.1836,-120.8847,861.4,75.2666666666667
"2020",39.1875,-122.0269,15.2,73.6
"2020",39.19,-120.26,2447.2,58.7333333333333
"2020",39.2041,-121.068,731.5,72.8
"2020",39.2083,-122.8083,1475.2,70.7333333333333
"2020",39.27617,-120.70927,1611.2,68.4
"2020",39.3,-120.18,1983.9,63.9333333333333
"2020",39.3036,-121.1172,599.8,78.4666666666667
"2020",39.3167,-120.8375,1316.7,73.6666666666667
"2020",39.318,-120.145,1798.3,61.7
"2020",39.33,-120.37,2089.4,60.7
"2020",39.3528,-123.6011,180.7,65.1333333333333
"2020",39.3619,-123.1286,310.3,74.5666666666667
"2020",39.3669,-122.575,365.8,78.8
"2020",39.3886,-120.0936,1699.3,61.7
"2020",39.3975,-121.3861,244.8,78.7
"2020",39.4172,-122.1825,36.6,77.8666666666667
"2020",39.425,-122.9772,540.4,72.4666666666667
"2020",39.43,-120.31,2545.7,59.9333333333333
"2020",39.45,-120.29,2134.5,58.6
"2020",39.4539,-120.6556,1641.3,70.1
"2020",39.475,-121.2025,1132,73.9
"2020",39.4833,-120.075,2093.1,63
"2020",39.49,-120.28,1967.8,58.4666666666667
"2020",39.4943,-121.62226,56.9,81.3666666666667
"2020",39.51,-123.75639,37.5,60.9
"2020",39.5177,-121.553,52.1,78.8
"2020",39.5214,-120.0269,1654.8,67.4333333333333
"2020",39.52316,-122.3048,71.3,79.3333333333333
"2020",39.53194,-121.1611,1130.8,67.3666666666667
"2020",39.5619,-120.0478,1821.5,64.9333333333333
"2020",39.5633,-120.8238,888.5,69.7333333333333
"2020",39.5861,-122.5341,243.8,78.1333333333333
"2020",39.6375,-120.8653,2033,66.3333333333333
"2020",39.6514,-122.7236,1310.6,73.2
"2020",39.6681,-123.3211,740.1,71.4666666666667
"2020",39.7022,-123.485,554.7,71.7666666666667
"2020",39.7358,-121.4889,759,77.0666666666667
"2020",39.7458,-122.1997,77.4,79.9333333333333
"2020",39.8053,-120.4719,1478.3,64.3333333333333
"2020",39.8075,-122.945,1652,67.4333333333333
"2020",39.8333,-123.0833,457.2,75.5
"2020",39.8644,-122.6097,317,82.9
"2020",39.8717,-121.7689,528.2,80.5666666666667
"2020",39.9278,-122.6569,1131.7,75.2666666666667
"2020",39.9366,-120.9475,1042.4,67.7
"2020",39.9389,-122.1697,89.6,80.7
"2020",39.9733,-120.9419,1066.8,70.1
"2020",40.0017,-120.915,1377.7,71.8333333333333
"2020",40.0222,-120.1056,1292.4,71.9
"2020",40.0686,-121.5825,1466.7,71.7333333333333
"2020",40.1383,-123.8236,135.9,68.8333333333333
"2020",40.1417,-120.3533,1767.8,70.0333333333333
"2020",40.15186,-122.25478,108,82.1666666666667
"2020",40.1705,-121.0886,1389.9,62.9
"2020",40.1867,-123.5903,281.3,70.5
"2020",40.2461,-120.6422,1737.4,66.7666666666667
"2020",40.2506,-123.3158,832.7,67.9666666666667
"2020",40.2569,-124.2661,899.2,65.2333333333333
"2020",40.295,-122.8667,1066.8,74.6666666666667
"2020",40.30209,-121.24391,1387.1,65.2
"2020",40.3067,-120.9,1767.8,71.05
"2020",40.3375,-123.0656,1378.8,70.7333333333333
"2020",40.3442,-121.7136,1267.7,74.9
"2020",40.3983,-122.8333,579.1,78.5333333333333
"2020",40.4167,-120.6631,1283.8,67.9666666666667
"2020",40.4633,-123.5239,845.8,67.6333333333333
"2020",40.4808,-120.1139,1339.6,67.8333333333333
"2020",40.4833,-124.1038,41.5,61.9
"2020",40.505,-123.3417,1219.2,68.6666666666667
"2020",40.51462,-122.29773,152.6,82.3
"2020",40.5158,-122.2906,152.4,81.5
"2020",40.54,-121.5803,1725.2,61.6
"2020",40.55,-123.165,708.1,70.1666666666667
"2020",40.5981,-121.0831,1722.1,59.3666666666667
"2020",40.6116,-122.528,394.7,84.45
"2020",40.6194,-121.8994,736.7,76.8666666666667
"2020",40.6306,-120.5028,1554.5,66.1
"2020",40.6507,-122.6068,432.2,79.1333333333333
"2020",40.7141,-122.4161,327.7,81.9666666666667
"2020",40.7219,-123.4953,792.5,71.3333333333333
"2020",40.7263,-122.7947,567.2,73.7666666666667
"2020",40.7308,-120.3164,1614.8,66.7333333333333
"2020",40.7333,-123.2333,457.2,76.2
"2020",40.73529,-122.9441,627.3,69.5
"2020",40.7586,-120.8961,1889.8,63.7666666666667
"2020",40.7817,-120.7844,1877,64
"2020",40.7864,-122.8045,1008.3,72.6666666666667
"2020",40.8072,-121.2967,1752.6,67.3
"2020",40.8097,-124.1602,6.1,58
"2020",40.8892,-123.1422,1432.6,71.6
"2020",40.9167,-122.4383,1280.2,76.4333333333333
"2020",40.9258,-121.5856,1130.8,72.9333333333333
"2020",40.9316,-121.5433,919,68.0333333333333
"2020",40.97844,-124.10479,64.5,57.7
"2020",41.0064,-121.9833,518.2,76.4
"2020",41.0478,-123.6714,114.3,72.5
"2020",41.0547,-120.3375,1711.5,64.1666666666667
"2020",41.075,-122.3733,731.5,76.7
"2020",41.0975,-123.6358,1088.1,67.9
"2020",41.1117,-122.6967,1341.1,73.8
"2020",41.1383,-123.9056,804.7,64.6
"2020",41.1831,-122.28167,661.1,71.1
"2020",41.24,-120.79,1886.7,57.6
"2020",41.2694,-123.1875,1815.4,64.7666666666667
"2020",41.2769,-121.9794,975.4,63.3
"2020",41.2897,-123.8575,150.9,70.4333333333333
"2020",41.2944,-120.8639,1463,68.4333333333333
"2020",41.295,-120.3133,1889.8,65.1
"2020",41.3003,-123.1322,668.1,73.6
"2020",41.3075,-122.7958,955.9,71.7666666666667
"2020",41.314893,-122.317127,1083,68.3333333333333
"2020",41.3156,-122.3156,0,68.0333333333333
"2020",41.3322,-120.4725,1332.6,67.0333333333333
"2020",41.39,-123.4958,280.4,74.7333333333333
"2020",41.4272,-121.4639,1602.6,69.0666666666667
"2020",41.4789,-122.4539,893.1,71.7
"2020",41.48362,-120.5615,1335.9,65.1
"2020",41.53,-120.6714,1530.7,67.2333333333333
"2020",41.5301,-120.1791,1428.9,67.4
"2020",41.58,-120.3,2142.7,61.5
"2020",41.5992,-122.9336,1287.8,71.9666666666667
"2020",41.6294,-121.2981,1511.8,68.3
"2020",41.6431,-121.7939,1502.1,67.2333333333333
"2020",41.6853,-122.5942,914.4,73.4333333333333
"2020",41.70237,-122.64169,826.6,72.3666666666667
"2020",41.7358,-123.7917,1615.4,63.1666666666667
"2020",41.7417,-121.5383,1453.9,68.2
"2020",41.77373,-122.46825,806.1,72.0666666666667
"2020",41.775,-122.9503,1674.3,65.2333333333333
"2020",41.78361,-124.23796,17,57.6333333333333
"2020",41.7861,-122.0056,1645.9,67.4
"2020",41.8386,-122.85,591.3,72.3
"2020",41.8586,-123.3525,1423.4,67.2666666666667
"2020",41.8715,-120.1574,1444.4,67.2333333333333
"2020",41.89,-120.75,1575.8,62.6
"2020",41.95999,-121.47449,1230.8,64.5333333333333
"2020",41.97983,-122.33811,812.3,72.5
"2020",41.99,-120.72,1731.3,62.5
"2020",41.99,-120.18,2243.3,55.7
"2020",41.9919,-123.6036,1210.1,65.1
"2020",41.9992,-121.7003,1249.1,63.8
"2021",32.57583,-116.99391,158.9,71.9
"2021",32.6058,-116.6089,714.8,74.5333333333333
"2021",32.6263,-116.4699,801.6,75.7
"2021",32.64,-117.0858,17.1,69.4666666666667
"2021",32.685,-116.9736,129.5,71.4666666666667
"2021",32.69219,-117.20983,4.4,68.9333333333333
"2021",32.7214,-116.4631,1049.4,74.5
"2021",32.7336,-117.1831,4.6,71.6333333333333
"2021",32.7397,-114.8839,66.1,94.4666666666667
"2021",32.76536,-117.2315,4.3,68.8
"2021",32.76654,-115.56638,-9.1,93.6333333333333
"2021",32.8005,-116.928,150.9,75.2
"2021",32.81453,-117.13747,127.5,71.8666666666667
"2021",32.83241,-115.66377,-14.1,93.3333333333333
"2021",32.8336,-116.7392,622.1,77.7666666666667
"2021",32.83464,-115.57656,-16.8,93.0666666666667
"2021",32.8358,-116.7774,516.6,74.9666666666667
"2021",32.8488,-115.5666,-19.5,95.0333333333333
"2021",32.8569,-116.6222,1060.7,75.0666666666667
"2021",32.8672,-116.4194,1804.4,72.4333333333333
"2021",32.8797,-116.4203,1755.6,69.7
"2021",32.9083,-114.4944,91.4,95.1666666666667
"2021",32.9736,-115.1736,84.7,95.6333333333333
"2021",32.9897,-116.5872,1414.3,71.9333333333333
"2021",32.9903,-116.0669,231.6,95.7
"2021",33.0164,-116.6339,0,74.5
"2021",33.0216,-117.0813,210.3,71.5333333333333
"2021",33.03801,-116.915979,422,72.6333333333333
"2021",33.0736,-116.8458,466.3,74.6333333333333
"2021",33.0758,-116.5908,1292.4,74.9333333333333
"2021",33.0763,-116.5925,1284.7,75
"2021",33.121,-117.09,182.9,75.7
"2021",33.12993,-117.27651,95.3,67.6666666666667
"2021",33.1552,-116.1688,118.9,96.5333333333333
"2021",33.2097,-117.395,3,66.8333333333333
"2021",33.21946,-117.34962,9.1,68.7333333333333
"2021",33.22157,-117.03817,393.2,75
"2021",33.2222,-116.4975,1345.7,79.0666666666667
"2021",33.2354,-117.2322,131.1,70.1333333333333
"2021",33.2372,-117.0086,452,74.0333333333333
"2021",33.2372,-116.7614,823,72.3
"2021",33.2559,-116.4036,246.9,93.3666666666667
"2021",33.378,-116.84,1691.6,75.2333333333333
"2021",33.3933,-116.795,838.8,76.9666666666667
"2021",33.40419,-118.41456,477,68.2
"2021",33.4392,-117.1904,347.5,73.3333333333333
"2021",33.445,-117.4181,707.1,74.5333333333333
"2021",33.4833,-119.0333,53.6,63.8333333333333
"2021",33.5286,-117.2306,603.5,73.4666666666667
"2021",33.5417,-117.5917,213.4,71.7666666666667
"2021",33.555,-116.673,1194.8,75.5333333333333
"2021",33.6031,-117.8836,3,67.0333333333333
"2021",33.61876,-114.71451,120.4,95.5
"2021",33.63166,-116.16412,-36,92.7
"2021",33.6472,-117.4111,926,79.8
"2021",33.6617,-115.7206,520,89.3
"2021",33.6667,-116.7667,1499.6,75.8666666666667
"2021",33.67975,-117.86746,13,73.4
"2021",33.686,-117.3458,386.5,80.2
"2021",33.7044,-115.6289,417.6,92.0666666666667
"2021",33.7086,-116.2152,-6.4,94.9
"2021",33.72,-117.723,164.6,74.1666666666667
"2021",33.7381,-116.8939,552,81.7333333333333
"2021",33.7403,-116.8414,594.4,80.5666666666667
"2021",33.7442,-117.8667,41.1,73.8666666666667
"2021",33.7572,-116.7066,1639.8,72.3
"2021",33.7965,-116.9753,464.8,81.0666666666667
"2021",33.8016,-118.3419,27.4,69.2666666666667
"2021",33.8081,-117.7111,542.8,73.5666666666667
"2021",33.81177,-118.14718,10.2,72.2333333333333
"2021",33.81299,-116.64193,2554.2,64.25
"2021",33.82216,-116.50433,124.7,95.2666666666667
"2021",33.8342,-118.3759,43.3,67.6666666666667
"2021",33.8647,-117.8425,70.7,77
"2021",33.87154,-117.98561,26.3,75.2333333333333
"2021",33.8767,-117.3089,524.3,79.9
"2021",33.89765,-117.60243,162.5,75.1
"2021",33.9,-117.25,468.2,78.1333333333333
"2021",33.92353,-118.33291,16.6,70.0333333333333
"2021",33.9306,-116.95,793.7,78.3
"2021",33.93816,-118.3866,29.7,68.0333333333333
"2021",33.95282,-117.43523,257.7,79
"2021",33.97563,-117.62487,193.9,78.9666666666667
"2021",33.9778,-120.0778,395.6,61.1666666666667
"2021",33.9839,-118.01,289.6,73.3
"2021",33.9958,-119.7222,76.2,69.1
"2021",34.005,-118.4139,28,69.6
"2021",34.0178,-116.1878,1280.2,80.4333333333333
"2021",34.02099,-118.44712,53.3,68.1666666666667
"2021",34.0456,-118.9358,15.2,66.5
"2021",34.05314,-117.57689,281.6,80.7666666666667
"2021",34.0583,-118.6333,480.1,70.8
"2021",34.0608,-114.7322,249.9,95.4
"2021",34.0678,-118.2417,115.2,73.4666666666667
"2021",34.0697,-118.4427,131.1,70.4666666666667
"2021",34.0836,-117.0347,899.2,77.9666666666667
"2021",34.0864,-116.5622,958.6,83.35
"2021",34.1208,-117.9458,152.4,76.8333333333333
"2021",34.1233,-116.4078,993.6,84.0333333333333
"2021",34.12407,-119.12281,3.8,65.6333333333333
"2021",34.125,-118.4122,384,75.2
"2021",34.128,-116.0369,602,91.8666666666667
"2021",34.1294,-116.3879,990.3,82.9333333333333
"2021",34.1369,-117.7069,501.4,75.6666666666667
"2021",34.1471,-116.2747,781.2,85.7666666666667
"2021",34.1472,-115.1219,281,95.0333333333333
"2021",34.1483,-118.1447,263.3,77.9666666666667
"2021",34.1819,-118.5744,240.8,78.3666666666667
"2021",34.1847,-118.7172,502.9,77.4333333333333
"2021",34.1866,-118.348,199.6,74.0333333333333
"2021",34.1942,-116.9131,1712.4,71.7333333333333
"2021",34.19966,-118.36543,222.7,76
"2021",34.20012,-119.20417,11.9,66
"2021",34.2066,-119.1375,15.8,68.0333333333333
"2021",34.2069,-117.7606,792.5,76.6
"2021",34.2103,-116.6339,1828.8,77.3
"2021",34.21142,-119.08762,21.6,70.9333333333333
"2021",34.21214,-118.49146,239.2,79
"2021",34.2182,-116.4073,1050,84.7
"2021",34.2339,-117.4803,851,77.2
"2021",34.243,-116.917,2058.3,66.3
"2021",34.2661,-116.8989,2103.1,65.6666666666667
"2021",34.2711,-118.1525,914.4,77.8666666666667
"2021",34.28964,-114.17137,224.9,95.7
"2021",34.2936,-118.3608,423.7,74.5333333333333
"2021",34.3175,-117.5019,1005.8,75.8
"2021",34.3194,-117.0131,2091.2,68.9333333333333
"2021",34.3317,-118.0303,1661.2,76.9666666666667
"2021",34.3591,-116.5378,965.3,85.5333333333333
"2021",34.3617,-118.4217,1219.2,76.0333333333333
"2021",34.3717,-118.8408,501.4,74.1
"2021",34.3789,-117.6919,2108.3,71.7333333333333
"2021",34.3903,-118.0825,1530.4,76
"2021",34.3906,-116.5169,883.9,87.3666666666667
"2021",34.4141,-119.8796,5.5,63.9666666666667
"2021",34.4167,-119.6844,4.9,68.5666666666667
"2021",34.4241,-119.84249,2.5,65.6666666666667
"2021",34.425,-118.525,442,77.8666666666667
"2021",34.4311,-118.6828,389.5,77.3
"2021",34.4456,-117.8511,1152.1,81.5
"2021",34.4458,-118.2,792.5,78.3666666666667
"2021",34.4477,-119.2275,227.1,70.6333333333333
"2021",34.4614,-119.6481,457.2,70.1
"2021",34.4806,-118.7556,347.5,75.8333333333333
"2021",34.5025,-117.8969,945.2,85.0333333333333
"2021",34.52527,-117.29638,850.1,81.8666666666667
"2021",34.5358,-119.7833,310.9,75.4333333333333
"2021",34.5431,-119.1842,1015.3,70.8666666666667
"2021",34.5686,-118.7403,1255.8,77.0333333333333
"2021",34.58223,-119.98159,240.5,73.5
"2021",34.5883,-118.0938,796.1,84.7666666666667
"2021",34.5958,-118.5786,1502.7,78.7666666666667
"2021",34.62944,-118.08309,764.7,83.9333333333333
"2021",34.6344,-117.5503,877.8,83.2666666666667
"2021",34.6538,-120.4513,22.9,63.6666666666667
"2021",34.66667,-120.46667,26.8,63.55
"2021",34.6819,-119.3539,1118.6,77.4666666666667
"2021",34.6847,-117.8208,789.4,84.1
"2021",34.705,-118.4297,932.7,80.5
"2021",34.7325,-118.3833,841.2,83.9333333333333
"2021",34.7331,-120.0067,975.4,77.4666666666667
"2021",34.74121,-118.21255,712.6,84.1666666666667
"2021",34.74361,-118.72528,1374.6,79.3
"2021",34.7586,-120.4861,320,62.1666666666667
"2021",34.76783,-114.61842,270.6,97.7666666666667
"2021",34.8083,-119.0125,1493.5,68.2
"2021",34.85371,-116.78702,584.8,91.0666666666667
"2021",34.8927,-117.0219,676.7,87.2666666666667
"2021",34.89403,-120.45216,74.2,63.8
"2021",34.9455,-119.6827,658.4,78.7
"2021",34.988,-120.3211,177.4,66.2666666666667
"2021",35.0233,-118.7497,434.3,80.5
"2021",35.0964,-119.7728,759,81.4666666666667
"2021",35.1011,-118.4222,1286.3,74.6
"2021",35.1231,-115.4114,1649.9,70.4333333333333
"2021",35.1542,-117.1756,987.6,85.0666666666667
"2021",35.1889,-120.0833,1149.1,77.9
"2021",35.23815,-120.64406,55.8,67.3333333333333
"2021",35.3056,-120.6619,93.9,66.4666666666667
"2021",35.37,-117.5683,1103.4,84.8
"2021",35.3811,-120.1875,496.8,75.6333333333333
"2021",35.3836,-118.4122,1290.8,78.9
"2021",35.4028,-119.47,68.6,83.7666666666667
"2021",35.4186,-119.0508,143.3,84.1
"2021",35.43424,-119.05524,149.3,86.4333333333333
"2021",35.4783,-117.6989,1338.1,83.7
"2021",35.5317,-118.6303,718.1,82.7333333333333
"2021",35.6277,-120.6855,222.5,71.9
"2021",35.6466,-118.3608,808.9,81.1
"2021",35.6564,-120.9242,303,72.9666666666667
"2021",35.6647,-118.0569,1698.3,79
"2021",35.66936,-120.62918,249.8,74.7
"2021",35.6841,-121.1683,465.1,67.0333333333333
"2021",35.686254,-117.690911,680,89.3666666666667
"2021",35.7217,-118.4989,960.1,80.5333333333333
"2021",35.7636,-117.3908,516.6,91.3
"2021",35.7706,-115.9092,1524,82.4666666666667
"2021",35.8644,-120.8031,163.7,75.6333333333333
"2021",35.8717,-117.9183,1264.9,87.3333333333333
"2021",35.8842,-118.0517,2507.9,67.4333333333333
"2021",35.8889,-118.6333,1133.9,77.3
"2021",35.8922,-118.915,64,84.0333333333333
"2021",35.8989,-120.4319,467.9,76.6333333333333
"2021",35.9717,-118.545,1432.6,70.2333333333333
"2021",36.0067,-119.96,73.2,83.8
"2021",36.0117,-121.2417,335.3,75.3666666666667
"2021",36.0333,-120.0569,246.9,85.9333333333333
"2021",36.0931,-118.2603,2499.4,64.6333333333333
"2021",36.0975,-119.5817,61,83.2333333333333
"2021",36.1753,-118.7017,987.6,80.8666666666667
"2021",36.2032,-119.0545,132.6,82.4666666666667
"2021",36.2069,-121.1377,97.5,69.0333333333333
"2021",36.23,-121.4917,298.7,72.9333333333333
"2021",36.2314,-118.8689,586.1,85.1333333333333
"2021",36.2356,-121.785,137.2,63.4
"2021",36.2472,-121.7802,61,63.5666666666667
"2021",36.3114,-119.62319,76,82.6333333333333
"2021",36.3158,-119.637,72.2,83.75
"2021",36.32833,-119.2997,92.4,82.2
"2021",36.33333,-119.95,70.7,82.3666666666667
"2021",36.3478,-120.5978,1524,74.9666666666667
"2021",36.3642,-120.1561,86.9,82.8
"2021",36.3817,-119.0264,156.4,82.7666666666667
"2021",36.3825,-120.8558,1137.8,77.6333333333333
"2021",36.3886,-121.5517,574.5,70.7666666666667
"2021",36.4108,-118.8092,1966,71.2
"2021",36.445,-118.7033,1597.2,78.5
"2021",36.46263,-116.8672,-59.1,104.166666666667
"2021",36.4708,-121.1472,402.9,75.5
"2021",36.4805,-121.7244,146.3,64.7666666666667
"2021",36.4819,-121.1822,398.4,75.4333333333333
"2021",36.5625,-117.4736,2097,72.8
"2021",36.5672,-118.9556,1240.2,79.6
"2021",36.59041,-121.84881,48.8,64.0666666666667
"2021",36.5927,-121.8555,37.2,60.2333333333333
"2021",36.602,-117.1449,25.6,102.833333333333
"2021",36.6044,-118.7325,2052.8,60.4
"2021",36.66352,-121.60928,22.3,63.4
"2021",36.6853,-119,1237.5,78.1666666666667
"2021",36.7242,-118.9425,2298.2,68.2
"2021",36.7269,-120.7658,619.4,82.7666666666667
"2021",36.7672,-119.7092,103,85.8666666666667
"2021",36.77999,-119.72016,101.9,85.5
"2021",36.7878,-118.6561,1438.7,72.5666666666667
"2021",36.8422,-121.3622,123.1,67.8333333333333
"2021",36.8425,-118.2594,1479.8,82.9666666666667
"2021",36.8483,-121.4213,83.8,66.6
"2021",36.8839,-119.4658,280.4,86.3
"2021",36.9092,-119.0883,528.8,80.95
"2021",36.9111,-119.305,469.4,84.6666666666667
"2021",36.9308,-121.7691,29,62.7
"2021",36.93936,-121.79001,49.5,63.4
"2021",36.9614,-119.175,1538.6,78.7333333333333
"2021",36.98505,-120.11068,76.6,80.2666666666667
"2021",36.98785,-121.99952,21.3,65.1333333333333
"2021",36.9911,-121.7978,137.2,65.7666666666667
"2021",36.99574,-119.70691,131.1,82.3666666666667
"2021",37.003,-121.5608,59.1,71
"2021",37.0153,-119.5678,366.1,79.6666666666667
"2021",37.0544,-119.3711,1249.7,78.4
"2021",37.0547,-121.0531,106.7,79.5
"2021",37.0563,-120.8666,36.6,79.3333333333333
"2021",37.0664,-119.0394,1727.6,65.95
"2021",37.08689,-122.08221,132.6,70.1
"2021",37.1317,-122.17,801.6,72.8
"2021",37.135,-119.2561,1751.4,67.2666666666667
"2021",37.1822,-120.7939,19.8,77.9666666666667
"2021",37.2028,-121.9428,609.6,72.2333333333333
"2021",37.2319,-119.5083,963.2,81.5666666666667
"2021",37.2331,-119.5047,829.1,81.9333333333333
"2021",37.2381,-120.8825,23.8,75.8
"2021",37.2811,-121.0177,27.4,79.7333333333333
"2021",37.28597,-120.51788,46.5,80.2666666666667
"2021",37.2888,-120.5158,46.9,78.7666666666667
"2021",37.3053,-122.255,265.8,64
"2021",37.3133,-122.185,691.9,69.9666666666667
"2021",37.3147,-119.0383,2256.4,67.3666666666667
"2021",37.3292,-121.2939,563.9,80.6
"2021",37.34336,-121.63473,1286.3,72.7333333333333
"2021",37.353,-120.1623,128,83.7333333333333
"2021",37.3581,-122.1472,196.6,69.7
"2021",37.35938,-121.92444,15,68.7666666666667
"2021",37.37114,-118.35886,1252.8,78.8666666666667
"2021",37.3761,-119.1783,2748.7,63.3333333333333
"2021",37.39,-118.5506,1414.3,82.0333333333333
"2021",37.4094,-119.7681,937.9,84.6666666666667
"2021",37.4431,-121.7706,629.7,72.6
"2021",37.4681,-120.1106,365.8,83.1
"2021",37.4725,-122.4433,8.2,58.9666666666667
"2021",37.475,-122.2981,196.3,68.2333333333333
"2021",37.4767,-122.2386,9.4,68.2
"2021",37.5019,-121.7355,932.7,73.8666666666667
"2021",37.50193,-120.84566,31.4,78.8333333333333
"2021",37.5042,-119.9869,680,79.3333333333333
"2021",37.5122,-119.6331,1538.3,69.3333333333333
"2021",37.5422,-122.0158,11.6,65.4
"2021",37.5436,-119.8386,1188.7,77.5
"2021",37.5514,-118.6672,2145.8,68.4333333333333
"2021",37.5531,-121.8439,374.9,68.6
"2021",37.5625,-122.4364,327.7,60.3666666666667
"2021",37.61962,-122.36562,3.2,65.2
"2021",37.62544,-120.95492,26.5,77.9333333333333
"2021",37.65886,-122.12116,9.6,65.7666666666667
"2021",37.6819,-121.3466,41.1,75.0333333333333
"2021",37.68194,-121.75139,161.2,73.0333333333333
"2021",37.69309,-121.8149,119.7,72.7333333333333
"2021",37.7178,-122.23301,1.5,64.3
"2021",37.745,-118.9833,2316.5,62.5666666666667
"2021",37.75027,-119.58972,1224.7,74.5
"2021",37.7592,-119.8208,2017.8,69.7
"2021",37.7617,-119.8247,2025.1,70.5666666666667
"2021",37.7705,-122.4269,45.7,60.2
"2021",37.7861,-122.1447,333.8,63.9333333333333
"2021",37.79589,-121.58319,18.6,78.7666666666667
"2021",37.7983,-122.2642,9.1,63.8333333333333
"2021",37.8172,-121.7789,621.8,75.7666666666667
"2021",37.8331,-120.5,310.9,80.3666666666667
"2021",37.8339,-122.0669,536.4,71.0666666666667
"2021",37.8431,-118.4778,1661.2,74.5333333333333
"2021",37.8444,-120.2258,853.4,75.7
"2021",37.8511,-119.65,2446,62.5
"2021",37.865,-122.2208,427.6,63.3333333333333
"2021",37.8744,-122.2605,94.5,60.55
"2021",37.8769,-119.3436,2649.9,55.4
"2021",37.8792,-121.9303,661.4,72.6666666666667
"2021",37.88997,-121.22637,8.3,75.6
"2021",37.9191,-122.3772,6.1,62.9
"2021",37.9442,-122.1178,442,69.1
"2021",37.95,-121.8844,487.7,72.9
"2021",37.9566,-122.5447,44.2,68
"2021",37.9567,-119.1194,2071.7,69.7
"2021",37.9613,-119.783,1179.6,74.6666666666667
"2021",37.9672,-120.3872,510.5,76.3666666666667
"2021",37.9747,-119.9161,1452.4,75.7666666666667
"2021",37.9833,-121.7525,18.3,75.7666666666667
"2021",37.9906,-122.6447,426.7,69.4666666666667
"2021",37.99165,-122.05268,7,73.6666666666667
"2021",37.9983,-122.5372,36.6,69.2
"2021",38.0047,-120.4863,292.6,81.6333333333333
"2021",38.0281,-122.7022,378,64.7666666666667
"2021",38.0394,-122.57,457.2,67.6
"2021",38.0631,-120.2469,1503.6,77.4666666666667
"2021",38.07,-119.23,2878.8,60.9333333333333
"2021",38.1,-122.1869,103.9,70.6333333333333
"2021",38.19127,-120.67075,335.3,76.35
"2021",38.2075,-122.28041,4.7,65.6666666666667
"2021",38.2119,-119.0142,2551.2,56.9666666666667
"2021",38.2577,-122.6077,6.1,66.6333333333333
"2021",38.2719,-119.2892,2026.9,68.1333333333333
"2021",38.2736,-122.0677,12.2,73.8666666666667
"2021",38.2777,-122.2647,10.7,68.4
"2021",38.28,-119.61,2931.3,58.5333333333333
"2021",38.2994,-122.4622,29.6,70.1333333333333
"2021",38.3,-119.55,2194,62.5
"2021",38.31,-119.6,2690.5,59.4
"2021",38.3208,-123.0747,19.2,57.6
"2021",38.3772,-120.8008,483.4,82
"2021",38.37753,-121.95854,31.7,77.5
"2021",38.3894,-120.6511,902.2,81.0666666666667
"2021",38.4,-119.54,2838.6,59.2333333333333
"2021",38.4305,-122.8647,61,67.3333333333333
"2021",38.44,-119.37,2814.2,58.8333333333333
"2021",38.45579,-122.71335,50.6,68.9
"2021",38.4786,-122.7119,175.6,66.4333333333333
"2021",38.4883,-120.325,1524,77.5333333333333
"2021",38.4916,-122.1241,146.3,77
"2021",38.492,-122.0039,57,78.8333333333333
"2021",38.50369,-122.81101,36.2,66.8333333333333
"2021",38.50659,-121.49604,5.9,75.6
"2021",38.5066,-122.4713,68.6,72.15
"2021",38.51,-119.63,2357.9,59.2333333333333
"2021",38.515,-123.2447,34.1,57.9
"2021",38.5252,-121.9777,41.1,76.8
"2021",38.5349,-121.7761,18.3,77.6666666666667
"2021",38.55,-119.8,2671.6,60.9666666666667
"2021",38.5552,-121.4183,11.6,78.5
"2021",38.5653,-119.4592,1658.1,76.7
"2021",38.573,-122.4405,522.7,68.7
"2021",38.57682,-122.57811,106.7,72.4666666666667
"2021",38.5908,-120.9336,275.8,78.0666666666667
"2021",38.61,-119.92,2455.8,60.7
"2021",38.62935,-122.86646,53.9,70.1333333333333
"2021",38.67,-119.82,1863.9,65.3
"2021",38.67,-119.61,2532.9,62.0333333333333
"2021",38.68,-119.96,2443.6,63.1
"2021",38.6829,-121.794,20.4,76.6666666666667
"2021",38.6833,-119.7667,1676.7,70.2
"2021",38.69,-119.99,2546,59.6666666666667
"2021",38.70069,-121.59479,7.5,77.0333333333333
"2021",38.72,-119.89,2477.7,56.2666666666667
"2021",38.7333,-120.245,1597.2,70.2
"2021",38.7383,-122.1447,107.9,81.3
"2021",38.7395,-119.518,1613,73.7
"2021",38.7583,-120.503,1051.6,74.2
"2021",38.7817,-122.9169,609.6,72.2333333333333
"2021",38.7852,-120.7419,810.2,78.4
"2021",38.79296,-123.0263,121.9,72.0333333333333
"2021",38.8325,-121.0086,365.8,77.7
"2021",38.84,-119.89,2608.2,61.4
"2021",38.85,-120.08,2337.8,63.5666666666667
"2021",38.85,-119.94,2370.1,58.4666666666667
"2021",38.8619,-122.4172,670.6,77.5
"2021",38.8825,-121.2683,61,80.5
"2021",38.89838,-119.99617,1907,62.9666666666667
"2021",38.9056,-120.6972,1426.5,78.6
"2021",38.9119,-122.7064,659.3,80.6666666666667
"2021",38.92,-119.92,2615.8,58.4666666666667
"2021",38.93,-120.05,1900.7,61.7666666666667
"2021",38.933,-120.8008,914.7,76.5
"2021",38.9875,-123.3486,196.3,69.9666666666667
"2021",39,-120.13,2343.6,65.5666666666667
"2021",39.0189,-122.4119,635.5,82.1333333333333
"2021",39.0308,-123.0806,817.5,77.3666666666667
"2021",39.06,-120.1292,1924.8,60.9
"2021",39.0717,-120.4217,1597.2,73.2
"2021",39.0901,-120.947,723.3,78.9333333333333
"2021",39.10205,-121.56884,18.9,78.8666666666667
"2021",39.1258,-123.0736,975.4,76.1
"2021",39.12781,-123.20015,183.7,76.7333333333333
"2021",39.14,-120.22,2028.4,61.3666666666667
"2021",39.1439,-120.5089,2164.1,68.5
"2021",39.1678,-120.1428,1898.9,63.9
"2021",39.17,-120.15,2071.7,65.5
"2021",39.1836,-120.8847,861.4,77.7333333333333
"2021",39.1875,-122.0269,15.2,76.8666666666667
"2021",39.19,-120.26,2447.2,62.5
"2021",39.2041,-121.068,731.5,75.5666666666667
"2021",39.2083,-122.8083,1475.2,73.3666666666667
"2021",39.2466,-121.0008,847.6,73.5666666666667
"2021",39.27617,-120.70927,1611.2,72.1333333333333
"2021",39.3,-120.18,1983.9,68.2
"2021",39.3036,-121.1172,599.8,80.8666666666667
"2021",39.3167,-120.8375,1316.7,77.7
"2021",39.318,-120.145,1798.3,64.4666666666667
"2021",39.33,-120.37,2089.4,63.0333333333333
"2021",39.3528,-123.6011,180.7,65.0333333333333
"2021",39.3619,-123.1286,310.3,76.6
"2021",39.3669,-122.575,365.8,81.0333333333333
"2021",39.3886,-120.0936,1699.3,64.3333333333333
"2021",39.3975,-121.3861,244.8,79.7666666666667
"2021",39.4172,-122.1825,36.6,78.7
"2021",39.425,-122.9772,540.4,74.5
"2021",39.43,-120.31,2545.7,63.6
"2021",39.45,-120.29,2134.5,62.2
"2021",39.475,-121.2025,1132,77.2333333333333
"2021",39.4833,-120.075,2093.1,66.5333333333333
"2021",39.49,-120.28,1967.8,61.5333333333333
"2021",39.4943,-121.62226,56.9,81.9666666666667
"2021",39.51,-123.75639,37.5,58.9666666666667
"2021",39.5177,-121.553,52.1,79.8666666666667
"2021",39.5214,-120.0269,1654.8,70.7333333333333
"2021",39.52316,-122.3048,71.3,82.6666666666667
"2021",39.53194,-121.1611,1130.8,70.0333333333333
"2021",39.5619,-120.0478,1821.5,68.7333333333333
"2021",39.5633,-120.8238,888.5,71.8666666666667
"2021",39.5861,-122.5341,243.8,80.2666666666667
"2021",39.6375,-120.8653,2033,69.9666666666667
"2021",39.6514,-122.7236,1310.6,75.9666666666667
"2021",39.6681,-123.3211,740.1,73.9
"2021",39.7022,-123.485,554.7,73.6666666666667
"2021",39.7358,-121.4889,759,79.5
"2021",39.7458,-122.1997,77.4,81.2333333333333
"2021",39.7538,-121.6241,533.4,77.2
"2021",39.8053,-120.4719,1478.3,67.5
"2021",39.8075,-122.945,1652,71
"2021",39.8333,-123.0833,457.2,77.3
"2021",39.8644,-122.6097,317,85.1
"2021",39.8717,-121.7689,528.2,82.8
"2021",39.9278,-122.6569,1131.7,77.9
"2021",39.9366,-120.9475,1042.4,70.8666666666667
"2021",39.9389,-122.1697,89.6,81.8333333333333
"2021",39.9733,-120.9419,1066.8,72.7666666666667
"2021",40.0017,-120.915,1377.7,75.4
"2021",40.0222,-120.1056,1292.4,75.8
"2021",40.0686,-121.5825,1466.7,74.9666666666667
"2021",40.1383,-123.8236,135.9,69.7666666666667
"2021",40.1417,-120.3533,1767.8,72.4
"2021",40.15186,-122.25478,108,83.1666666666667
"2021",40.1867,-123.5903,281.3,71.8333333333333
"2021",40.2461,-120.6422,1737.4,69.9333333333333
"2021",40.2506,-123.3158,832.7,71.7333333333333
"2021",40.2569,-124.2661,899.2,66.8333333333333
"2021",40.295,-122.8667,1066.8,77.5
"2021",40.30209,-121.24391,1387.1,67.05
"2021",40.3375,-123.0656,1378.8,73.4666666666667
"2021",40.3442,-121.7136,1267.7,78.3666666666667
"2021",40.3458,-121.6091,1485.9,66
"2021",40.3983,-122.8333,579.1,80.8333333333333
"2021",40.4167,-120.6631,1283.8,69.45
"2021",40.4633,-123.5239,845.8,70.8333333333333
"2021",40.4808,-120.1139,1339.6,71.1
"2021",40.4833,-124.1038,41.5,60.6333333333333
"2021",40.505,-123.3417,1219.2,72.0666666666667
"2021",40.51462,-122.29773,152.6,83.7666666666667
"2021",40.5158,-122.2906,152.4,83.4333333333333
"2021",40.54,-121.5803,1725.2,64.3
"2021",40.55,-123.165,708.1,71.6333333333333
"2021",40.5981,-121.0831,1722.1,61.8666666666667
"2021",40.6116,-122.528,394.7,84.1666666666667
"2021",40.6194,-121.8994,736.7,79.6333333333333
"2021",40.6306,-120.5028,1554.5,69.5333333333333
"2021",40.6507,-122.6068,432.2,80.9
"2021",40.7141,-122.4161,327.7,83.55
"2021",40.7219,-123.4953,792.5,74.3333333333333
"2021",40.7263,-122.7947,567.2,76.3
"2021",40.7308,-120.3164,1614.8,70.3
"2021",40.7333,-123.2333,457.2,78.2666666666667
"2021",40.7586,-120.8961,1889.8,66.9333333333333
"2021",40.7817,-120.7844,1877,67.4666666666667
"2021",40.7864,-122.8045,1008.3,75.3333333333333
"2021",40.8072,-121.2967,1752.6,71.0333333333333
"2021",40.8097,-124.1602,6.1,57.0666666666667
"2021",40.8892,-123.1422,1432.6,74.4666666666667
"2021",40.9167,-122.4383,1280.2,79.6333333333333
"2021",40.9258,-121.5856,1130.8,76
"2021",40.9316,-121.5433,919,70.0666666666667
"2021",40.97844,-124.10479,64.5,56.6666666666667
"2021",41.0064,-121.9833,518.2,79.7333333333333
"2021",41.0478,-123.6714,114.3,71.85
"2021",41.0547,-120.3375,1711.5,67.8666666666667
"2021",41.075,-122.3733,731.5,80
"2021",41.0975,-123.6358,1088.1,71.0666666666667
"2021",41.1117,-122.6967,1341.1,77.1
"2021",41.1383,-123.9056,804.7,66.1333333333333
"2021",41.1831,-122.28167,661.1,73.9
"2021",41.24,-120.79,1886.7,60.5666666666667
"2021",41.2694,-123.1875,1815.4,68.6333333333333
"2021",41.2769,-121.9794,975.4,66.6
"2021",41.2897,-123.8575,150.9,71.3666666666667
"2021",41.2944,-120.8639,1463,72.3333333333333
"2021",41.295,-120.3133,1889.8,66.8
"2021",41.3003,-123.1322,668.1,76.0333333333333
"2021",41.3075,-122.7958,955.9,72.7
"2021",41.314893,-122.317127,1083,71.5
"2021",41.3156,-122.3156,0,70.7666666666667
"2021",41.3322,-120.4725,1332.6,71
"2021",41.39,-123.4958,280.4,76.7333333333333
"2021",41.4272,-121.4639,1602.6,72.7666666666667
"2021",41.4789,-122.4539,893.1,75.3666666666667
"2021",41.48362,-120.5615,1335.9,68.1333333333333
"2021",41.53,-120.6714,1530.7,71.2333333333333
"2021",41.5301,-120.1791,1428.9,72.6
"2021",41.58,-120.3,2142.7,66.1666666666667
"2021",41.5992,-122.9336,1287.8,75.6
"2021",41.6294,-121.2981,1511.8,72.4666666666667
"2021",41.6431,-121.7939,1502.1,71.1333333333333
"2021",41.6853,-122.5942,914.4,77.1666666666667
"2021",41.70237,-122.64169,826.6,75.5333333333333
"2021",41.71171,-121.5067,1455.4,72.55
"2021",41.7358,-123.7917,1615.4,67.1
"2021",41.7417,-121.5383,1453.9,71.9333333333333
"2021",41.77373,-122.46825,806.1,75.6666666666667
"2021",41.775,-122.9503,1674.3,68.8666666666667
"2021",41.78361,-124.23796,17,57
"2021",41.7861,-122.0056,1645.9,71.6333333333333
"2021",41.8386,-122.85,591.3,75.6333333333333
"2021",41.8586,-123.3525,1423.4,72.1
"2021",41.8715,-120.1574,1444.4,71.6666666666667
"2021",41.89,-120.75,1575.8,66.3333333333333
"2021",41.95999,-121.47449,1230.8,68.2333333333333
"2021",41.97983,-122.33811,812.3,76.95
"2021",41.99,-120.72,1731.3,64.15
"2021",41.99,-120.18,2243.3,59.7333333333333
"2021",41.9992,-121.7003,1249.1,66.8333333333333
"2022",32.56797,-117.11715,7.2,71.2
"2022",32.57583,-116.99391,158.9,71.9333333333333
"2022",32.6058,-116.6089,714.8,74.2333333333333
"2022",32.6263,-116.4699,801.6,75.0333333333333
"2022",32.64,-117.0858,17.1,69.9333333333333
"2022",32.685,-116.9736,129.5,71.7333333333333
"2022",32.69219,-117.20983,4.4,69.1666666666667
"2022",32.7214,-116.4631,1049.4,73.7333333333333
"2022",32.7336,-117.1831,4.6,70.1
"2022",32.7397,-114.8839,66.1,94.1666666666667
"2022",32.76536,-117.2315,4.3,69.3333333333333
"2022",32.76654,-115.56638,-9.1,93.1
"2022",32.8005,-116.928,150.9,75.0333333333333
"2022",32.81453,-117.13747,127.5,72.7333333333333
"2022",32.83241,-115.66377,-14.1,91.7
"2022",32.8336,-116.7392,622.1,77.6333333333333
"2022",32.83464,-115.57656,-16.8,93.0333333333333
"2022",32.8358,-116.7774,516.6,75.9
"2022",32.8488,-115.5666,-19.5,94.5666666666667
"2022",32.8569,-116.6222,1060.7,74.2333333333333
"2022",32.8672,-116.4194,1804.4,70.4666666666667
"2022",32.8797,-116.4203,1755.6,68.6666666666667
"2022",32.9083,-114.4944,91.4,95.1333333333333
"2022",32.9736,-115.1736,84.7,95.4666666666667
"2022",32.9897,-116.5872,1414.3,69.7666666666667
"2022",32.9903,-116.0669,231.6,95.0666666666667
"2022",33.0164,-116.6339,0,73.5666666666667
"2022",33.0216,-117.0813,210.3,72.8
"2022",33.03801,-116.915979,422,74.7333333333333
"2022",33.0736,-116.8458,466.3,75.8
"2022",33.0758,-116.5908,1292.4,74.3333333333333
"2022",33.0763,-116.5925,1284.7,74.1
"2022",33.121,-117.09,182.9,77.2
"2022",33.12993,-117.27651,95.3,69.2
"2022",33.1552,-116.1688,118.9,96.6
"2022",33.2097,-117.395,3,67.9333333333333
"2022",33.21946,-117.34962,9.1,70
"2022",33.22157,-117.03817,393.2,76.0666666666667
"2022",33.2222,-116.4975,1345.7,77.7666666666667
"2022",33.2354,-117.2322,131.1,71.3666666666667
"2022",33.2372,-117.0086,452,75.3333333333333
"2022",33.2372,-116.7614,823,74.1666666666667
"2022",33.2559,-116.4036,246.9,92.2
"2022",33.378,-116.84,1691.6,73.8
"2022",33.3933,-116.795,838.8,76.7666666666667
"2022",33.40419,-118.41456,477,70.6
"2022",33.4392,-117.1904,347.5,74.7666666666667
"2022",33.445,-117.4181,707.1,74.5333333333333
"2022",33.4833,-119.0333,53.6,63.2
"2022",33.5286,-117.2306,603.5,74.6666666666667
"2022",33.5417,-117.5917,213.4,72.8666666666667
"2022",33.555,-116.673,1194.8,74.7333333333333
"2022",33.6031,-117.8836,3,68.0333333333333
"2022",33.61876,-114.71451,120.4,94.3
"2022",33.63166,-116.16412,-36,91.7333333333333
"2022",33.6472,-117.4111,926,80.1666666666667
"2022",33.6617,-115.7206,520,90.3
"2022",33.6667,-116.7667,1499.6,75.1
"2022",33.67975,-117.86746,13,74
"2022",33.686,-117.3458,386.5,80.7666666666667
"2022",33.7044,-115.6289,417.6,90.5
"2022",33.7086,-116.2152,-6.4,95.1333333333333
"2022",33.72,-117.723,164.6,74.8666666666667
"2022",33.7381,-116.8939,552,81.6333333333333
"2022",33.7403,-116.8414,594.4,80.8
"2022",33.7442,-117.8667,41.1,74.6666666666667
"2022",33.7572,-116.7066,1639.8,71.2666666666667
"2022",33.7965,-116.9753,464.8,81.7666666666667
"2022",33.8016,-118.3419,27.4,69.8333333333333
"2022",33.8081,-117.7111,542.8,75.2
"2022",33.81177,-118.14718,10.2,74
"2022",33.81299,-116.64193,2554.2,62.3
"2022",33.82216,-116.50433,124.7,95.0666666666667
"2022",33.8342,-118.3759,43.3,68.0666666666667
"2022",33.8647,-117.8425,70.7,78.3
"2022",33.87154,-117.98561,26.3,75.4333333333333
"2022",33.8767,-117.3089,524.3,78.8333333333333
"2022",33.89765,-117.60243,162.5,76.2333333333333
"2022",33.9,-117.25,468.2,79.7666666666667
"2022",33.92353,-118.33291,16.6,72.1333333333333
"2022",33.9306,-116.95,793.7,78.5333333333333
"2022",33.93816,-118.3866,29.7,69.9333333333333
"2022",33.95282,-117.43523,257.7,80.0333333333333
"2022",33.97563,-117.62487,193.9,79.8
"2022",33.9778,-120.0778,395.6,61.3
"2022",33.9839,-118.01,289.6,74.4
"2022",33.9958,-119.7222,76.2,69.8666666666667
"2022",34.005,-118.4139,28,70.7
"2022",34.0178,-116.1878,1280.2,78.5
"2022",34.02099,-118.44712,53.3,68.8333333333333
"2022",34.0456,-118.9358,15.2,66.4333333333333
"2022",34.05314,-117.57689,281.6,79.5666666666667
"2022",34.0583,-118.6333,480.1,72.5
"2022",34.0608,-114.7322,249.9,94.2
"2022",34.0678,-118.2417,115.2,72.8333333333333
"2022",34.0697,-118.4427,131.1,70.1666666666667
"2022",34.0836,-117.0347,899.2,78.4
"2022",34.0864,-116.5622,958.6,82.3
"2022",34.1208,-117.9458,152.4,77.8333333333333
"2022",34.1233,-116.4078,993.6,82.8333333333333
"2022",34.12407,-119.12281,3.8,65.6333333333333
"2022",34.125,-118.4122,384,75.9666666666667
"2022",34.128,-116.0369,602,90.4666666666667
"2022",34.1369,-117.7069,501.4,76.5666666666667
"2022",34.1471,-116.2747,781.2,84.4
"2022",34.1472,-115.1219,281,94.1
"2022",34.1483,-118.1447,263.3,79.4
"2022",34.1547,-114.2908,128,93.35
"2022",34.1819,-118.5744,240.8,79
"2022",34.1847,-118.7172,502.9,78.3666666666667
"2022",34.1866,-118.348,199.6,75.3333333333333
"2022",34.1942,-116.9131,1712.4,69.8333333333333
"2022",34.19966,-118.36543,222.7,78.8666666666667
"2022",34.20012,-119.20417,11.9,65.1666666666667
"2022",34.2066,-119.1375,15.8,67.3
"2022",34.2069,-117.7606,792.5,76.9333333333333
"2022",34.2103,-116.6339,1828.8,75
"2022",34.21142,-119.08762,21.6,68.6333333333333
"2022",34.21214,-118.49146,239.2,80.1
"2022",34.2182,-116.4073,1050,81.9
"2022",34.2339,-117.4803,851,77.2333333333333
"2022",34.243,-116.917,2058.3,64.9333333333333
"2022",34.2661,-116.8989,2103.1,63.6666666666667
"2022",34.2711,-118.1525,914.4,77.6666666666667
"2022",34.28964,-114.17137,224.9,94.3333333333333
"2022",34.2936,-118.3608,423.7,75.6
"2022",34.3175,-117.5019,1005.8,75.1333333333333
"2022",34.3194,-117.0131,2091.2,67
"2022",34.3317,-118.0303,1661.2,75.5333333333333
"2022",34.3591,-116.5378,965.3,83.4
"2022",34.3617,-118.4217,1219.2,76.3666666666667
"2022",34.3717,-118.8408,501.4,76.5333333333333
"2022",34.3789,-117.6919,2108.3,69.8666666666667
"2022",34.3903,-118.0825,1530.4,74.9333333333333
"2022",34.3906,-116.5169,883.9,85.7666666666667
"2022",34.4141,-119.8796,5.5,63.7
"2022",34.4167,-119.6844,4.9,68.9666666666667
"2022",34.4241,-119.84249,2.5,65.9333333333333
"2022",34.425,-118.525,442,79
"2022",34.4311,-118.6828,389.5,78.5666666666667
"2022",34.4456,-117.8511,1152.1,79.4
"2022",34.4458,-118.2,792.5,78.7
"2022",34.4477,-119.2275,227.1,72.1333333333333
"2022",34.4614,-119.6481,457.2,71.6333333333333
"2022",34.4806,-118.7556,347.5,76.5333333333333
"2022",34.5025,-117.8969,945.2,83.7333333333333
"2022",34.5358,-119.7833,310.9,75.1666666666667
"2022",34.5431,-119.1842,1015.3,70.1
"2022",34.5686,-118.7403,1255.8,77.5
"2022",34.58223,-119.98159,240.5,72.9666666666667
"2022",34.5883,-118.0938,796.1,84.1
"2022",34.5958,-118.5786,1502.7,78.7
"2022",34.62944,-118.08309,764.7,83.2
"2022",34.6344,-117.5503,877.8,82.4
"2022",34.6538,-120.4513,22.9,62.4
"2022",34.66667,-120.46667,26.8,62.1
"2022",34.6819,-119.3539,1118.6,76.6
"2022",34.6847,-117.8208,789.4,83.0666666666667
"2022",34.705,-118.4297,932.7,80.0666666666667
"2022",34.7325,-118.3833,841.2,83.1333333333333
"2022",34.7331,-120.0067,975.4,77.6666666666667
"2022",34.74121,-118.21255,712.6,84
"2022",34.74361,-118.72528,1374.6,75.8666666666667
"2022",34.7586,-120.4861,320,62.0333333333333
"2022",34.76783,-114.61842,270.6,96
"2022",34.8083,-119.0125,1493.5,66.9666666666667
"2022",34.85371,-116.78702,584.8,89.7
"2022",34.8927,-117.0219,676.7,86.5
"2022",34.89403,-120.45216,74.2,63.2
"2022",34.9455,-119.6827,658.4,77.9666666666667
"2022",34.988,-120.3211,177.4,66.4
"2022",35.0964,-119.7728,759,80.7333333333333
"2022",35.1231,-115.4114,1649.9,75.0666666666667
"2022",35.1542,-117.1756,987.6,83.9333333333333
"2022",35.1889,-120.0833,1149.1,77.3333333333333
"2022",35.23815,-120.64406,55.8,66.4666666666667
"2022",35.3056,-120.6619,93.9,67.1333333333333
"2022",35.37,-117.5683,1103.4,82.9666666666667
"2022",35.3811,-120.1875,496.8,75.9333333333333
"2022",35.43424,-119.05524,149.3,85.1333333333333
"2022",35.4783,-117.6989,1338.1,81.6666666666667
"2022",35.5317,-118.6303,718.1,81.1333333333333
"2022",35.6277,-120.6855,222.5,74.1
"2022",35.6564,-120.9242,303,73.4
"2022",35.6647,-118.0569,1698.3,75.9
"2022",35.66936,-120.62918,249.8,75.4666666666667
"2022",35.6841,-121.1683,465.1,70.6
"2022",35.686254,-117.690911,680,87.8
"2022",35.7217,-118.4989,960.1,78.7
"2022",35.7636,-117.3908,516.6,88.2
"2022",35.7706,-115.9092,1524,80.1
"2022",35.8644,-120.8031,163.7,76.4666666666667
"2022",35.8717,-117.9183,1264.9,85.3333333333333
"2022",35.8842,-118.0517,2507.9,65.3
"2022",35.8889,-118.6333,1133.9,75.1333333333333
"2022",35.8922,-118.915,64,82.4666666666667
"2022",35.8989,-120.4319,467.9,76.6333333333333
"2022",35.9717,-118.545,1432.6,69.4
"2022",36.0117,-121.2417,335.3,75.4
"2022",36.0333,-120.0569,246.9,84.3
"2022",36.0931,-118.2603,2499.4,62.2666666666667
"2022",36.1753,-118.7017,987.6,79.2
"2022",36.2069,-121.1377,97.5,70.3333333333333
"2022",36.23,-121.4917,298.7,73.5666666666667
"2022",36.2314,-118.8689,586.1,83.7
"2022",36.2356,-121.785,137.2,65.1333333333333
"2022",36.2472,-121.7802,61,64.8666666666667
"2022",36.3114,-119.62319,76,82.2333333333333
"2022",36.33333,-119.95,70.7,80.35
"2022",36.3478,-120.5978,1524,73.1333333333333
"2022",36.3825,-120.8558,1137.8,76.7
"2022",36.3886,-121.5517,574.5,70.1
"2022",36.4108,-118.8092,1966,68.9333333333333
"2022",36.445,-118.7033,1597.2,75.7
"2022",36.46263,-116.8672,-59.1,102.6
"2022",36.4708,-121.1472,402.9,76.0666666666667
"2022",36.4805,-121.7244,146.3,65.9
"2022",36.4819,-121.1822,398.4,73.0333333333333
"2022",36.5625,-117.4736,2097,70.7
"2022",36.5672,-118.9556,1240.2,78.2666666666667
"2022",36.59041,-121.84881,48.8,63.3666666666667
"2022",36.5927,-121.8555,37.2,60.7
"2022",36.602,-117.1449,25.6,101.133333333333
"2022",36.66352,-121.60928,22.3,66.0333333333333
"2022",36.6853,-119,1237.5,76.1
"2022",36.7242,-118.9425,2298.2,65.7666666666667
"2022",36.7269,-120.7658,619.4,81.1333333333333
"2022",36.77999,-119.72016,101.9,84.5333333333333
"2022",36.7878,-118.6561,1438.7,70.2666666666667
"2022",36.8422,-121.3622,123.1,69.5666666666667
"2022",36.8425,-118.2594,1479.8,80.1333333333333
"2022",36.8483,-121.4213,83.8,67.65
"2022",36.8839,-119.4658,280.4,85.3333333333333
"2022",36.9111,-119.305,469.4,83.1333333333333
"2022",36.9308,-121.7691,29,63.3666666666667
"2022",36.93936,-121.79001,49.5,62.9
"2022",36.9614,-119.175,1538.6,77
"2022",36.98505,-120.11068,76.6,79.9666666666667
"2022",36.9911,-121.7978,137.2,67
"2022",37.003,-121.5608,59.1,73.1
"2022",37.0153,-119.5678,366.1,78.6333333333333
"2022",37.0544,-119.3711,1249.7,77.5
"2022",37.0547,-121.0531,106.7,80.4
"2022",37.0664,-119.0394,1727.6,63.4333333333333
"2022",37.08689,-122.08221,132.6,71.5
"2022",37.1317,-122.17,801.6,71.3333333333333
"2022",37.1822,-120.7939,19.8,77.1
"2022",37.2319,-119.5083,963.2,79.8666666666667
"2022",37.2321,-118.5994,2581.7,60.45
"2022",37.2331,-119.5047,829.1,80.3666666666667
"2022",37.2381,-120.8825,23.8,74.5
"2022",37.2811,-121.0177,27.4,81.6333333333333
"2022",37.28597,-120.51788,46.5,80.1
"2022",37.3053,-122.255,265.8,63.8333333333333
"2022",37.3133,-122.185,691.9,68.1333333333333
"2022",37.3147,-119.0383,2256.4,64.2333333333333
"2022",37.34336,-121.63473,1286.3,70.7666666666667
"2022",37.3581,-122.1472,196.6,69.5666666666667
"2022",37.35938,-121.92444,15,70.5333333333333
"2022",37.37114,-118.35886,1252.8,77.5
"2022",37.3761,-119.1783,2748.7,60.7666666666667
"2022",37.39,-118.5506,1414.3,79.9666666666667
"2022",37.4094,-119.7681,937.9,83.1
"2022",37.4431,-121.7706,629.7,70.6333333333333
"2022",37.4681,-120.1106,365.8,82.0333333333333
"2022",37.4725,-122.4433,8.2,58.1666666666667
"2022",37.475,-122.2981,196.3,67.8333333333333
"2022",37.4767,-122.2386,9.4,68.6666666666667
"2022",37.5019,-121.7355,932.7,71.5333333333333
"2022",37.50193,-120.84566,31.4,78.4333333333333
"2022",37.5042,-119.9869,680,78.0666666666667
"2022",37.5422,-122.0158,11.6,65.4666666666667
"2022",37.5436,-119.8386,1188.7,75.6333333333333
"2022",37.5514,-118.6672,2145.8,66.3666666666667
"2022",37.5531,-121.8439,374.9,68.3333333333333
"2022",37.5625,-122.4364,327.7,60.5
"2022",37.61962,-122.36562,3.2,64.9
"2022",37.62544,-120.95492,26.5,78.3666666666667
"2022",37.65886,-122.12116,9.6,66.5333333333333
"2022",37.6819,-121.3466,41.1,77.2
"2022",37.68194,-121.75139,161.2,73.3
"2022",37.69309,-121.8149,119.7,72.6666666666667
"2022",37.7178,-122.23301,1.5,64.5666666666667
"2022",37.745,-118.9833,2316.5,60.5333333333333
"2022",37.7592,-119.8208,2017.8,67.3666666666667
"2022",37.7617,-119.8247,2025.1,68.0666666666667
"2022",37.7705,-122.4269,45.7,61.0666666666667
"2022",37.7861,-122.1447,333.8,65
"2022",37.79589,-121.58319,18.6,78.9333333333333
"2022",37.7983,-122.2642,9.1,65.1333333333333
"2022",37.8172,-121.7789,621.8,74.9
"2022",37.8331,-120.5,310.9,79.6
"2022",37.8339,-122.0669,536.4,70.8666666666667
"2022",37.8431,-118.4778,1661.2,72.8
"2022",37.8444,-120.2258,853.4,73.9333333333333
"2022",37.8511,-119.65,2446,60.3333333333333
"2022",37.865,-122.2208,427.6,64.4333333333333
"2022",37.8744,-122.2605,94.5,65.8
"2022",37.8792,-121.9303,661.4,71.1666666666667
"2022",37.88997,-121.22637,8.3,78.1333333333333
"2022",37.9442,-122.1178,442,69.4
"2022",37.95,-121.8844,487.7,72.5333333333333
"2022",37.9566,-122.5447,44.2,68.6
"2022",37.9567,-119.1194,2071.7,67.8666666666667
"2022",37.9613,-119.783,1179.6,72.4666666666667
"2022",37.9906,-122.6447,426.7,68.7
"2022",37.99165,-122.05268,7,73.8
"2022",38.0047,-120.4863,292.6,79.9
"2022",38.0281,-122.7022,378,64.7333333333333
"2022",38.0394,-122.57,457.2,67.4
"2022",38.0631,-120.2469,1503.6,75.5666666666667
"2022",38.07,-119.23,2878.8,58.8666666666667
"2022",38.1,-122.1869,103.9,71.5333333333333
"2022",38.19127,-120.67075,335.3,75.5
"2022",38.2075,-122.28041,4.7,67.4
"2022",38.2577,-122.6077,6.1,67.3
"2022",38.2719,-119.2892,2026.9,66.2333333333333
"2022",38.2736,-122.0677,12.2,73.8333333333333
"2022",38.2777,-122.2647,10.7,70.0666666666667
"2022",38.28,-119.61,2931.3,56.4666666666667
"2022",38.2994,-122.4622,29.6,70.6333333333333
"2022",38.3,-119.55,2194,60.6333333333333
"2022",38.31,-119.6,2690.5,57.6333333333333
"2022",38.3208,-123.0747,19.2,57.3
"2022",38.3772,-120.8008,483.4,80.7
"2022",38.37753,-121.95854,31.7,77.3666666666667
"2022",38.3894,-120.6511,902.2,79.0333333333333
"2022",38.4,-119.54,2838.6,57.1666666666667
"2022",38.4305,-122.8647,61,69
"2022",38.44,-119.37,2814.2,56.8333333333333
"2022",38.45579,-122.71335,50.6,70.2
"2022",38.4786,-122.7119,175.6,67.6
"2022",38.4883,-120.325,1524,74.1666666666667
"2022",38.4916,-122.1241,146.3,74.3666666666667
"2022",38.492,-122.0039,57,78.7333333333333
"2022",38.50369,-122.81101,36.2,68.1666666666667
"2022",38.50659,-121.49604,5.9,76.7333333333333
"2022",38.5066,-122.4713,68.6,73
"2022",38.51,-119.63,2357.9,57.2666666666667
"2022",38.515,-123.2447,34.1,57.0666666666667
"2022",38.5252,-121.9777,41.1,77.9666666666667
"2022",38.5349,-121.7761,18.3,76.4666666666667
"2022",38.55,-119.8,2671.6,58.5
"2022",38.5552,-121.4183,11.6,78.8333333333333
"2022",38.5653,-119.4592,1658.1,74.8
"2022",38.573,-122.4405,522.7,68.9666666666667
"2022",38.57682,-122.57811,106.7,71.9333333333333
"2022",38.5908,-120.9336,275.8,77.2666666666667
"2022",38.61,-119.92,2455.8,58.4
"2022",38.62935,-122.86646,53.9,70.9
"2022",38.67,-119.82,1863.9,68.1666666666667
"2022",38.67,-119.61,2532.9,59.9333333333333
"2022",38.68,-119.96,2443.6,60.9333333333333
"2022",38.6829,-121.794,20.4,76.7
"2022",38.6833,-119.7667,1676.7,68.7
"2022",38.69,-119.99,2546,57.6666666666667
"2022",38.70069,-121.59479,7.5,78.7666666666667
"2022",38.72,-119.89,2477.7,54.9
"2022",38.7333,-120.245,1597.2,68.0333333333333
"2022",38.7383,-122.1447,107.9,80.4333333333333
"2022",38.7395,-119.518,1613,68.5666666666667
"2022",38.7583,-120.503,1051.6,73.0333333333333
"2022",38.7817,-122.9169,609.6,71.5666666666667
"2022",38.7852,-120.7419,810.2,77.9
"2022",38.79296,-123.0263,121.9,71.9
"2022",38.8325,-121.0086,365.8,76.1
"2022",38.84,-119.89,2608.2,59.2
"2022",38.85,-120.08,2337.8,61.4
"2022",38.85,-119.94,2370.1,56.9666666666667
"2022",38.8619,-122.4172,670.6,74.8
"2022",38.8825,-121.2683,61,79.5666666666667
"2022",38.89838,-119.99617,1907,64.25
"2022",38.9056,-120.6972,1426.5,74.9333333333333
"2022",38.9119,-122.7064,659.3,77.2666666666667
"2022",38.92,-119.92,2615.8,56.5
"2022",38.9238,-122.5672,411.2,73.7
"2022",38.93,-120.05,1900.7,59.8
"2022",38.9875,-123.3486,196.3,68.5666666666667
"2022",39,-120.13,2343.6,62.5333333333333
"2022",39.0189,-122.4119,635.5,79.2
"2022",39.0308,-123.0806,817.5,74.2
"2022",39.06,-120.1292,1924.8,64.8
"2022",39.0717,-120.4217,1597.2,69.6333333333333
"2022",39.0901,-120.947,723.3,75.8666666666667
"2022",39.0914,-120.7317,1327.4,74
"2022",39.10205,-121.56884,18.9,78.9
"2022",39.1258,-123.0736,975.4,72.4666666666667
"2022",39.12781,-123.20015,183.7,74.2333333333333
"2022",39.14,-120.22,2028.4,58.7
"2022",39.1439,-120.5089,2164.1,66.5333333333333
"2022",39.1678,-120.1428,1898.9,60.9
"2022",39.17,-120.15,2071.7,62.3666666666667
"2022",39.1836,-120.8847,861.4,74.8666666666667
"2022",39.1875,-122.0269,15.2,77.2333333333333
"2022",39.19,-120.26,2447.2,59.4333333333333
"2022",39.2041,-121.068,731.5,72.6666666666667
"2022",39.2083,-122.8083,1475.2,69.3333333333333
"2022",39.2466,-121.0008,847.6,73.75
"2022",39.27617,-120.70927,1611.2,68.9666666666667
"2022",39.3,-120.18,1983.9,64.8666666666667
"2022",39.3036,-121.1172,599.8,78.4
"2022",39.3167,-120.8375,1316.7,74.2666666666667
"2022",39.318,-120.145,1798.3,61.4
"2022",39.33,-120.37,2089.4,61.7666666666667
"2022",39.3528,-123.6011,180.7,64.2333333333333
"2022",39.3619,-123.1286,310.3,73.3
"2022",39.3669,-122.575,365.8,80.8
"2022",39.3886,-120.0936,1699.3,61.7666666666667
"2022",39.3975,-121.3861,244.8,78.7666666666667
"2022",39.4172,-122.1825,36.6,78.8
"2022",39.425,-122.9772,540.4,71.1333333333333
"2022",39.43,-120.31,2545.7,60.2
"2022",39.45,-120.29,2134.5,59.1
"2022",39.475,-121.2025,1132,73.9
"2022",39.4833,-120.075,2093.1,63.3666666666667
"2022",39.49,-120.28,1967.8,58.9333333333333
"2022",39.4943,-121.62226,56.9,81.2
"2022",39.51,-123.75639,37.5,58.5333333333333
"2022",39.5177,-121.553,52.1,79.4333333333333
"2022",39.5214,-120.0269,1654.8,67.7
"2022",39.52316,-122.3048,71.3,80.1
"2022",39.53194,-121.1611,1130.8,72.8
"2022",39.5619,-120.0478,1821.5,65.4666666666667
"2022",39.5633,-120.8238,888.5,69.2666666666667
"2022",39.5861,-122.5341,243.8,78.6333333333333
"2022",39.6375,-120.8653,2033,66.4666666666667
"2022",39.6514,-122.7236,1310.6,72.5666666666667
"2022",39.6681,-123.3211,740.1,71.0333333333333
"2022",39.7022,-123.485,554.7,70.1333333333333
"2022",39.7358,-121.4889,759,77.0666666666667
"2022",39.7458,-122.1997,77.4,80.5666666666667
"2022",39.8053,-120.4719,1478.3,67.25
"2022",39.8075,-122.945,1652,67.3666666666667
"2022",39.8333,-123.0833,457.2,74.4
"2022",39.8644,-122.6097,317,83.4
"2022",39.8717,-121.7689,528.2,81.1
"2022",39.9278,-122.6569,1131.7,75.2666666666667
"2022",39.9366,-120.9475,1042.4,68.5666666666667
"2022",39.9389,-122.1697,89.6,80.5333333333333
"2022",39.9733,-120.9419,1066.8,70.2666666666667
"2022",40.0017,-120.915,1377.7,72.7
"2022",40.0222,-120.1056,1292.4,72.7666666666667
"2022",40.0686,-121.5825,1466.7,71.5666666666667
"2022",40.1383,-123.8236,135.9,69.1666666666667
"2022",40.15186,-122.25478,108,81.8333333333333
"2022",40.1867,-123.5903,281.3,70.4666666666667
"2022",40.2461,-120.6422,1737.4,67.3333333333333
"2022",40.2506,-123.3158,832.7,70.9666666666667
"2022",40.2569,-124.2661,899.2,65.4
"2022",40.30209,-121.24391,1387.1,65.35
"2022",40.3067,-120.9,1767.8,67.9666666666667
"2022",40.3375,-123.0656,1378.8,69.8333333333333
"2022",40.3442,-121.7136,1267.7,75.2
"2022",40.3983,-122.8333,579.1,78.2666666666667
"2022",40.4167,-120.6631,1283.8,68.2
"2022",40.4633,-123.5239,845.8,68.1666666666667
"2022",40.4808,-120.1139,1339.6,67.9666666666667
"2022",40.4833,-124.1038,41.5,62.2333333333333
"2022",40.505,-123.3417,1219.2,69.3
"2022",40.51462,-122.29773,152.6,82.7666666666667
"2022",40.5158,-122.2906,152.4,81.5666666666667
"2022",40.54,-121.5803,1725.2,61.8666666666667
"2022",40.55,-123.165,708.1,70.4
"2022",40.5981,-121.0831,1722.1,59.9333333333333
"2022",40.6116,-122.528,394.7,82.1333333333333
"2022",40.6194,-121.8994,736.7,77.3333333333333
"2022",40.6306,-120.5028,1554.5,66.5
"2022",40.6507,-122.6068,432.2,78.9333333333333
"2022",40.7141,-122.4161,327.7,81.9333333333333
"2022",40.7219,-123.4953,792.5,71.7
"2022",40.7263,-122.7947,567.2,75.8333333333333
"2022",40.7308,-120.3164,1614.8,67.4
"2022",40.7333,-123.2333,457.2,77.5
"2022",40.7586,-120.8961,1889.8,64.1666666666667
"2022",40.7817,-120.7844,1877,65
"2022",40.7864,-122.8045,1008.3,73.3
"2022",40.8072,-121.2967,1752.6,68.5333333333333
"2022",40.8097,-124.1602,6.1,58.7333333333333
"2022",40.8892,-123.1422,1432.6,71.4666666666667
"2022",40.9167,-122.4383,1280.2,76.9333333333333
"2022",40.9258,-121.5856,1130.8,73.3
"2022",40.9316,-121.5433,919,68.3333333333333
"2022",40.97844,-124.10479,64.5,57.8666666666667
"2022",41.0064,-121.9833,518.2,76.9333333333333
"2022",41.0478,-123.6714,114.3,72.0666666666667
"2022",41.0547,-120.3375,1711.5,65.4666666666667
"2022",41.075,-122.3733,731.5,76.3666666666667
"2022",41.0975,-123.6358,1088.1,68.1666666666667
"2022",41.1117,-122.6967,1341.1,74.5666666666667
"2022",41.1383,-123.9056,804.7,63.8666666666667
"2022",41.1831,-122.28167,661.1,70.8333333333333
"2022",41.24,-120.79,1886.7,58.0333333333333
"2022",41.2694,-123.1875,1815.4,65.5333333333333
"2022",41.2706,-120.29845,1621.2,66.85
"2022",41.2769,-121.9794,975.4,63.8666666666667
"2022",41.2897,-123.8575,150.9,69.6333333333333
"2022",41.2944,-120.8639,1463,69.7666666666667
"2022",41.295,-120.3133,1889.8,64.9
"2022",41.3003,-123.1322,668.1,74.9
"2022",41.3075,-122.7958,955.9,73.2666666666667
"2022",41.314893,-122.317127,1083,69.4666666666667
"2022",41.3156,-122.3156,0,68.5666666666667
"2022",41.3322,-120.4725,1332.6,68.7
"2022",41.39,-123.4958,280.4,74.1666666666667
"2022",41.4272,-121.4639,1602.6,69.7
"2022",41.4789,-122.4539,893.1,73.4666666666667
"2022",41.48362,-120.5615,1335.9,66.0666666666667
"2022",41.53,-120.6714,1530.7,68.8
"2022",41.5301,-120.1791,1428.9,67.65
"2022",41.58,-120.3,2142.7,64.0666666666667
"2022",41.5992,-122.9336,1287.8,73.4333333333333
"2022",41.6294,-121.2981,1511.8,70.1
"2022",41.6431,-121.7939,1502.1,68.8
"2022",41.6853,-122.5942,914.4,74.9666666666667
"2022",41.70237,-122.64169,826.6,72.9333333333333
"2022",41.7358,-123.7917,1615.4,63.7666666666667
"2022",41.7417,-121.5383,1453.9,69.9
"2022",41.77373,-122.46825,806.1,74.2666666666667
"2022",41.775,-122.9503,1674.3,66.7666666666667
"2022",41.78361,-124.23796,17,58.1
"2022",41.7861,-122.0056,1645.9,68.8333333333333
"2022",41.8386,-122.85,591.3,74.3
"2022",41.8586,-123.3525,1423.4,69.7
"2022",41.8715,-120.1574,1444.4,69.3666666666667
"2022",41.89,-120.75,1575.8,64.3
"2022",41.95999,-121.47449,1230.8,66.5333333333333
"2022",41.97983,-122.33811,812.3,73.9
"2022",41.99,-120.72,1731.3,64.2666666666667
"2022",41.99,-120.18,2243.3,57.7
"2022",41.9919,-123.6036,1210.1,66.1
"2022",41.9992,-121.7003,1249.1,65.1666666666667
"2023",32.56797,-117.11715,7.2,67.4
"2023",32.57583,-116.99391,158.9,69.3333333333333
"2023",32.6058,-116.6089,714.8,71.0333333333333
"2023",32.6263,-116.4699,801.6,71.1666666666667
"2023",32.64,-117.0858,17.1,68.8666666666667
"2023",32.685,-116.9736,129.5,70.1
"2023",32.69219,-117.20983,4.4,68.3333333333333
"2023",32.7214,-116.4631,1049.4,69.4666666666667
"2023",32.7336,-117.1831,4.6,69.2
"2023",32.7397,-114.8839,66.1,92.6333333333333
"2023",32.76536,-117.2315,4.3,67.6
"2023",32.76654,-115.56638,-9.1,91.7666666666667
"2023",32.8005,-116.928,150.9,73.1
"2023",32.81453,-117.13747,127.5,70.2666666666667
"2023",32.83241,-115.66377,-14.1,92.2333333333333
"2023",32.8336,-116.7392,622.1,73.6666666666667
"2023",32.83464,-115.57656,-16.8,88.05
"2023",32.8358,-116.7774,516.6,73.0666666666667
"2023",32.8488,-115.5666,-19.5,92.7
"2023",32.8569,-116.6222,1060.7,70.1333333333333
"2023",32.86667,-117.13333,145.4,71.1
"2023",32.8672,-116.4194,1804.4,68.4333333333333
"2023",32.8797,-116.4203,1755.6,65.6333333333333
"2023",32.9083,-114.4944,91.4,93.5666666666667
"2023",32.9736,-115.1736,84.7,93.3
"2023",32.9897,-116.5872,1414.3,67.0666666666667
"2023",32.9903,-116.0669,231.6,93.6333333333333
"2023",33.0164,-116.6339,0,70.3
"2023",33.0216,-117.0813,210.3,70.4
"2023",33.03801,-116.915979,422,71.8333333333333
"2023",33.0736,-116.8458,466.3,72.9333333333333
"2023",33.0758,-116.5908,1292.4,69.7333333333333
"2023",33.0763,-116.5925,1284.7,70.0333333333333
"2023",33.121,-117.09,182.9,75
"2023",33.12993,-117.27651,95.3,68.9333333333333
"2023",33.1552,-116.1688,118.9,94.3666666666667
"2023",33.2097,-117.395,3,66
"2023",33.21946,-117.34962,9.1,68.7
"2023",33.22157,-117.03817,393.2,72.8333333333333
"2023",33.2222,-116.4975,1345.7,74.3333333333333
"2023",33.2354,-117.2322,131.1,69.8666666666667
"2023",33.2372,-117.0086,452,72.1333333333333
"2023",33.2372,-116.7614,823,69.4333333333333
"2023",33.2559,-116.4036,246.9,89.1333333333333
"2023",33.286,-117.456,27.1,69
"2023",33.378,-116.84,1691.6,69.4
"2023",33.3933,-116.795,838.8,72.3666666666667
"2023",33.40419,-118.41456,477,68.4666666666667
"2023",33.4392,-117.1904,347.5,72.2333333333333
"2023",33.445,-117.4181,707.1,71.3666666666667
"2023",33.4833,-119.0333,53.6,63.0666666666667
"2023",33.5286,-117.2306,603.5,71.7666666666667
"2023",33.5417,-117.5917,213.4,70.3
"2023",33.555,-116.673,1194.8,70.3666666666667
"2023",33.6031,-117.8836,3,67.2333333333333
"2023",33.61876,-114.71451,120.4,93.3333333333333
"2023",33.63166,-116.16412,-36,90
"2023",33.6472,-117.4111,926,75.2333333333333
"2023",33.6617,-115.7206,520,87.0333333333333
"2023",33.6667,-116.7667,1499.6,70.4666666666667
"2023",33.67975,-117.86746,13,71.6333333333333
"2023",33.686,-117.3458,386.5,76.6666666666667
"2023",33.7044,-115.6289,417.6,88.7
"2023",33.7086,-116.2152,-6.4,93.4
"2023",33.72,-117.723,164.6,69.9333333333333
"2023",33.7381,-116.8939,552,76.25
"2023",33.7403,-116.8414,594.4,76.8666666666667
"2023",33.7442,-117.8667,41.1,73.1333333333333
"2023",33.7572,-116.7066,1639.8,67.3333333333333
"2023",33.7965,-116.9753,464.8,78.1
"2023",33.8016,-118.3419,27.4,68.0666666666667
"2023",33.8081,-117.7111,542.8,72.6666666666667
"2023",33.81177,-118.14718,10.2,72.3333333333333
"2023",33.81299,-116.64193,2554.2,58.6
"2023",33.82216,-116.50433,124.7,92.0666666666667
"2023",33.8342,-118.3759,43.3,67.7
"2023",33.8647,-117.8425,70.7,74.9666666666667
"2023",33.87154,-117.98561,26.3,73.3666666666667
"2023",33.8767,-117.3089,524.3,75.3
"2023",33.89765,-117.60243,162.5,73.1333333333333
"2023",33.9,-117.25,468.2,75.1333333333333
"2023",33.92353,-118.33291,16.6,72.9333333333333
"2023",33.9306,-116.95,793.7,74.6333333333333
"2023",33.93816,-118.3866,29.7,67.6666666666667
"2023",33.95282,-117.43523,257.7,76.8333333333333
"2023",33.97563,-117.62487,193.9,75.7
"2023",33.9778,-120.0778,395.6,61.4666666666667
"2023",33.9839,-118.01,289.6,73.7333333333333
"2023",33.9958,-119.7222,76.2,67.0666666666667
"2023",34.005,-118.4139,28,69.2
"2023",34.0178,-116.1878,1280.2,76.0666666666667
"2023",34.02099,-118.44712,53.3,67.1333333333333
"2023",34.0456,-118.9358,15.2,65.2666666666667
"2023",34.05314,-117.57689,281.6,76.3
"2023",34.0583,-118.6333,480.1,71.4
"2023",34.0608,-114.7322,249.9,93.1333333333333
"2023",34.0678,-118.2417,115.2,72.4333333333333
"2023",34.0697,-118.4427,131.1,68.3666666666667
"2023",34.0836,-117.0347,899.2,74.2666666666667
"2023",34.0864,-116.5622,958.6,78.9666666666667
"2023",34.1208,-117.9458,152.4,66.8
"2023",34.1233,-116.4078,993.6,79.3333333333333
"2023",34.125,-118.4122,384,72.8666666666667
"2023",34.128,-116.0369,602,88.3
"2023",34.1369,-117.7069,501.4,73.0333333333333
"2023",34.1471,-116.2747,781.2,82.3
"2023",34.1472,-115.1219,281,94.05
"2023",34.1483,-118.1447,263.3,75.8666666666667
"2023",34.1547,-114.2908,128,85.4
"2023",34.1819,-118.5744,240.8,75.5
"2023",34.1847,-118.7172,502.9,74.6
"2023",34.1866,-118.348,199.6,72.5333333333333
"2023",34.1942,-116.9131,1712.4,66.0666666666667
"2023",34.19966,-118.36543,222.7,73.6333333333333
"2023",34.20012,-119.20417,11.9,65.7666666666667
"2023",34.2066,-119.1375,15.8,66.6666666666667
"2023",34.2069,-117.7606,792.5,72.2333333333333
"2023",34.2103,-116.6339,1828.8,72.9666666666667
"2023",34.21142,-119.08762,21.6,68.2666666666667
"2023",34.21214,-118.49146,239.2,77.2333333333333
"2023",34.2182,-116.4073,1050,79.7
"2023",34.2339,-117.4803,851,72.0666666666667
"2023",34.243,-116.917,2058.3,62.3333333333333
"2023",34.2661,-116.8989,2103.1,60.8333333333333
"2023",34.2711,-118.1525,914.4,72.7
"2023",34.28964,-114.17137,224.9,93.4666666666667
"2023",34.2936,-118.3608,423.7,71.6333333333333
"2023",34.29481,-118.18849,709,75.3666666666667
"2023",34.3175,-117.5019,1005.8,70.8666666666667
"2023",34.3194,-117.0131,2091.2,63.9333333333333
"2023",34.3294,-118.4005,472.4,75.3333333333333
"2023",34.3317,-118.0303,1661.2,59.6
"2023",34.3591,-116.5378,965.3,81.2666666666667
"2023",34.3617,-118.4217,1219.2,70.6
"2023",34.3717,-118.8408,501.4,72.1666666666667
"2023",34.3789,-117.6919,2108.3,66.5666666666667
"2023",34.3903,-118.0825,1530.4,70
"2023",34.3906,-116.5169,883.9,83.7
"2023",34.4141,-119.8796,5.5,63.6
"2023",34.4167,-119.6844,4.9,67.8
"2023",34.4241,-119.84249,2.5,66.2666666666667
"2023",34.425,-118.525,442,74.8
"2023",34.4311,-118.6828,389.5,74.3333333333333
"2023",34.4456,-117.8511,1152.1,75.0333333333333
"2023",34.4458,-118.2,792.5,73.8
"2023",34.4477,-119.2275,227.1,69.5
"2023",34.4614,-119.6481,457.2,68.8666666666667
"2023",34.4806,-118.7556,347.5,72.9
"2023",34.5025,-117.8969,945.2,79.4
"2023",34.5358,-119.7833,310.9,73.0666666666667
"2023",34.5431,-119.1842,1015.3,66.5333333333333
"2023",34.5686,-118.7403,1255.8,71.6666666666667
"2023",34.58223,-119.98159,240.5,71
"2023",34.5883,-118.0938,796.1,79.1333333333333
"2023",34.5958,-118.5786,1502.7,72.7666666666667
"2023",34.62944,-118.08309,764.7,78.3666666666667
"2023",34.6344,-117.5503,877.8,78.2666666666667
"2023",34.6538,-120.4513,22.9,62.9333333333333
"2023",34.6819,-119.3539,1118.6,71.5
"2023",34.6847,-117.8208,789.4,78.5666666666667
"2023",34.705,-118.4297,932.7,73.4666666666667
"2023",34.7325,-118.3833,841.2,77.7666666666667
"2023",34.7331,-120.0067,975.4,72.7333333333333
"2023",34.74121,-118.21255,712.6,79.3666666666667
"2023",34.74361,-118.72528,1374.6,72.2666666666667
"2023",34.7586,-120.4861,320,61.7333333333333
"2023",34.76783,-114.61842,270.6,94.7333333333333
"2023",34.8083,-119.0125,1493.5,62.6333333333333
"2023",34.85371,-116.78702,584.8,86.5333333333333
"2023",34.8927,-117.0219,676.7,83.3
"2023",34.89403,-120.45216,74.2,62.7333333333333
"2023",34.9455,-119.6827,658.4,73.7333333333333
"2023",34.988,-120.3211,177.4,65.3
"2023",35.0964,-119.7728,759,76.6333333333333
"2023",35.1231,-115.4114,1649.9,73.9666666666667
"2023",35.1542,-117.1756,987.6,80.3666666666667
"2023",35.1889,-120.0833,1149.1,72.4333333333333
"2023",35.23815,-120.64406,55.8,67
"2023",35.3056,-120.6619,93.9,66.1666666666667
"2023",35.37,-117.5683,1103.4,79.3333333333333
"2023",35.3811,-120.1875,496.8,71.2666666666667
"2023",35.4186,-119.0508,143.3,80.9666666666667
"2023",35.43424,-119.05524,149.3,82.3333333333333
"2023",35.4783,-117.6989,1338.1,78.3333333333333
"2023",35.4867,-119.1458,123.1,81.75
"2023",35.5317,-118.6303,718.1,77.3
"2023",35.5892,-119.352,88.7,79.9
"2023",35.6277,-120.6855,222.5,70.7666666666667
"2023",35.6466,-118.3608,808.9,83.1
"2023",35.6564,-120.9242,303,70.2
"2023",35.6647,-118.0569,1698.3,72.7
"2023",35.66936,-120.62918,249.8,72.2333333333333
"2023",35.6841,-121.1683,465.1,67.0666666666667
"2023",35.686254,-117.690911,680,84.2666666666667
"2023",35.7217,-118.4989,960.1,74.8666666666667
"2023",35.7636,-117.3908,516.6,86.7666666666667
"2023",35.7706,-115.9092,1524,77.6333333333333
"2023",35.8644,-120.8031,163.7,74.1333333333333
"2023",35.8717,-117.9183,1264.9,82.2
"2023",35.8842,-118.0517,2507.9,61.6333333333333
"2023",35.8889,-118.6333,1133.9,71.5333333333333
"2023",35.8922,-118.915,64,78.1666666666667
"2023",35.8989,-120.4319,467.9,72.5666666666667
"2023",35.9717,-118.545,1432.6,66.1333333333333
"2023",36.0067,-119.96,73.2,83.1
"2023",36.0117,-121.2417,335.3,72.2
"2023",36.0333,-120.0569,246.9,82.2
"2023",36.0931,-118.2603,2499.4,60.4333333333333
"2023",36.0975,-119.5817,61,80.1666666666667
"2023",36.1753,-118.7017,987.6,75.3666666666667
"2023",36.2032,-119.0545,132.6,76.7
"2023",36.2069,-121.1377,97.5,68.6
"2023",36.23,-121.4917,298.7,72.2333333333333
"2023",36.2314,-118.8689,586.1,80.2666666666667
"2023",36.2356,-121.785,137.2,63.3666666666667
"2023",36.2472,-121.7802,61,63.0666666666667
"2023",36.3114,-119.62319,76,80.2666666666667
"2023",36.3158,-119.637,72.2,80.4333333333333
"2023",36.3478,-120.5978,1524,69.1666666666667
"2023",36.3642,-120.1561,86.9,81.1
"2023",36.3817,-119.0264,156.4,79.6666666666667
"2023",36.3825,-120.8558,1137.8,73.3666666666667
"2023",36.3886,-121.5517,574.5,68.2666666666667
"2023",36.4108,-118.8092,1966,64.6666666666667
"2023",36.445,-118.7033,1597.2,71.3333333333333
"2023",36.46263,-116.8672,-59.1,100.033333333333
"2023",36.4708,-121.1472,402.9,73.3666666666667
"2023",36.4819,-121.1822,398.4,70.3
"2023",36.5625,-117.4736,2097,66.7
"2023",36.5672,-118.9556,1240.2,73.5
"2023",36.59041,-121.84881,48.8,60.5333333333333
"2023",36.5927,-121.8555,37.2,59.5666666666667
"2023",36.602,-117.1449,25.6,98.9666666666667
"2023",36.66352,-121.60928,22.3,64.6666666666667
"2023",36.6853,-119,1237.5,72.2
"2023",36.7242,-118.9425,2298.2,63.4
"2023",36.7269,-120.7658,619.4,78.6666666666667
"2023",36.73751,-118.96197,2005.6,61.1
"2023",36.7672,-119.7092,103,85.7
"2023",36.77999,-119.72016,101.9,81.8333333333333
"2023",36.7878,-118.6561,1438.7,66.9333333333333
"2023",36.8422,-121.3622,123.1,67.3333333333333
"2023",36.8425,-118.2594,1479.8,76.6666666666667
"2023",36.8483,-121.4213,83.8,66.8
"2023",36.8839,-119.4658,280.4,82.5333333333333
"2023",36.9111,-119.305,469.4,79.8333333333333
"2023",36.9308,-121.7691,29,62.1
"2023",36.93936,-121.79001,49.5,62.1333333333333
"2023",36.9614,-119.175,1538.6,72.3333333333333
"2023",36.98505,-120.11068,76.6,78
"2023",36.9911,-121.7978,137.2,65.2666666666667
"2023",36.99574,-119.70691,131.1,77.4
"2023",37.0153,-119.5678,366.1,76.0333333333333
"2023",37.0544,-119.3711,1249.7,73.3
"2023",37.0547,-121.0531,106.7,77.2666666666667
"2023",37.0563,-120.8666,36.6,77.1
"2023",37.0664,-119.0394,1727.6,60.5666666666667
"2023",37.08689,-122.08221,132.6,70.2333333333333
"2023",37.1317,-122.17,801.6,68.4666666666667
"2023",37.135,-119.2561,1751.4,62.7
"2023",37.1822,-120.7939,19.8,75.7
"2023",37.2028,-121.9428,609.6,70.1333333333333
"2023",37.2319,-119.5083,963.2,76.0333333333333
"2023",37.2321,-118.5994,2581.7,53.4333333333333
"2023",37.2331,-119.5047,829.1,76.2
"2023",37.2381,-120.8825,23.8,73.4666666666667
"2023",37.2811,-121.0177,27.4,80.2333333333333
"2023",37.28597,-120.51788,46.5,77.6666666666667
"2023",37.2888,-120.5158,46.9,76.7666666666667
"2023",37.3053,-122.255,265.8,63.2
"2023",37.3133,-122.185,691.9,66.3333333333333
"2023",37.3147,-119.0383,2256.4,62.0666666666667
"2023",37.3292,-121.2939,563.9,75.6333333333333
"2023",37.34336,-121.63473,1286.3,68.8666666666667
"2023",37.353,-120.1623,128,78.75
"2023",37.3581,-122.1472,196.6,68.4666666666667
"2023",37.35938,-121.92444,15,69.5666666666667
"2023",37.37114,-118.35886,1252.8,74
"2023",37.39,-118.5506,1414.3,76.4
"2023",37.4094,-119.7681,937.9,78.6666666666667
"2023",37.4431,-121.7706,629.7,69.9333333333333
"2023",37.4681,-120.1106,365.8,79.2333333333333
"2023",37.4725,-122.4433,8.2,57.7333333333333
"2023",37.475,-122.2981,196.3,66.7
"2023",37.4767,-122.2386,9.4,67.9666666666667
"2023",37.5019,-121.7355,932.7,69.9333333333333
"2023",37.50193,-120.84566,31.4,77.4333333333333
"2023",37.5042,-119.9869,680,75.3
"2023",37.5122,-119.6331,1538.3,63.4
"2023",37.5422,-122.0158,11.6,65.4333333333333
"2023",37.5436,-119.8386,1188.7,73.0666666666667
"2023",37.5514,-118.6672,2145.8,63.3666666666667
"2023",37.5531,-121.8439,374.9,68.2333333333333
"2023",37.5625,-122.4364,327.7,60.3666666666667
"2023",37.61962,-122.36562,3.2,64.8333333333333
"2023",37.62544,-120.95492,26.5,76.6
"2023",37.65886,-122.12116,9.6,66.5
"2023",37.6819,-121.3466,41.1,75.2666666666667
"2023",37.68194,-121.75139,161.2,72.7333333333333
"2023",37.69309,-121.8149,119.7,71.7333333333333
"2023",37.7178,-122.23301,1.5,63.8666666666667
"2023",37.745,-118.9833,2316.5,58.0333333333333
"2023",37.75027,-119.58972,1224.7,71
"2023",37.7592,-119.8208,2017.8,63.9333333333333
"2023",37.7617,-119.8247,2025.1,64.6
"2023",37.7705,-122.4269,45.7,60.8
"2023",37.7861,-122.1447,333.8,64.3666666666667
"2023",37.79589,-121.58319,18.6,77.6666666666667
"2023",37.7983,-122.2642,9.1,64.1333333333333
"2023",37.8172,-121.7789,621.8,72.7333333333333
"2023",37.8331,-120.5,310.9,77.8
"2023",37.8339,-122.0669,536.4,69.4
"2023",37.8431,-118.4778,1661.2,69.2
"2023",37.8444,-120.2258,853.4,72
"2023",37.8511,-119.65,2446,58.9
"2023",37.865,-122.2208,427.6,63.3666666666667
"2023",37.8744,-122.2605,94.5,66.3
"2023",37.8792,-121.9303,661.4,69.3
"2023",37.88997,-121.22637,8.3,76.6666666666667
"2023",37.9442,-122.1178,442,68.1333333333333
"2023",37.95,-121.8844,487.7,71.3333333333333
"2023",37.9566,-122.5447,44.2,67.4666666666667
"2023",37.9567,-119.1194,2071.7,65.5666666666667
"2023",37.9613,-119.783,1179.6,69.6666666666667
"2023",37.9672,-120.3872,510.5,72.0666666666667
"2023",37.9906,-122.6447,426.7,68.0666666666667
"2023",37.99165,-122.05268,7,72.2666666666667
"2023",37.9983,-122.5372,36.6,68.7666666666667
"2023",38.0047,-120.4863,292.6,78.1666666666667
"2023",38.0281,-122.7022,378,64.4333333333333
"2023",38.0394,-122.57,457.2,66.9333333333333
"2023",38.0631,-120.2469,1503.6,72.3666666666667
"2023",38.07,-119.23,2878.8,54.8333333333333
"2023",38.1,-122.1869,103.9,70.1333333333333
"2023",38.19127,-120.67075,335.3,75.6
"2023",38.2075,-122.28041,4.7,66.8333333333333
"2023",38.2577,-122.6077,6.1,67.0333333333333
"2023",38.2719,-119.2892,2026.9,63.6666666666667
"2023",38.2736,-122.0677,12.2,72.5
"2023",38.2777,-122.2647,10.7,68.4333333333333
"2023",38.28,-119.61,2931.3,53.4
"2023",38.2994,-122.4622,29.6,69.2
"2023",38.3,-119.55,2194,57.5666666666667
"2023",38.31,-119.6,2690.5,54.2333333333333
"2023",38.3208,-123.0747,19.2,57.4666666666667
"2023",38.37753,-121.95854,31.7,75.6
"2023",38.3894,-120.6511,902.2,76.7666666666667
"2023",38.4,-119.54,2838.6,54.0666666666667
"2023",38.4305,-122.8647,61,67.5666666666667
"2023",38.44,-119.37,2814.2,53.7
"2023",38.45579,-122.71335,50.6,68.6333333333333
"2023",38.4786,-122.7119,175.6,65.8666666666667
"2023",38.4883,-120.325,1524,72.0666666666667
"2023",38.4916,-122.1241,146.3,72.2
"2023",38.492,-122.0039,57,77.1
"2023",38.50369,-122.81101,36.2,67.8666666666667
"2023",38.50659,-121.49604,5.9,74.7333333333333
"2023",38.51,-119.63,2357.9,54.7
"2023",38.515,-123.2447,34.1,56.5666666666667
"2023",38.5252,-121.9777,41.1,75.8666666666667
"2023",38.5349,-121.7761,18.3,74.7666666666667
"2023",38.55,-119.8,2671.6,55.6
"2023",38.5552,-121.4183,11.6,77.3333333333333
"2023",38.5653,-119.4592,1658.1,71.8333333333333
"2023",38.573,-122.4405,522.7,67.4666666666667
"2023",38.57682,-122.57811,106.7,70.8666666666667
"2023",38.5908,-120.9336,275.8,75.9666666666667
"2023",38.61,-119.92,2455.8,53.1
"2023",38.62935,-122.86646,53.9,69.3666666666667
"2023",38.67,-119.82,1863.9,64.6333333333333
"2023",38.67,-119.61,2532.9,57.4
"2023",38.68,-119.96,2443.6,57.6333333333333
"2023",38.6833,-119.7667,1676.7,65.9666666666667
"2023",38.69,-119.99,2546,54.4
"2023",38.70069,-121.59479,7.5,77
"2023",38.72,-119.89,2477.7,51.6
"2023",38.7333,-120.245,1597.2,66.1
"2023",38.7383,-122.1447,107.9,78.8333333333333
"2023",38.7395,-119.518,1613,68.8333333333333
"2023",38.7817,-122.9169,609.6,69.5
"2023",38.79296,-123.0263,121.9,71.2
"2023",38.8325,-121.0086,365.8,74.5666666666667
"2023",38.84,-119.89,2608.2,55.8666666666667
"2023",38.85,-120.08,2337.8,58.7333333333333
"2023",38.85,-119.94,2370.1,54.1333333333333
"2023",38.8619,-122.4172,670.6,73.5666666666667
"2023",38.8825,-121.2683,61,77.8333333333333
"2023",38.89838,-119.99617,1907,59.4666666666667
"2023",38.9056,-120.6972,1426.5,72.8666666666667
"2023",38.9119,-122.7064,659.3,76.4666666666667
"2023",38.92,-119.92,2615.8,53.9
"2023",38.93,-120.05,1900.7,58
"2023",38.9875,-123.3486,196.3,68.8
"2023",39,-120.13,2343.6,59.4
"2023",39.0189,-122.4119,635.5,78.3
"2023",39.0308,-123.0806,817.5,73.6
"2023",39.06,-120.1292,1924.8,58.4
"2023",39.0717,-120.4217,1597.2,68.2
"2023",39.0901,-120.947,723.3,73.8333333333333
"2023",39.0914,-120.7317,1327.4,63.5
"2023",39.10205,-121.56884,18.9,77.5666666666667
"2023",39.1258,-123.0736,975.4,72.6666666666667
"2023",39.12781,-123.20015,183.7,74.2
"2023",39.14,-120.22,2028.4,56.6
"2023",39.1439,-120.5089,2164.1,62.9666666666667
"2023",39.1678,-120.1428,1898.9,58.5
"2023",39.17,-120.15,2071.7,60.2333333333333
"2023",39.1836,-120.8847,861.4,73.1333333333333
"2023",39.1875,-122.0269,15.2,72.2333333333333
"2023",39.19,-120.26,2447.2,57.1
"2023",39.2041,-121.068,731.5,71.9
"2023",39.2083,-122.8083,1475.2,69.3333333333333
"2023",39.2466,-121.0008,847.6,72.1
"2023",39.27617,-120.70927,1611.2,67.1
"2023",39.3,-120.18,1983.9,62.1
"2023",39.3036,-121.1172,599.8,76.6
"2023",39.3167,-120.8375,1316.7,72.2333333333333
"2023",39.318,-120.145,1798.3,59.4666666666667
"2023",39.33,-120.37,2089.4,59.5
"2023",39.3528,-123.6011,180.7,64.3666666666667
"2023",39.3619,-123.1286,310.3,73.3
"2023",39.3669,-122.575,365.8,74.2666666666667
"2023",39.3886,-120.0936,1699.3,61.5
"2023",39.3975,-121.3861,244.8,77.1333333333333
"2023",39.4172,-122.1825,36.6,77.1333333333333
"2023",39.425,-122.9772,540.4,71.0333333333333
"2023",39.43,-120.31,2545.7,57.6
"2023",39.45,-120.29,2134.5,57.3
"2023",39.475,-121.2025,1132,72.7333333333333
"2023",39.4833,-120.075,2093.1,61.8333333333333
"2023",39.49,-120.28,1967.8,57.1333333333333
"2023",39.4943,-121.62226,56.9,79.9
"2023",39.51,-123.75639,37.5,58.4333333333333
"2023",39.5214,-120.0269,1654.8,65.5666666666667
"2023",39.52316,-122.3048,71.3,80.3
"2023",39.5619,-120.0478,1821.5,63.2
"2023",39.5633,-120.8238,888.5,68.3
"2023",39.5833,-120.3705,1516.4,64.8
"2023",39.5861,-122.5341,243.8,77.3666666666667
"2023",39.6375,-120.8653,2033,65.5333333333333
"2023",39.6514,-122.7236,1310.6,71.3333333333333
"2023",39.6681,-123.3211,740.1,70.6
"2023",39.7022,-123.485,554.7,71.1333333333333
"2023",39.7358,-121.4889,759,75.7333333333333
"2023",39.7458,-122.1997,77.4,78.8666666666667
"2023",39.8053,-120.4719,1478.3,63.8333333333333
"2023",39.8075,-122.945,1652,66.1
"2023",39.8333,-123.0833,457.2,74.3666666666667
"2023",39.8644,-122.6097,317,82.2
"2023",39.8717,-121.7689,528.2,79.1666666666667
"2023",39.9278,-122.6569,1131.7,73.7666666666667
"2023",39.9366,-120.9475,1042.4,68.3
"2023",39.9389,-122.1697,89.6,79.2
"2023",39.9733,-120.9419,1066.8,69.3333333333333
"2023",40.0017,-120.915,1377.7,70.4666666666667
"2023",40.0222,-120.1056,1292.4,71.0666666666667
"2023",40.0686,-121.5825,1466.7,70.3666666666667
"2023",40.1383,-123.8236,135.9,69.4
"2023",40.15186,-122.25478,108,81.3333333333333
"2023",40.1867,-123.5903,281.3,70.5666666666667
"2023",40.2461,-120.6422,1737.4,65.6333333333333
"2023",40.2506,-123.3158,832.7,68.2333333333333
"2023",40.2569,-124.2661,899.2,65.2666666666667
"2023",40.295,-122.8667,1066.8,72.8
"2023",40.3067,-120.9,1767.8,65.9333333333333
"2023",40.3375,-123.0656,1378.8,69.4666666666667
"2023",40.3442,-121.7136,1267.7,74.0333333333333
"2023",40.3458,-121.6091,1485.9,62.7
"2023",40.3983,-122.8333,579.1,77.1666666666667
"2023",40.4167,-120.6631,1283.8,67
"2023",40.4633,-123.5239,845.8,67.9333333333333
"2023",40.4808,-120.1139,1339.6,67.1666666666667
"2023",40.4833,-124.1038,41.5,62.9666666666667
"2023",40.505,-123.3417,1219.2,68.9
"2023",40.51462,-122.29773,152.6,82.4666666666667
"2023",40.5158,-122.2906,152.4,81.2
"2023",40.54,-121.5803,1725.2,60.1333333333333
"2023",40.55,-123.165,708.1,69.9
"2023",40.5981,-121.0831,1722.1,59.2666666666667
"2023",40.6116,-122.528,394.7,81.1666666666667
"2023",40.6194,-121.8994,736.7,76.7
"2023",40.6306,-120.5028,1554.5,65.1333333333333
"2023",40.6507,-122.6068,432.2,78.0333333333333
"2023",40.7141,-122.4161,327.7,80.9666666666667
"2023",40.7219,-123.4953,792.5,71.7
"2023",40.7263,-122.7947,567.2,74.7333333333333
"2023",40.7308,-120.3164,1614.8,65.6666666666667
"2023",40.7333,-123.2333,457.2,76.5666666666667
"2023",40.7586,-120.8961,1889.8,61.9
"2023",40.7817,-120.7844,1877,62.8
"2023",40.7864,-122.8045,1008.3,72.5333333333333
"2023",40.8072,-121.2967,1752.6,66.4
"2023",40.8097,-124.1602,6.1,57.9333333333333
"2023",40.8892,-123.1422,1432.6,71.2
"2023",40.9167,-122.4383,1280.2,75.4666666666667
"2023",40.9258,-121.5856,1130.8,72.3333333333333
"2023",40.9316,-121.5433,919,67.5333333333333
"2023",40.97844,-124.10479,64.5,58.7
"2023",41.0064,-121.9833,518.2,75.4
"2023",41.0478,-123.6714,114.3,72.2666666666667
"2023",41.0547,-120.3375,1711.5,63.2333333333333
"2023",41.075,-122.3733,731.5,75.8333333333333
"2023",41.0975,-123.6358,1088.1,69.1333333333333
"2023",41.1383,-123.9056,804.7,63.5
"2023",41.1831,-122.28167,661.1,70.4
"2023",41.24,-120.79,1886.7,56.9333333333333
"2023",41.2694,-123.1875,1815.4,65.8333333333333
"2023",41.2706,-120.29845,1621.2,63.8333333333333
"2023",41.2769,-121.9794,975.4,63.1
"2023",41.2897,-123.8575,150.9,70.8
"2023",41.2944,-120.8639,1463,68.1666666666667
"2023",41.295,-120.3133,1889.8,62.7333333333333
"2023",41.3003,-123.1322,668.1,74.7
"2023",41.30206,-123.53851,122.8,74.5333333333333
"2023",41.3075,-122.7958,955.9,72.2666666666667
"2023",41.314893,-122.317127,1083,68.9333333333333
"2023",41.3156,-122.3156,0,67.8333333333333
"2023",41.3322,-120.4725,1332.6,66.7333333333333
"2023",41.39,-123.4958,280.4,74.6333333333333
"2023",41.4272,-121.4639,1602.6,68.3666666666667
"2023",41.4789,-122.4539,893.1,72.8
"2023",41.48362,-120.5615,1335.9,65.1333333333333
"2023",41.53,-120.6714,1530.7,67.3
"2023",41.5301,-120.1791,1428.9,70.95
"2023",41.58,-120.3,2142.7,61.7333333333333
"2023",41.5992,-122.9336,1287.8,72.7666666666667
"2023",41.6294,-121.2981,1511.8,68.3666666666667
"2023",41.6431,-121.7939,1502.1,67.3333333333333
"2023",41.6853,-122.5942,914.4,74.3333333333333
"2023",41.70237,-122.64169,826.6,73.1
"2023",41.7358,-123.7917,1615.4,66.8
"2023",41.7417,-121.5383,1453.9,68.2333333333333
"2023",41.77373,-122.46825,806.1,72.9666666666667
"2023",41.775,-122.9503,1674.3,66.7
"2023",41.78339,-122.0446,1300,61.1
"2023",41.78361,-124.23796,17,56.9333333333333
"2023",41.7861,-122.0056,1645.9,67.2333333333333
"2023",41.8386,-122.85,591.3,75.3333333333333
"2023",41.8586,-123.3525,1423.4,70.0666666666667
"2023",41.8715,-120.1574,1444.4,66.8666666666667
"2023",41.89,-120.75,1575.8,62.8333333333333
"2023",41.95999,-121.47449,1230.8,65.4
"2023",41.99,-120.72,1731.3,63
"2023",41.99,-120.18,2243.3,55.7666666666667
"2023",41.9919,-123.6036,1210.1,67.1333333333333
"2023",41.9992,-121.7003,1249.1,64.4333333333333
"2024",32.57583,-116.99391,158.9,70.7666666666667
"2024",32.6058,-116.6089,714.8,74
"2024",32.6263,-116.4699,801.6,74.3666666666667
"2024",32.64,-117.0858,17.1,69.5
"2024",32.685,-116.9736,129.5,71.1333333333333
"2024",32.69219,-117.20983,4.4,70.2
"2024",32.7214,-116.4631,1049.4,74.1333333333333
"2024",32.7336,-117.1831,4.6,70.9
"2024",32.7397,-114.8839,66.1,95.6666666666667
"2024",32.76536,-117.2315,4.3,69
"2024",32.76654,-115.56638,-9.1,94.3333333333333
"2024",32.8005,-116.928,150.9,74.4666666666667
"2024",32.81453,-117.13747,127.5,71.3333333333333
"2024",32.83241,-115.66377,-14.1,96.9
"2024",32.8336,-116.7392,622.1,77.4
"2024",32.83464,-115.57656,-16.8,94.15
"2024",32.8358,-116.7774,516.6,75.3333333333333
"2024",32.8488,-115.5666,-19.5,94.8
"2024",32.8569,-116.6222,1060.7,74.1
"2024",32.86667,-117.13333,145.4,65.2
"2024",32.8672,-116.4194,1804.4,72.4
"2024",32.8797,-116.4203,1755.6,69.6
"2024",32.9083,-114.4944,91.4,97.2333333333333
"2024",32.9736,-115.1736,84.7,96.9666666666667
"2024",32.9897,-116.5872,1414.3,72.9
"2024",32.9903,-116.0669,231.6,97
"2024",33.0164,-116.6339,0,74.6
"2024",33.0216,-117.0813,210.3,72
"2024",33.03801,-116.915979,422,73.8666666666667
"2024",33.0736,-116.8458,466.3,75.5333333333333
"2024",33.0758,-116.5908,1292.4,74.6
"2024",33.0763,-116.5925,1284.7,74.8333333333333
"2024",33.121,-117.09,182.9,77.1
"2024",33.12993,-117.27651,95.3,68.2666666666667
"2024",33.1552,-116.1688,118.9,97.9
"2024",33.2097,-117.395,3,66.8333333333333
"2024",33.21946,-117.34962,9.1,70.4
"2024",33.22157,-117.03817,393.2,75.2666666666667
"2024",33.2222,-116.4975,1345.7,79.2666666666667
"2024",33.2354,-117.2322,131.1,71.8333333333333
"2024",33.2372,-117.0086,452,74.5333333333333
"2024",33.2372,-116.7614,823,73.0666666666667
"2024",33.2559,-116.4036,246.9,93.6666666666667
"2024",33.378,-116.84,1691.6,74.8666666666667
"2024",33.3933,-116.795,838.8,76.4666666666667
"2024",33.40419,-118.41456,477,69.2333333333333
"2024",33.4392,-117.1904,347.5,73.9666666666667
"2024",33.445,-117.4181,707.1,74.6333333333333
"2024",33.4833,-119.0333,53.6,62.7
"2024",33.5286,-117.2306,603.5,73.8666666666667
"2024",33.5417,-117.5917,213.4,71.8666666666667
"2024",33.555,-116.673,1194.8,75.1333333333333
"2024",33.6031,-117.8836,3,67.9333333333333
"2024",33.61876,-114.71451,120.4,97.4
"2024",33.63166,-116.16412,-36,92.1
"2024",33.6472,-117.4111,926,79.2
"2024",33.6617,-115.7206,520,90.3333333333333
"2024",33.6667,-116.7667,1499.6,75.9333333333333
"2024",33.67975,-117.86746,13,72.2666666666667
"2024",33.686,-117.3458,386.5,80.2666666666667
"2024",33.7044,-115.6289,417.6,93.3333333333333
"2024",33.7086,-116.2152,-6.4,98.8
"2024",33.72,-117.723,164.6,75.0333333333333
"2024",33.7403,-116.8414,594.4,80.5333333333333
"2024",33.7442,-117.8667,41.1,74.2666666666667
"2024",33.7572,-116.7066,1639.8,71.6333333333333
"2024",33.7965,-116.9753,464.8,81.4666666666667
"2024",33.8016,-118.3419,27.4,69.0333333333333
"2024",33.80807,-115.45138,296.6,92.4
"2024",33.8081,-117.7111,542.8,74.9333333333333
"2024",33.81177,-118.14718,10.2,73.8333333333333
"2024",33.81299,-116.64193,2554.2,63.5666666666667
"2024",33.82216,-116.50433,124.7,96.2333333333333
"2024",33.8342,-118.3759,43.3,68.4
"2024",33.8647,-117.8425,70.7,75.1
"2024",33.87154,-117.98561,26.3,74.5
"2024",33.8767,-117.3089,524.3,78.1666666666667
"2024",33.89765,-117.60243,162.5,75.2666666666667
"2024",33.9,-117.25,468.2,78.2
"2024",33.92353,-118.33291,16.6,70.6
"2024",33.9306,-116.95,793.7,78.5
"2024",33.93816,-118.3866,29.7,68.2666666666667
"2024",33.95282,-117.43523,257.7,79.3
"2024",33.97563,-117.62487,193.9,77.1
"2024",33.9778,-120.0778,395.6,60.3
"2024",33.9839,-118.01,289.6,74.2666666666667
"2024",33.9958,-119.7222,76.2,67.6333333333333
"2024",34.005,-118.4139,28,69.5
"2024",34.0178,-116.1878,1280.2,80.8666666666667
"2024",34.02099,-118.44712,53.3,68.8333333333333
"2024",34.0456,-118.9358,15.2,65
"2024",34.05314,-117.57689,281.6,78.8333333333333
"2024",34.0583,-118.6333,480.1,71.7333333333333
"2024",34.0608,-114.7322,249.9,96.2333333333333
"2024",34.0678,-118.2417,115.2,73.2666666666667
"2024",34.0697,-118.4427,131.1,68.6666666666667
"2024",34.0836,-117.0347,899.2,78.5
"2024",34.1208,-117.9458,152.4,76.8
"2024",34.1233,-116.4078,993.6,84.2666666666667
"2024",34.12407,-119.12281,3.8,64.2666666666667
"2024",34.125,-118.4122,384,74.4333333333333
"2024",34.128,-116.0369,602,92.1
"2024",34.1369,-117.7069,501.4,75.9
"2024",34.1471,-116.2747,781.2,86.9
"2024",34.1472,-115.1219,281,98.1
"2024",34.1483,-118.1447,263.3,78.1666666666667
"2024",34.1819,-118.5744,240.8,78.4666666666667
"2024",34.1847,-118.7172,502.9,77.5
"2024",34.1866,-118.348,199.6,74.0666666666667
"2024",34.1942,-116.9131,1712.4,70.7
"2024",34.19966,-118.36543,222.7,75.5333333333333
"2024",34.20012,-119.20417,11.9,65.9
"2024",34.2066,-119.1375,15.8,66.2666666666667
"2024",34.2069,-117.7606,792.5,76.4
"2024",34.2103,-116.6339,1828.8,78.0333333333333
"2024",34.21142,-119.08762,21.6,70.1
"2024",34.21214,-118.49146,239.2,77.9333333333333
"2024",34.2182,-116.4073,1050,84.7
"2024",34.2339,-117.4803,851,76.2
"2024",34.243,-116.917,2058.3,66.6666666666667
"2024",34.2661,-116.8989,2103.1,65.3666666666667
"2024",34.2711,-118.1525,914.4,77.7
"2024",34.28964,-114.17137,224.9,97.0333333333333
"2024",34.2936,-118.3608,423.7,74.1
"2024",34.29481,-118.18849,709,79.6666666666667
"2024",34.3175,-117.5019,1005.8,75.2
"2024",34.3194,-117.0131,2091.2,68.4
"2024",34.3294,-118.4005,472.4,79.3333333333333
"2024",34.3317,-118.0303,1661.2,76.5
"2024",34.3591,-116.5378,965.3,86.45
"2024",34.3617,-118.4217,1219.2,76.2
"2024",34.3717,-118.8408,501.4,74.7333333333333
"2024",34.3789,-117.6919,2108.3,71.5333333333333
"2024",34.3903,-118.0825,1530.4,76.1333333333333
"2024",34.3906,-116.5169,883.9,87.6
"2024",34.4141,-119.8796,5.5,62.8666666666667
"2024",34.4167,-119.6844,4.9,67.5
"2024",34.4241,-119.84249,2.5,64.9333333333333
"2024",34.425,-118.525,442,78.2
"2024",34.4311,-118.6828,389.5,77.3333333333333
"2024",34.4456,-117.8511,1152.1,79.5333333333333
"2024",34.4458,-118.2,792.5,78.2666666666667
"2024",34.4477,-119.2275,227.1,70.9
"2024",34.4614,-119.6481,457.2,71.1333333333333
"2024",34.4806,-118.7556,347.5,75.5666666666667
"2024",34.4908,-119.5069,688.8,77.8666666666667
"2024",34.5025,-117.8969,945.2,84.2333333333333
"2024",34.5358,-119.7833,310.9,74.6333333333333
"2024",34.5431,-119.1842,1015.3,69.7
"2024",34.5686,-118.7403,1255.8,77.3333333333333
"2024",34.58223,-119.98159,240.5,72.4333333333333
"2024",34.5883,-118.0938,796.1,84.4
"2024",34.5958,-118.5786,1502.7,80.3666666666667
"2024",34.62944,-118.08309,764.7,83.9333333333333
"2024",34.6344,-117.5503,877.8,82.4333333333333
"2024",34.6538,-120.4513,22.9,62.1666666666667
"2024",34.66667,-120.46667,26.8,62.1
"2024",34.6819,-119.3539,1118.6,76
"2024",34.6847,-117.8208,789.4,82.5333333333333
"2024",34.705,-118.4297,932.7,80.9
"2024",34.7325,-118.3833,841.2,83.3
"2024",34.7331,-120.0067,975.4,78.4333333333333
"2024",34.74121,-118.21255,712.6,83.6333333333333
"2024",34.74361,-118.72528,1374.6,77.4
"2024",34.7586,-120.4861,320,61.6333333333333
"2024",34.76783,-114.61842,270.6,99.4
"2024",34.8083,-119.0125,1493.5,66.8
"2024",34.85371,-116.78702,584.8,91.1666666666667
"2024",34.8927,-117.0219,676.7,87.9666666666667
"2024",34.89403,-120.45216,74.2,62.9333333333333
"2024",34.9455,-119.6827,658.4,77.0666666666667
"2024",34.988,-120.3211,177.4,67.0333333333333
"2024",35.0964,-119.7728,759,82.2333333333333
"2024",35.1231,-115.4114,1649.9,78.4
"2024",35.1542,-117.1756,987.6,85.2666666666667
"2024",35.1889,-120.0833,1149.1,78.1
"2024",35.23815,-120.64406,55.8,69.4666666666667
"2024",35.3056,-120.6619,93.9,66.6
"2024",35.37,-117.5683,1103.4,85.0333333333333
"2024",35.3811,-120.1875,496.8,75.4
"2024",35.4186,-119.0508,143.3,84.5666666666667
"2024",35.43424,-119.05524,149.3,86.1666666666667
"2024",35.4783,-117.6989,1338.1,83.9
"2024",35.4867,-119.1458,123.1,82.1
"2024",35.5317,-118.6303,718.1,82.0666666666667
"2024",35.5892,-119.352,88.7,80.95
"2024",35.6277,-120.6855,222.5,74.4
"2024",35.6564,-120.9242,303,73.9666666666667
"2024",35.6647,-118.0569,1698.3,77.3
"2024",35.66936,-120.62918,249.8,74.9333333333333
"2024",35.6841,-121.1683,465.1,71.1333333333333
"2024",35.686254,-117.690911,680,88.7666666666667
"2024",35.7217,-118.4989,960.1,79.3666666666667
"2024",35.7636,-117.3908,516.6,91.9666666666667
"2024",35.7706,-115.9092,1524,83.5
"2024",35.8644,-120.8031,163.7,76.1666666666667
"2024",35.8717,-117.9183,1264.9,87.6
"2024",35.8842,-118.0517,2507.9,66.5333333333333
"2024",35.8889,-118.6333,1133.9,75.8666666666667
"2024",35.8922,-118.915,64,81.7
"2024",35.8989,-120.4319,467.9,76.5
"2024",35.9717,-118.545,1432.6,69.7
"2024",36.0067,-119.96,73.2,81.5
"2024",36.0117,-121.2417,335.3,76.5666666666667
"2024",36.0333,-120.0569,246.9,85.8666666666667
"2024",36.0931,-118.2603,2499.4,63.4333333333333
"2024",36.0975,-119.5817,61,82.9666666666667
"2024",36.1753,-118.7017,987.6,80.1
"2024",36.2032,-119.0545,132.6,82
"2024",36.2069,-121.1377,97.5,70.2333333333333
"2024",36.23,-121.4917,298.7,74.9
"2024",36.2314,-118.8689,586.1,84.8
"2024",36.2356,-121.785,137.2,64.8666666666667
"2024",36.2472,-121.7802,61,65.0666666666667
"2024",36.3114,-119.62319,76,83.7
"2024",36.3158,-119.637,72.2,83.9666666666667
"2024",36.32833,-119.2997,92.4,83.5
"2024",36.3478,-120.5978,1524,74.3
"2024",36.3642,-120.1561,86.9,82.7333333333333
"2024",36.3817,-119.0264,156.4,82.5333333333333
"2024",36.3825,-120.8558,1137.8,78.3333333333333
"2024",36.3886,-121.5517,574.5,72.1333333333333
"2024",36.4108,-118.8092,1966,70.0666666666667
"2024",36.445,-118.7033,1597.2,76.2
"2024",36.46263,-116.8672,-59.1,104.533333333333
"2024",36.4708,-121.1472,402.9,76.7
"2024",36.4819,-121.1822,398.4,73.8
"2024",36.5625,-117.4736,2097,71.8666666666667
"2024",36.5672,-118.9556,1240.2,78.7333333333333
"2024",36.59041,-121.84881,48.8,60.4333333333333
"2024",36.5927,-121.8555,37.2,59.6666666666667
"2024",36.602,-117.1449,25.6,103.2
"2024",36.66352,-121.60928,22.3,63.5333333333333
"2024",36.6853,-119,1237.5,73.5
"2024",36.7242,-118.9425,2298.2,66.6333333333333
"2024",36.7269,-120.7658,619.4,83
"2024",36.73751,-118.96197,2005.6,65.7333333333333
"2024",36.7672,-119.7092,103,85.5
"2024",36.77999,-119.72016,101.9,85.4
"2024",36.7878,-118.6561,1438.7,70.7333333333333
"2024",36.8422,-121.3622,123.1,69.7333333333333
"2024",36.8425,-118.2594,1479.8,82.2333333333333
"2024",36.8483,-121.4213,83.8,68.4
"2024",36.8839,-119.4658,280.4,86.5
"2024",36.9111,-119.305,469.4,83.4
"2024",36.9308,-121.7691,29,63.0666666666667
"2024",36.93936,-121.79001,49.5,63.1333333333333
"2024",36.9614,-119.175,1538.6,78.95
"2024",36.98505,-120.11068,76.6,81.5333333333333
"2024",36.9911,-121.7978,137.2,66.8
"2024",36.99574,-119.70691,131.1,81.4666666666667
"2024",37.0153,-119.5678,366.1,79.2
"2024",37.0544,-119.3711,1249.7,78.3333333333333
"2024",37.0547,-121.0531,106.7,81.1666666666667
"2024",37.0563,-120.8666,36.6,80.5333333333333
"2024",37.0664,-119.0394,1727.6,63.9
"2024",37.08689,-122.08221,132.6,66.5
"2024",37.1317,-122.17,801.6,73.7333333333333
"2024",37.135,-119.2561,1751.4,66.3666666666667
"2024",37.1822,-120.7939,19.8,78.6333333333333
"2024",37.2028,-121.9428,609.6,73.2666666666667
"2024",37.2319,-119.5083,963.2,80.7666666666667
"2024",37.2321,-118.5994,2581.7,61.5666666666667
"2024",37.2331,-119.5047,829.1,81.1666666666667
"2024",37.2381,-120.8825,23.8,76.1
"2024",37.2811,-121.0177,27.4,83.8
"2024",37.28597,-120.51788,46.5,81.4666666666667
"2024",37.2888,-120.5158,46.9,79.3666666666667
"2024",37.3053,-122.255,265.8,64.6666666666667
"2024",37.3133,-122.185,691.9,74.3666666666667
"2024",37.3147,-119.0383,2256.4,66.4333333333333
"2024",37.3292,-121.2939,563.9,80.7666666666667
"2024",37.34336,-121.63473,1286.3,72.6333333333333
"2024",37.34972,-121.90333,20.4,71.4
"2024",37.353,-120.1623,128,83.5333333333333
"2024",37.3581,-122.1472,196.6,70.3
"2024",37.35938,-121.92444,15,72.7666666666667
"2024",37.37081,-118.36729,1251.5,77.8
"2024",37.37114,-118.35886,1252.8,78.4666666666667
"2024",37.3761,-119.1783,2748.7,62.1666666666667
"2024",37.39,-118.5506,1414.3,81.2333333333333
"2024",37.4094,-119.7681,937.9,83.4333333333333
"2024",37.4431,-121.7706,629.7,73.3666666666667
"2024",37.4681,-120.1106,365.8,83.1
"2024",37.4725,-122.4433,8.2,57.2666666666667
"2024",37.475,-122.2981,196.3,68.4333333333333
"2024",37.4767,-122.2386,9.4,69.3666666666667
"2024",37.5019,-121.7355,932.7,74.2666666666667
"2024",37.50193,-120.84566,31.4,80.3333333333333
"2024",37.5042,-119.9869,680,79.2
"2024",37.5122,-119.6331,1538.3,67.2666666666667
"2024",37.5422,-122.0158,11.6,66.9666666666667
"2024",37.5436,-119.8386,1188.7,77.1
"2024",37.5514,-118.6672,2145.8,67.6666666666667
"2024",37.5531,-121.8439,374.9,76.4666666666667
"2024",37.5625,-122.4364,327.7,62.2
"2024",37.61962,-122.36562,3.2,62.6333333333333
"2024",37.62544,-120.95492,26.5,81.2
"2024",37.64366,-120.00257,26.8,79
"2024",37.65886,-122.12116,9.6,68.7666666666667
"2024",37.6819,-121.3466,41.1,77.2666666666667
"2024",37.68194,-121.75139,161.2,74.7
"2024",37.69309,-121.8149,119.7,74.1666666666667
"2024",37.7178,-122.23301,1.5,65.8666666666667
"2024",37.728,-122.5052,2.4,56.6
"2024",37.745,-118.9833,2316.5,61.8333333333333
"2024",37.7592,-119.8208,2017.8,68.5666666666667
"2024",37.7617,-119.8247,2025.1,69.6333333333333
"2024",37.7705,-122.4269,45.7,61.0666666666667
"2024",37.7861,-122.1447,333.8,66.4666666666667
"2024",37.79589,-121.58319,18.6,80.4
"2024",37.7983,-122.2642,9.1,65.3333333333333
"2024",37.8172,-121.7789,621.8,76.7666666666667
"2024",37.8331,-120.5,310.9,81.0666666666667
"2024",37.8339,-122.0669,536.4,73.1333333333333
"2024",37.8431,-118.4778,1661.2,73.2
"2024",37.8444,-120.2258,853.4,72.45
"2024",37.8511,-119.65,2446,58
"2024",37.865,-122.2208,427.6,65.9666666666667
"2024",37.8769,-119.3436,2649.9,55.6333333333333
"2024",37.8792,-121.9303,661.4,72.5333333333333
"2024",37.88997,-121.22637,8.3,79.5333333333333
"2024",37.9191,-122.3772,6.1,64.9
"2024",37.9442,-122.1178,442,71.4
"2024",37.95,-121.8844,487.7,75.2333333333333
"2024",37.9566,-122.5447,44.2,69.3666666666667
"2024",37.9567,-119.1194,2071.7,69.5666666666667
"2024",37.9613,-119.783,1179.6,73.0666666666667
"2024",37.9672,-120.3872,510.5,74.15
"2024",37.9747,-119.9161,1452.4,70.5
"2024",37.9906,-122.6447,426.7,71.1666666666667
"2024",37.99165,-122.05268,7,75.1666666666667
"2024",37.9983,-122.5372,36.6,69.6666666666667
"2024",38.0047,-120.4863,292.6,82.3333333333333
"2024",38.0281,-122.7022,378,66
"2024",38.0394,-122.57,457.2,69.3666666666667
"2024",38.0631,-120.2469,1503.6,77
"2024",38.07,-119.23,2878.8,59.9
"2024",38.1,-122.1869,103.9,72.0333333333333
"2024",38.19127,-120.67075,335.3,77.8333333333333
"2024",38.2075,-122.28041,4.7,67.3333333333333
"2024",38.2577,-122.6077,6.1,68.1
"2024",38.2719,-119.2892,2026.9,67.6333333333333
"2024",38.2736,-122.0677,12.2,76.7
"2024",38.2777,-122.2647,10.7,71.2
"2024",38.28,-119.61,2931.3,56.4333333333333
"2024",38.2994,-122.4622,29.6,71.4666666666667
"2024",38.3,-119.55,2194,61.6666666666667
"2024",38.31,-119.6,2690.5,59.1
"2024",38.3208,-123.0747,19.2,56.6
"2024",38.37753,-121.95854,31.7,78.4666666666667
"2024",38.3894,-120.6511,902.2,80.9666666666667
"2024",38.4,-119.54,2838.6,58.6666666666667
"2024",38.4305,-122.8647,61,67.7
"2024",38.44,-119.37,2814.2,57.9666666666667
"2024",38.45579,-122.71335,50.6,71.35
"2024",38.4786,-122.7119,175.6,69.0666666666667
"2024",38.4883,-120.325,1524,75.9
"2024",38.4916,-122.1241,146.3,75.4666666666667
"2024",38.492,-122.0039,57,80.3
"2024",38.50369,-122.81101,36.2,69.6666666666667
"2024",38.50659,-121.49604,5.9,77.3333333333333
"2024",38.51,-119.63,2357.9,58.0333333333333
"2024",38.515,-123.2447,34.1,58.2
"2024",38.5252,-121.9777,41.1,79.5
"2024",38.5349,-121.7761,18.3,78.2333333333333
"2024",38.55,-119.8,2671.6,59.7333333333333
"2024",38.5552,-121.4183,11.6,80.2666666666667
"2024",38.5653,-119.4592,1658.1,75.6666666666667
"2024",38.573,-122.4405,522.7,70.6666666666667
"2024",38.57682,-122.57811,106.7,73.2
"2024",38.5908,-120.9336,275.8,79.3333333333333
"2024",38.61,-119.92,2455.8,58.9333333333333
"2024",38.62935,-122.86646,53.9,72
"2024",38.67,-119.82,1863.9,68.2666666666667
"2024",38.67,-119.61,2532.9,60.7666666666667
"2024",38.68,-119.96,2443.6,62
"2024",38.6829,-121.794,20.4,79.3666666666667
"2024",38.6833,-119.7667,1676.7,69.6666666666667
"2024",38.69,-119.99,2546,58.4
"2024",38.70069,-121.59479,7.5,79.7666666666667
"2024",38.72,-119.89,2477.7,55.1
"2024",38.7333,-120.245,1597.2,69.9
"2024",38.7383,-122.1447,107.9,81.4666666666667
"2024",38.7817,-122.9169,609.6,74.4
"2024",38.7852,-120.7419,810.2,75.2
"2024",38.79296,-123.0263,121.9,74.1
"2024",38.8325,-121.0086,365.8,75.6
"2024",38.84,-119.89,2608.2,60.3666666666667
"2024",38.85,-120.08,2337.8,62.4
"2024",38.85,-119.94,2370.1,57.3
"2024",38.8619,-122.4172,670.6,77.0333333333333
"2024",38.8825,-121.2683,61,80.5666666666667
"2024",38.89838,-119.99617,1907,61.4666666666667
"2024",38.9056,-120.6972,1426.5,77.2
"2024",38.9119,-122.7064,659.3,79.4
"2024",38.92,-119.92,2615.8,57.3333333333333
"2024",38.93,-120.05,1900.7,60.5
"2024",38.9875,-123.3486,196.3,70.0333333333333
"2024",39,-120.13,2343.6,63.5333333333333
"2024",39.0189,-122.4119,635.5,80.9666666666667
"2024",39.0308,-123.0806,817.5,76.6333333333333
"2024",39.06,-120.1292,1924.8,58.8
"2024",39.0717,-120.4217,1597.2,71.7
"2024",39.0901,-120.947,723.3,77.2
"2024",39.0914,-120.7317,1327.4,75.0666666666667
"2024",39.10205,-121.56884,18.9,80.7333333333333
"2024",39.1258,-123.0736,975.4,74.5333333333333
"2024",39.12781,-123.20015,183.7,76.9
"2024",39.14,-120.22,2028.4,59.3666666666667
"2024",39.1439,-120.5089,2164.1,67.6666666666667
"2024",39.1678,-120.1428,1898.9,61.3666666666667
"2024",39.17,-120.15,2071.7,63.1333333333333
"2024",39.1836,-120.8847,861.4,77.0666666666667
"2024",39.1875,-122.0269,15.2,72.6
"2024",39.19,-120.26,2447.2,60.7
"2024",39.2041,-121.068,731.5,74.5
"2024",39.2083,-122.8083,1475.2,72.5
"2024",39.2466,-121.0008,847.6,75.5
"2024",39.27617,-120.70927,1611.2,70.9333333333333
"2024",39.3,-120.18,1983.9,65.9333333333333
"2024",39.3036,-121.1172,599.8,80.3333333333333
"2024",39.3167,-120.8375,1316.7,76.2666666666667
"2024",39.318,-120.145,1798.3,62.1666666666667
"2024",39.33,-120.37,2089.4,62.9333333333333
"2024",39.3528,-123.6011,180.7,65.8
"2024",39.3619,-123.1286,310.3,74.6333333333333
"2024",39.3669,-122.575,365.8,76.4
"2024",39.3886,-120.0936,1699.3,63.5
"2024",39.3975,-121.3861,244.8,80.3666666666667
"2024",39.4172,-122.1825,36.6,79.3333333333333
"2024",39.425,-122.9772,540.4,73.2333333333333
"2024",39.43,-120.31,2545.7,61.4666666666667
"2024",39.45,-120.29,2134.5,60.3
"2024",39.475,-121.2025,1132,76.1333333333333
"2024",39.4833,-120.075,2093.1,64.9
"2024",39.49,-120.28,1967.8,59.9666666666667
"2024",39.4943,-121.62226,56.9,82.5
"2024",39.51,-123.75639,37.5,56.9333333333333
"2024",39.5177,-121.553,52.1,87
"2024",39.5214,-120.0269,1654.8,67
"2024",39.52316,-122.3048,71.3,81.7666666666667
"2024",39.5619,-120.0478,1821.5,66.6
"2024",39.5633,-120.8238,888.5,71.0333333333333
"2024",39.5861,-122.5341,243.8,78.5666666666667
"2024",39.6375,-120.8653,2033,68.3
"2024",39.6514,-122.7236,1310.6,75.0666666666667
"2024",39.6681,-123.3211,740.1,73.1
"2024",39.7022,-123.485,554.7,73.0333333333333
"2024",39.7358,-121.4889,759,78.7333333333333
"2024",39.7458,-122.1997,77.4,81.2666666666667
"2024",39.8053,-120.4719,1478.3,65.5666666666667
"2024",39.8075,-122.945,1652,69.2
"2024",39.8333,-123.0833,457.2,75.6333333333333
"2024",39.8644,-122.6097,317,84.9
"2024",39.8717,-121.7689,528.2,79
"2024",39.9278,-122.6569,1131.7,77.2
"2024",39.9366,-120.9475,1042.4,70.9333333333333
"2024",39.9389,-122.1697,89.6,81.6333333333333
"2024",39.9733,-120.9419,1066.8,71.7333333333333
"2024",40.0017,-120.915,1377.7,74.5333333333333
"2024",40.0222,-120.1056,1292.4,73.9666666666667
"2024",40.0686,-121.5825,1466.7,73.5333333333333
"2024",40.1383,-123.8236,135.9,69.7333333333333
"2024",40.15186,-122.25478,108,83.0666666666667
"2024",40.1867,-123.5903,281.3,71.4
"2024",40.2461,-120.6422,1737.4,68.6
"2024",40.2506,-123.3158,832.7,69.6
"2024",40.2569,-124.2661,899.2,66.3
"2024",40.295,-122.8667,1066.8,75.4333333333333
"2024",40.30209,-121.24391,1387.1,72.9
"2024",40.3067,-120.9,1767.8,69.3666666666667
"2024",40.3375,-123.0656,1378.8,72.2
"2024",40.3442,-121.7136,1267.7,76.8666666666667
"2024",40.3458,-121.6091,1485.9,59.4
"2024",40.3983,-122.8333,579.1,79.7666666666667
"2024",40.4167,-120.6631,1283.8,71.75
"2024",40.4633,-123.5239,845.8,69.2333333333333
"2024",40.4808,-120.1139,1339.6,69.1666666666667
"2024",40.4833,-124.1038,41.5,63.1
"2024",40.505,-123.3417,1219.2,70.7666666666667
"2024",40.51462,-122.29773,152.6,84.3666666666667
"2024",40.5158,-122.2906,152.4,83.0666666666667
"2024",40.54,-121.5803,1725.2,62.9666666666667
"2024",40.55,-123.165,708.1,71
"2024",40.5981,-121.0831,1722.1,60.8
"2024",40.6116,-122.528,394.7,83.4666666666667
"2024",40.6194,-121.8994,736.7,79.4333333333333
"2024",40.6306,-120.5028,1554.5,67.6
"2024",40.6507,-122.6068,432.2,80.1
"2024",40.7141,-122.4161,327.7,80.3
"2024",40.7219,-123.4953,792.5,72.8
"2024",40.7263,-122.7947,567.2,75.7666666666667
"2024",40.7308,-120.3164,1614.8,68.5333333333333
"2024",40.7333,-123.2333,457.2,77.8333333333333
"2024",40.7586,-120.8961,1889.8,64.9666666666667
"2024",40.7817,-120.7844,1877,65.9333333333333
"2024",40.7864,-122.8045,1008.3,74.3666666666667
"2024",40.8072,-121.2967,1752.6,69.6666666666667
"2024",40.8097,-124.1602,6.1,57.7666666666667
"2024",40.8892,-123.1422,1432.6,73.6
"2024",40.9167,-122.4383,1280.2,78.7333333333333
"2024",40.9258,-121.5856,1130.8,74.9666666666667
"2024",40.9316,-121.5433,919,69.45
"2024",40.97844,-124.10479,64.5,57.5
"2024",41.0064,-121.9833,518.2,78.6333333333333
"2024",41.0478,-123.6714,114.3,72.4333333333333
"2024",41.0547,-120.3375,1711.5,66.0333333333333
"2024",41.075,-122.3733,731.5,78.4
"2024",41.0975,-123.6358,1088.1,69.2
"2024",41.1383,-123.9056,804.7,65.1
"2024",41.1831,-122.28167,661.1,72.2333333333333
"2024",41.24,-120.79,1886.7,59.3666666666667
"2024",41.25171,-122.13827,985.4,76.4
"2024",41.2694,-123.1875,1815.4,66.7666666666667
"2024",41.2706,-120.29845,1621.2,66.4333333333333
"2024",41.2769,-121.9794,975.4,64.8333333333333
"2024",41.2897,-123.8575,150.9,70.5666666666667
"2024",41.2944,-120.8639,1463,70.8333333333333
"2024",41.295,-120.3133,1889.8,65.3
"2024",41.3003,-123.1322,668.1,75.6666666666667
"2024",41.30206,-123.53851,122.8,74.5333333333333
"2024",41.3075,-122.7958,955.9,74.2
"2024",41.314893,-122.317127,1083,70.3
"2024",41.3156,-122.3156,0,69.4666666666667
"2024",41.32175,-122.31725,1101.2,69.5
"2024",41.3322,-120.4725,1332.6,69.9666666666667
"2024",41.39,-123.4958,280.4,75.4
"2024",41.4272,-121.4639,1602.6,70.4666666666667
"2024",41.4789,-122.4539,893.1,73.8
"2024",41.48362,-120.5615,1335.9,67.1
"2024",41.53,-120.6714,1530.7,69.8666666666667
"2024",41.5301,-120.1791,1428.9,68.7666666666667
"2024",41.58,-120.3,2142.7,64.8
"2024",41.5992,-122.9336,1287.8,74.2333333333333
"2024",41.6294,-121.2981,1511.8,71
"2024",41.6431,-121.7939,1502.1,69.0666666666667
"2024",41.6853,-122.5942,914.4,75.7
"2024",41.70237,-122.64169,826.6,70.8666666666667
"2024",41.71171,-121.5067,1455.4,69.95
"2024",41.7358,-123.7917,1615.4,65.0333333333333
"2024",41.7417,-121.5383,1453.9,70.8
"2024",41.77373,-122.46825,806.1,73.3333333333333
"2024",41.775,-122.9503,1674.3,68.2
"2024",41.78361,-124.23796,17,56.9666666666667
"2024",41.7861,-122.0056,1645.9,69.0333333333333
"2024",41.8386,-122.85,591.3,75.6
"2024",41.8586,-123.3525,1423.4,71.0666666666667
"2024",41.8715,-120.1574,1444.4,69.2666666666667
"2024",41.89,-120.75,1575.8,64.5333333333333
"2024",41.95999,-121.47449,1230.8,67
"2024",41.99,-120.72,1731.3,64.7333333333333
"2024",41.99,-120.18,2243.3,57.9666666666667
"2024",41.9919,-123.6036,1210.1,67.6
"2024",41.9992,-121.7003,1249.1,66.35
